split,filename,n_boxes,class_ids,primary_class,yolo_valid,width,height,aspect_ratio,format,readable,is_near_grayscale,md5
train,image_0_png.rf.cfe516e67ab27db4638d2ffad7553a0e.jpg,1,1,1,True,640,515,1.2427,JPEG,True,False,a52624ec429efb3df1a8f118d564804e
train,image_100_png.rf.6414f78f81b104a2eef6d200682cbdc0.jpg,1,0,0,True,640,426,1.5023,JPEG,True,False,e110e3a35b189ab9714e6f97ad4f57f5
train,image_101_png.rf.df06e3298dc4cd7387ef34a3f989ba65.jpg,1,1,1,True,622,640,0.9719,JPEG,True,False,a79aae687b654ceaf3706b433c9de2d8
train,image_102_png.rf.92b2170aab575ce4d75823ee3e8bbd75.jpg,1,0,0,True,640,431,1.4849,JPEG,True,False,6cc35f92813d40f135114f9b840f1f99
train,image_103_png.rf.3e24052b226bde505531dcb747dbdea8.jpg,1,1,1,True,640,359,1.7827,JPEG,True,False,9690ced1b40f98490acfc8e4a0abc2a3
train,image_103_png.rf.fddc04fae1f8911e2c940b9808a7dad1.jpg,1,0,0,True,640,464,1.3793,JPEG,True,False,1376c46f3cc03e7a2659fd7dfc88aa91
train,image_104_png.rf.7aa747bca69750e74ae0cc4670019882.jpg,1,1,1,True,640,548,1.1679,JPEG,True,False,3f995e811d0c4b62499e5db2b6447b48
train,image_104_png.rf.fa51de473ab8048fac6db5116cecdf23.jpg,1,0,0,True,640,442,1.448,JPEG,True,False,2e6b7e8cee9c3a7e4fe392569a2eb7c8
train,image_105_png.rf.94811ef060c6b9a99c8eb40e59492120.jpg,1,1,1,True,640,265,2.4151,JPEG,True,False,61cd1558288d32b21f6ff6dfaba6a9d8
train,image_105_png.rf.f73ed3c5d6424dad52fe78fc6a7e5f0e.jpg,1,0,0,True,640,426,1.5023,JPEG,True,False,36dc6d826de52c80908270d9d2bcb85a
train,image_106_png.rf.5a596ab4dc2dd9e3a939ac0f22efdbd6.jpg,1,1,1,True,640,524,1.2214,JPEG,True,False,e00b91f95de584a71c7a12e4d10bbe86
train,image_106_png.rf.cc24d364786873aa08532327c685b1da.jpg,1,0,0,True,640,427,1.4988,JPEG,True,False,c0236a810bb74888f0cd0f7ed045cd8e
train,image_107_png.rf.1437d2e76efd10dfe473c5abf4c66bde.jpg,1,0,0,True,640,426,1.5023,JPEG,True,False,b72658525e7ad7a307603b7fa3594a20
train,image_107_png.rf.697f4ec4b983f1744a8a492d08480c88.jpg,1,1,1,True,640,349,1.8338,JPEG,True,False,9851487adff114d902e3f4e28bb81281
train,image_108_png.rf.10bb0aca602319eb8f56618606f181ec.jpg,1,1,1,True,640,391,1.6368,JPEG,True,False,5ce828ca005e648218ee5fc4feca03b3
train,image_109_png.rf.2a1f3bf4102fe707e2ef46c1e3f467bb.jpg,1,0,0,True,640,427,1.4988,JPEG,True,False,4de72670584a2d5a181c3700a96feab4
train,image_10_png.rf.a25398ec847dc8eb4214b7ad355baa58.jpg,1,0,0,True,640,416,1.5385,JPEG,True,False,7e2f68321cc72ec8eaacd610a566a8ca
train,image_110_png.rf.a3eb562f7e730910d6676ab294b2d0d0.jpg,1,1,1,True,640,375,1.7067,JPEG,True,False,60085ec9d094afbb89b15b4fcf5317b9
train,image_111_png.rf.909f04a4a4d237b809610ff09d38788b.jpg,1,1,1,True,640,503,1.2724,JPEG,True,False,0c57def109b252dcffcda334fd6d5359
train,image_112_png.rf.9c2fcddedd0e88fafef5ec78d47cc7b9.jpg,1,0,0,True,640,358,1.7877,JPEG,True,False,cdc91a17c0c4146084545e4793d211b5
train,image_113_png.rf.2fbce62f954d62e40fec26d0b9f4f00a.jpg,1,0,0,True,640,426,1.5023,JPEG,True,False,a1c30286740edad7aa3f78b3f1a566d3
train,image_113_png.rf.78403fae0644934d17a7c6a964544963.jpg,1,1,1,True,640,426,1.5023,JPEG,True,False,375b6f11d0f87ed8f8f4c1f0480ca625
train,image_114_png.rf.106b26124e2df6397fa3974c9e684dec.jpg,1,1,1,True,640,565,1.1327,JPEG,True,False,e4d048cb31eebf39399fbe310a26a664
train,image_114_png.rf.7c855de55ce9b358e951cc91c6690e44.jpg,1,0,0,True,640,426,1.5023,JPEG,True,False,a0b152e3945377e884cda753772c0efb
train,image_116_png.rf.58c02b128a081489a99f5015f9e1345c.jpg,1,0,0,True,640,261,2.4521,JPEG,True,False,9eb240c2597f640da4074abdc6d45f8b
train,image_117_png.rf.c28999b35e0ab718fd168d06a96d19c6.jpg,1,1,1,True,640,516,1.2403,JPEG,True,False,d0e2ae8511b5dade2a99049188b49daf
train,image_118_png.rf.e95a94fa0c3a7b427f7eb32628777994.jpg,1,0,0,True,640,420,1.5238,JPEG,True,False,80b4b0e6c32f2b23224d56ef0b642079
train,image_119_png.rf.03e2e2ccee9892ae3c2b063d1fcc48ce.jpg,1,1,1,True,640,483,1.3251,JPEG,True,False,71a3ededd4152331d1bda12adeada217
train,image_119_png.rf.a2963cc840569dda3cd783851197b78d.jpg,1,0,0,True,640,413,1.5496,JPEG,True,False,78734b22d420c5641afce4dff14cdcfd
train,image_11_png.rf.a9625aa066b886f894f8ef2edab2e6a6.jpg,1,1,1,True,640,351,1.8234,JPEG,True,False,faeec03b2eb0634ff404f44be84c5810
train,image_120_png.rf.5405df10a894f87658ba37fdaf6aeed1.jpg,1,0,0,True,640,426,1.5023,JPEG,True,False,9c2672fc3d49f8d0b5727483bf855b1d
train,image_121_png.rf.5ca8207a07b80462b0f55ccb05c91664.jpg,1,1,1,True,640,549,1.1658,JPEG,True,False,e015a385a44221baff5eecc198462566
train,image_123_png.rf.9f98991f6bd5de0e1a5de79d139587a2.jpg,1,1,1,True,503,640,0.7859,JPEG,True,False,b7f2c40cd6dc26bc528ca0f0f254ce57
train,image_124_png.rf.193fc1c0d4e997aba886c92f552bbcf7.jpg,1,0,0,True,640,263,2.4335,JPEG,True,False,b2070b72f376a3a27ac6568419aa4810
train,image_124_png.rf.94beb18f7ea81b8a42428844ee5e4ad3.jpg,1,1,1,True,640,360,1.7778,JPEG,True,False,776a144a23bc070fb1979793712529af
train,image_125_png.rf.f60105eb451b910bf2b3b86bcd6a32b0.jpg,1,0,0,True,640,439,1.4579,JPEG,True,False,ead98ecdc1a62aff2137e3af1cb2178f
train,image_126_png.rf.669b33c4657075c8e9f322890dcfed56.jpg,1,1,1,True,640,426,1.5023,JPEG,True,False,39d25965a0cafc64e2d94a7a26950533
train,image_126_png.rf.a7637407803e83b1e9e9e4021a76c646.jpg,1,0,0,True,640,336,1.9048,JPEG,True,False,7b3ce58cb79d6c4372d4ece6fb9fdde2
train,image_127_png.rf.5ff6bb2081ff5b88cb4901e0d51a6efe.jpg,2,0 0,0,True,640,478,1.3389,JPEG,True,False,839f865fe3cf7040912a919dcc048003
train,image_129_png.rf.26ae0cd4cc48a5180c740d0cfe12afad.jpg,1,1,1,True,640,486,1.3169,JPEG,True,False,d70bef654e055ee572a18613fa85f168
train,image_12_png.rf.9460ff5a201f328d455dc1437bdacff7.jpg,1,1,1,True,640,465,1.3763,JPEG,True,False,0dee45ae088d066f276d37a180fb906d
train,image_12_png.rf.ad1ff208e6df53a3b2eb6f25567bd673.jpg,1,0,0,True,640,435,1.4713,JPEG,True,False,39704dd5dbec6bd636089038958e2632
train,image_131_png.rf.befc5b95c008d5f5e6018ee5889a8ba7.jpg,1,0,0,True,640,426,1.5023,JPEG,True,True,8b2a155ccd14c4151e4d9dbfd3fce320
train,image_132_png.rf.b1c48535e6362e8d4a29a8813b334643.jpg,1,1,1,True,640,380,1.6842,JPEG,True,False,a15e0414dfde2a538b973459e76f04b2
train,image_134_png.rf.54fea656c50ccb442a5403417db47fe2.jpg,1,0,0,True,640,367,1.7439,JPEG,True,False,7ef754487b0bd8c48eeb301a69c115ce
train,image_135_png.rf.9fe8e36ade179f5a43248fb382631862.jpg,1,0,0,True,640,434,1.4747,JPEG,True,False,7b4ddc6f74a9651d447c2ed4947ca15d
train,image_136_png.rf.55ec9909c52cdf9351c56d94706fbaf2.jpg,1,0,0,True,640,640,1.0,JPEG,True,False,66419dc3dfae0ad9bddbd77ba966d82b
train,image_139_png.rf.566ff8b5bfe5c8b581c1340f4497bb61.jpg,1,1,1,True,640,469,1.3646,JPEG,True,False,561fdb0ad38e8fc3526a83c04e6cb168
train,image_139_png.rf.aca2c96485962a7779c19d9d59db0b4e.jpg,1,0,0,True,640,640,1.0,JPEG,True,False,fb2f221f539991c6ce9c60e79a5946f7
train,image_13_png.rf.d344be2653ea5d9d443340c874f7fdf1.jpg,1,0,0,True,640,426,1.5023,JPEG,True,False,c764384685938b3f97441f9a588a8366
train,image_140_png.rf.0a1925cc930ba7b200784f176e3c23a8.jpg,1,0,0,True,640,426,1.5023,JPEG,True,False,ff575298b53cbeaad65b460bc09514f6
train,image_141_png.rf.1a8e74c3f91acbb7f66c5318e2a8d667.jpg,1,1,1,True,640,480,1.3333,JPEG,True,False,ce2fdc211c50fbe8754e3c3fad06504a
train,image_142_png.rf.4c629ec9c98d680dcb85b44e2c483e4f.jpg,1,1,1,True,640,380,1.6842,JPEG,True,False,5cd7b15ae219a72cee29890567bcb423
train,image_142_png.rf.940ce402c2b2229d66bd7a1e06d81280.jpg,1,0,0,True,640,386,1.658,JPEG,True,False,a5c5cb191b4f99db2b2a2445ad401557
train,image_143_png.rf.5e732ac25a5472f24b681510198a82ec.jpg,1,0,0,True,640,476,1.3445,JPEG,True,False,182727dc0147a71855982ae4300ca8a8
train,image_143_png.rf.a0a314a168251749e648d9e77c85c96c.jpg,1,1,1,True,640,425,1.5059,JPEG,True,False,920d2c615b4d478e4dbfaa88d1bfa7ff
train,image_144_png.rf.b0dec047404a50b4e07f0b801646830f.jpg,1,0,0,True,640,259,2.471,JPEG,True,False,9affb31bc831062165053a191e502053
train,image_146_png.rf.e0b14b57d961d3905afd31514430a782.jpg,1,0,0,True,640,360,1.7778,JPEG,True,False,aa5fad69f09d6b581df5477e3e6cc56f
train,image_149_png.rf.e2482219c7c3c5c02b602178fad70b0a.jpg,1,0,0,True,640,483,1.3251,JPEG,True,False,54f07d9cecabd6c256e25e22ffeb176b
train,image_14_png.rf.22cefba154ab5ffb5c8b364c5e99d92a.jpg,1,0,0,True,640,573,1.1169,JPEG,True,False,7474a32e25dfbcc11286b7960f3b7f36
train,image_152_png.rf.ac8f7a065bd33ccd9e204b0823afd2fa.jpg,1,0,0,True,640,480,1.3333,JPEG,True,False,108a7d4a6d4069329c1be97f02319728
train,image_153_png.rf.f969a18e708a0b576611a40f3ab69da4.jpg,1,0,0,True,640,427,1.4988,JPEG,True,False,0719e727ed1f64c8480166462d02e869
train,image_155_png.rf.e1bd0f2d0a090da312b9719575cb0e2a.jpg,1,0,0,True,640,444,1.4414,JPEG,True,False,0e2fce92bb1248095e7f5a3e032ec927
train,image_157_png.rf.5bb9c06757abc17dbe9d20fd7045e8bb.jpg,1,0,0,True,640,640,1.0,JPEG,True,False,4f2e64a89c9512a90c35b218873c314a
train,image_158_png.rf.df7a69430f5483d6f737af22c345214d.jpg,1,0,0,True,640,335,1.9104,JPEG,True,False,e01831b6cd5a00dddb53c3b9e19381af
train,image_159_png.rf.27dff4771cd4b7a8a21edb297f60411e.jpg,1,1,1,True,640,477,1.3417,JPEG,True,False,b75ad65f12bbd67330aeeb7297ea0e9e
train,image_159_png.rf.40a0ae597f7efba9bd6f48b490284e12.jpg,1,0,0,True,640,426,1.5023,JPEG,True,False,c6fe7dd444c017a08df4f7ab55546c25
train,image_15_png.rf.99ff460ce7b37ff2d9f5dc58c3d1d259.jpg,1,0,0,True,640,331,1.9335,JPEG,True,False,07aa76633af01cc7e5f64dd624612702
train,image_15_png.rf.c626e32faa98bc77890a56d2d009181b.jpg,1,1,1,True,640,345,1.8551,JPEG,True,False,10faa52dc7a826203080b3d79089662a
train,image_161_png.rf.175e6b75a62cc93e0925257c569bb3e5.jpg,1,1,1,True,640,422,1.5166,JPEG,True,False,226c0ec5c11bdeea70a676b4d36da3e6
train,image_162_png.rf.075533800dd7600bfc52ec96477b2a96.jpg,1,0,0,True,640,485,1.3196,JPEG,True,False,027fd87bd8f8258ab1cd53476e1f8c52
train,image_163_png.rf.98b70d97af215314689eccc9c422d25d.jpg,1,1,1,True,640,424,1.5094,JPEG,True,False,9cdbaac397b882ec41edb7bea31a22de
train,image_163_png.rf.ecf81a665ede5031c36872ce83f000cc.jpg,1,0,0,True,640,401,1.596,JPEG,True,False,510cbdd8d562b861613d9e007e1a0888
train,image_164_png.rf.0f3cceb12a591ebb31baa40b565b2895.jpg,1,1,1,True,640,309,2.0712,JPEG,True,False,fa19428c72765e3d584c903e3ab5525d
train,image_166_png.rf.3736a0f8222c380b7713340c4fc4108a.jpg,1,1,1,True,640,281,2.2776,JPEG,True,False,8d0df1cd1266e12ec56e12f0ecb2fd92
train,image_166_png.rf.640e6a316606933b624332ec610995a7.jpg,1,0,0,True,640,395,1.6203,JPEG,True,False,9dbeb5e6971a35a5483b44c57abf9c3a
train,image_167_png.rf.32f7048b4f9f1d676fd03dc5f80424b9.jpg,1,1,1,True,640,427,1.4988,JPEG,True,False,27709f1c4ff81b9c967c83f0348e7136
train,image_168_png.rf.f67c51ca10ee3745909738a1d3deea8d.jpg,1,1,1,True,640,359,1.7827,JPEG,True,False,08b71a151af1c98f038b8c6d11df7d11
train,image_169_png.rf.6057a42f7c004248bf55bedfa7bdeeaf.jpg,1,1,1,True,640,446,1.435,JPEG,True,False,aa2867954e5f035ea10b571ccf46d491
train,image_169_png.rf.67320ca679f4abdc8242f1f2cee74a49.jpg,1,0,0,True,640,426,1.5023,JPEG,True,False,71cd20f77cc8b75e8119ea17b3fbfffe
train,image_16_png.rf.76b3fe3745b561e4995a066a2d62b51a.jpg,1,0,0,True,640,458,1.3974,JPEG,True,False,8c7d71ca62fa103044da49ca467ca580
train,image_170_png.rf.ce94557c6a9c2f942cbb6b11fb389913.jpg,1,1,1,True,640,640,1.0,JPEG,True,False,c8933aa8c173a1585d00c8a14a3b8d21
train,image_171_png.rf.45420e6bc796b68cb443064866089352.jpg,1,0,0,True,640,417,1.5348,JPEG,True,False,c11cb981f84531453cc3439383f7df9e
train,image_171_png.rf.8fecb6f7c4a01e0940cc784b8df98bd9.jpg,1,1,1,True,640,480,1.3333,JPEG,True,False,8b3b4544397af50e0f32e6a9782841bd
train,image_174_png.rf.967a2c89f8f3bf31c2f78c9722e2694e.jpg,1,1,1,True,640,465,1.3763,JPEG,True,False,35f7ba423c885b963ee3d9e647980b45
train,image_175_png.rf.98de96f9d112ae01a714bd783ba3fcd7.jpg,1,0,0,True,640,425,1.5059,JPEG,True,False,e5e2d673bac55520bc476b868c3631f6
train,image_176_png.rf.b8bba99a96438a26657d48a19bc738db.jpg,1,0,0,True,640,640,1.0,JPEG,True,False,ca6077f6e60e7f30f06c77958f1ed208
train,image_177_png.rf.e09b76e8cb5fd45adf5de5a7894b2aa2.jpg,1,0,0,True,640,439,1.4579,JPEG,True,False,a1bea75c1475b6edc3fd7387d7031427
train,image_178_png.rf.86eb5d7fb72a3af3b1b97807ce01daa5.jpg,1,0,0,True,640,384,1.6667,JPEG,True,False,572abb32a722149e0586e340730a4af2
train,image_178_png.rf.d3537f14104c3404da62082e68035d14.jpg,1,1,1,True,640,379,1.6887,JPEG,True,False,d0da218e9db10b9c1aa8d9178b9fa631
train,image_179_png.rf.9c54969d0ce1b0c1a1a336e835998d54.jpg,1,0,0,True,640,542,1.1808,JPEG,True,False,2a01ed442dcc35af0e4b7be47d7af5f7
train,image_179_png.rf.dabbbf9812ba182065bad60ef15687b8.jpg,1,1,1,True,640,572,1.1189,JPEG,True,False,16ef773f7634640d36ba3081fa415da6
train,image_17_png.rf.0277e65c25577afd9cec17f35715fc25.jpg,1,0,0,True,640,395,1.6203,JPEG,True,False,60c66d1d1f35dfdc6846433b6a7e8aa0
train,image_180_png.rf.3a0b427b96f19aa0015edbcde9876181.jpg,1,0,0,True,640,612,1.0458,JPEG,True,False,e26757edfb0cfc7550e3787731f6a8b0
train,image_180_png.rf.85b51c175e53c71bf8fda6570d97f59d.jpg,1,1,1,True,640,360,1.7778,JPEG,True,False,6bda6ed216b55a34f55d98469d7bb40a
train,image_181_png.rf.47398216ceaa547abbdd808c65954e2a.jpg,1,1,1,True,640,411,1.5572,JPEG,True,False,1e9a8ef5b9580b5a6ad4781d26e46cb8
train,image_182_png.rf.3b68635e24e34712edf2bd4a4e7b7a44.jpg,1,1,1,True,640,480,1.3333,JPEG,True,False,07a2cd5f810858ef0fd47c07de181790
train,image_184_png.rf.4d9a5e8305cc3234995fa67a7526cde2.jpg,1,0,0,True,640,426,1.5023,JPEG,True,False,48b693851da8c9464e2a0700bdb8de22
train,image_184_png.rf.ba45c916464f6189b7bd1c82a752a3a3.jpg,1,1,1,True,640,426,1.5023,JPEG,True,False,148900fa88fb621590c4b8cdef9982b5
train,image_185_png.rf.6eb89e3ab89aa024b173393ee04559a1.jpg,1,1,1,True,640,640,1.0,JPEG,True,False,dbeae229b8f9ebea7544965e1d023c48
train,image_185_png.rf.f4012aa568c79a2573d65b38b65c263e.jpg,1,0,0,True,640,416,1.5385,JPEG,True,False,dff8eafebf61df1479c48e333930c380
train,image_186_png.rf.83563b6f7d8be8e668a0740589e79e35.jpg,1,0,0,True,640,448,1.4286,JPEG,True,False,859d9405128c44d2da089a1cc4d0f144
train,image_187_png.rf.0faedb0dbe2c0dae71dbbeaaa21c71fa.jpg,1,1,1,True,640,426,1.5023,JPEG,True,False,9241602822f0d3944c437a77d350d7e5
train,image_187_png.rf.e4f9190bd3f9e36a971b669fa43f7551.jpg,1,0,0,True,640,400,1.6,JPEG,True,False,da4502c6581d98f0a3226073613c5135
train,image_189_png.rf.7b1b3b7c9af694568df87f18699ffdce.jpg,1,1,1,True,495,640,0.7734,JPEG,True,False,6fb39cc4ea11cce7f1c871416df108f1
train,image_18_png.rf.9f605aa6cb88b67d7cdcd3a2372eccca.jpg,1,0,0,True,640,416,1.5385,JPEG,True,False,4b92412ddb50d8efa4a6f6045c7793fa
train,image_18_png.rf.ea11083c1dffae6851fe9726280cefb2.jpg,1,1,1,True,640,317,2.0189,JPEG,True,False,d0dd9c48fbd9c1d8e862b00b1c106f77
train,image_190_png.rf.3d5572b91c3b2524f259eb36043c16cb.jpg,1,1,1,True,640,594,1.0774,JPEG,True,False,0939f4824ba739678b6129de3b00ff3e
train,image_192_png.rf.697c7867f080d0bba031ca7e1bcbfad2.jpg,1,0,0,True,640,424,1.5094,JPEG,True,False,e7c30ac17fa83c403228b5d0b892e8c7
train,image_192_png.rf.f894e688bb24f3b7401b82959667b369.jpg,1,1,1,True,640,426,1.5023,JPEG,True,False,75a29e6dedb76bd89906d7f5318f7d75
train,image_193_png.rf.6bc8192ca2649bc251db8841efee1668.jpg,1,0,0,True,640,426,1.5023,JPEG,True,False,cecb7a7ca04096b1d3d49025256488c5
train,image_194_png.rf.7021de4c740e9ffa324680e9ad177e08.jpg,1,0,0,True,640,426,1.5023,JPEG,True,False,97518cf8d8519fc8e3d5c4298a49fd9f
train,image_194_png.rf.e0ad961afb8f444ce32033ca9e9e5f8b.jpg,1,1,1,True,640,375,1.7067,JPEG,True,False,e235b42ca7d0c544bd21daddc3cb9640
train,image_195_png.rf.275625c0fe312f12b82b1917c48eb616.jpg,1,1,1,True,640,558,1.147,JPEG,True,False,e71fcb592210b9547fc4770a89afa574
train,image_196_png.rf.ad8954dc1cb13661fbb243a081402a78.jpg,1,1,1,True,640,435,1.4713,JPEG,True,False,50f7338b92dc030a38ee790742c2f6aa
train,image_197_png.rf.1498a7af848356e000695a744677272a.jpg,1,1,1,True,640,362,1.768,JPEG,True,False,113ff4c0d1a60d655127f13db74a2c10
train,image_198_png.rf.3e23dd8bbbc8688f9e718eccb3cf1cf6.jpg,1,0,0,True,640,262,2.4427,JPEG,True,False,ebe8ddc6863c5f587e7013fb97c0b0da
train,image_198_png.rf.8695a213f2806a7a56a3780751257388.jpg,1,1,1,True,418,640,0.6531,JPEG,True,False,68ec47d0cfb2722afbbec80fd3a73a01
train,image_199_png.rf.c702a11fd439335b3c71aed36d24d5b1.jpg,1,1,1,True,640,420,1.5238,JPEG,True,False,c0012bc544d528b9a4506aa76b452daf
train,image_19_png.rf.6461757399ef0a1cc4c3558c1ed26de0.jpg,1,1,1,True,640,323,1.9814,JPEG,True,False,9d189c7bf4503004832076bab8c791fe
train,image_1_png.rf.9fdf2813a028a5ff116ade32313cc395.jpg,1,0,0,True,639,477,1.3396,JPEG,True,False,14814c166c327cc41056b96dcb98f186
train,image_1_png.rf.ef3b28b39e14237ea71cd9a0cfaa0de7.jpg,1,1,1,True,418,640,0.6531,JPEG,True,False,af7ecc8fdae2cf106288e748e591e27d
train,image_201_png.rf.2142d2d869648ef8b3e252bda49f2bbe.jpg,1,1,1,True,640,384,1.6667,JPEG,True,False,ba9bd07c721eca2f7e73778ff49b772a
train,image_202_png.rf.bda8449497a7cb7e9d9e711b09af66d2.jpg,1,1,1,True,640,380,1.6842,JPEG,True,False,b6c72225b977ad4324d92aa8b30794fd
train,image_203_png.rf.c5bddb9c4e9046b9ed6c2e50693b92a1.jpg,1,1,1,True,640,453,1.4128,JPEG,True,False,5b2849821c33b948a78b2f37814c85e9
train,image_204_png.rf.af9695937fafeaec6f8ce9783afb5843.jpg,1,1,1,True,602,640,0.9406,JPEG,True,False,8a518f20f6939132c31d07919357a0ff
train,image_207_png.rf.d0316cebefc480d451dba75c61be3005.jpg,1,1,1,True,640,519,1.2331,JPEG,True,False,8083379e63eb9f9492422cf07f983c6a
train,image_208_png.rf.5b9b60f54ee971f84979915579be57be.jpg,1,1,1,True,640,478,1.3389,JPEG,True,False,896913ce83e25fdc9b0146e6e6a0a7ea
train,image_210_png.rf.ecf5d3fcb8d57fb8c75484e627ccd246.jpg,1,0,0,True,640,426,1.5023,JPEG,True,False,cb6b73dd26a5c7118a4a36bdb1790a17
train,image_212_png.rf.cfb81258f8f10baaa89e0c8ee8f37318.jpg,1,1,1,True,640,383,1.671,JPEG,True,False,ca03d06f8ee887c524505546b85f9466
train,image_213_png.rf.591f3769954cf97e63138fc4b240f457.jpg,1,0,0,True,640,338,1.8935,JPEG,True,False,5171b4f46362db26d6f3fdc539b2d67d
train,image_213_png.rf.8cf1449b1fe742a2de1301c95c12d4f7.jpg,1,1,1,True,640,416,1.5385,JPEG,True,False,3bcff5f8f72f4196b94b9f186456ce37
train,image_214_png.rf.f701ad0e162dd87d697bf72bf5e95bf8.jpg,1,1,1,True,640,505,1.2673,JPEG,True,False,bff9f1c50b2844aff17c66282a5c171c
train,image_215_png.rf.bc0203bffbb4ac95410892605af89b17.jpg,1,1,1,True,640,640,1.0,JPEG,True,False,766970e5287617e7185f54a34a78dee9
train,image_215_png.rf.d22f4ce57753137f9eef11ec12d9557d.jpg,1,0,0,True,640,426,1.5023,JPEG,True,False,e0f6d64fa976da4de8327d2699dc7575
train,image_216_png.rf.965a6064c338938a8fede0e7e251f22d.jpg,1,1,1,True,640,561,1.1408,JPEG,True,False,67c5b99c0ea7ccf73c6b705eb9c5351a
train,image_217_png.rf.55d0c75f429c85225026358204aa6ace.jpg,1,0,0,True,640,426,1.5023,JPEG,True,False,7ae318d74dc9d07b56f7758275e212e9
train,image_217_png.rf.e1d8280a1cc4d325b59c78a05872a27e.jpg,1,1,1,True,640,456,1.4035,JPEG,True,False,b6f0ae59d29410b24ebe4cc68f89a52a
train,image_218_png.rf.9f78249300f4143f509a0a531b6a7a42.jpg,1,0,0,True,640,437,1.4645,JPEG,True,False,d1e66670454d5fe74a96990aa4a104f7
train,image_218_png.rf.d7d43f37d7c4a977998d66a312d64c53.jpg,1,1,1,True,640,397,1.6121,JPEG,True,False,c4970383284deef6d0b3ebc17fee2f33
train,image_219_png.rf.c8a9bf4f3e73418864ba37b246d647a8.jpg,1,1,1,True,640,344,1.8605,JPEG,True,False,b9e17ba459a67383e5b9bb381d2cf886
train,image_21_png.rf.1691807c08bee865202113037386fe42.jpg,1,1,1,True,640,410,1.561,JPEG,True,False,a11c8afba663180b7fa37508eff9f83a
train,image_221_png.rf.3c86cc4b223dc88308bb2d44261b6eaa.jpg,1,1,1,True,640,524,1.2214,JPEG,True,False,e080b6ef080afc019e57be587c6651e1
train,image_223_png.rf.9bf2106a2ba3a127341546c2cab3626f.jpg,1,1,1,True,640,367,1.7439,JPEG,True,False,2aedc90d045af278cc3b1e684880c1ac
train,image_225_png.rf.fab078ef9fbce3aaf2cd20eab5c6ecc2.jpg,1,1,1,True,640,360,1.7778,JPEG,True,False,e62671d5adf6022cd79364799859bcd3
train,image_226_png.rf.0fd99542b943289137d645b15d909a00.jpg,2,0 0,0,True,640,198,3.2323,JPEG,True,False,c62bda61d88af5464379cff17c599e61
train,image_227_png.rf.16c4e4bd9cab44804396a7f658b2ccb8.jpg,1,1,1,True,639,356,1.7949,JPEG,True,False,646a631a8d0e5b239e78fb36775b211b
train,image_227_png.rf.177321642b6fd2a8292333bbb91ebc98.jpg,1,0,0,True,640,426,1.5023,JPEG,True,False,604d21dd591eedff5121e802ab3c7d9c
train,image_228_png.rf.328d62f9c89771b9481087a3188d52bf.jpg,1,1,1,True,640,522,1.2261,JPEG,True,False,f7910fb3ac6ab7fade4ec38629c5f401
train,image_229_png.rf.6da4a02eb18044ddb309585854b5ce9f.jpg,1,0,0,True,640,426,1.5023,JPEG,True,False,adde1778e27bbca017fa5ecdeb6ce2b3
train,image_22_png.rf.4e56537b699b74edef7804f2885da692.jpg,1,1,1,True,640,358,1.7877,JPEG,True,False,64275f1e477aa58204e7eddbbe6bfc36
train,image_230_png.rf.4b946f4df839b072880174341263a4f7.jpg,1,0,0,True,640,441,1.4512,JPEG,True,False,7225027e568f1ad4463ada8003b4692b
train,image_230_png.rf.723b2e3936c9c8295d9159c226ee1aa4.jpg,1,1,1,True,569,640,0.8891,JPEG,True,False,ef5b70810b361d07ef2c163e7e19424f
train,image_231_png.rf.fa50503caeeb51ea4e9f40565cff098f.jpg,1,0,0,True,640,483,1.3251,JPEG,True,False,c351bb053f971459959d5934c51ab8af
train,image_232_png.rf.e4571dfb933a8b85c86c162c67d6d593.jpg,1,1,1,True,640,383,1.671,JPEG,True,False,64696233b716ecbf4c501f43db89428a
train,image_234_png.rf.e0a0265fdab5393702cb8205b9802ac3.jpg,1,0,0,True,640,426,1.5023,JPEG,True,False,e08b20e578750ab897af24b658eab760
train,image_235_png.rf.a8b86d684f72f3f35f2f53457cdb74f6.jpg,1,1,1,True,640,336,1.9048,JPEG,True,False,7faf9965c765e001ebf819305f5841c7
train,image_236_png.rf.5fc623944f6d2474b7ef558bf2ce02b5.jpg,1,1,1,True,640,501,1.2774,JPEG,True,False,fa5b8a3c04b8df868a019daed6e0ea88
train,image_237_png.rf.8daea4635eb9bdea41d12f2b7fc67174.jpg,1,1,1,True,640,456,1.4035,JPEG,True,False,075c15eaab5d6bdf1f5082bc7f40be37
train,image_237_png.rf.ad0e9577ed5c93afa9a6e8f670369e37.jpg,1,0,0,True,640,483,1.3251,JPEG,True,False,370ed6a93d71963451ba4537726621ed
train,image_238_png.rf.5f024211a83a8354dd28a9217263a01f.jpg,1,1,1,True,640,507,1.2623,JPEG,True,False,ef628b4b3d4d16d096f27d44e897591b
train,image_239_png.rf.d4a5a402eb3bc3abec5b96204c348e04.jpg,1,0,0,True,640,360,1.7778,JPEG,True,False,d18e7a959bc0c208531c34e21fad8ac7
train,image_239_png.rf.ec8b77bf2faaa90e0f13c66dd43affff.jpg,1,1,1,True,640,424,1.5094,JPEG,True,False,d91b81d2b87acb959637ea689715cd04
train,image_23_png.rf.02f4a781f4f3fd4823e4d71aafeb5e2c.jpg,1,0,0,True,640,429,1.4918,JPEG,True,False,1cd5275e7c2b7e72f7a2bb873f42b957
train,image_23_png.rf.6e77876cf95999d75e73fde2cb946ee6.jpg,1,1,1,True,640,393,1.6285,JPEG,True,False,4fee47a7551bce09ea63c2b259b5f984
train,image_243_png.rf.aaaa16be0fb0bb36c1efa6a419ea4c24.jpg,1,1,1,True,640,440,1.4545,JPEG,True,False,6f636c286a77eb423a79633d0845a88d
train,image_244_png.rf.f743ed58c2d046636cae5b07eab04a9d.jpg,1,1,1,True,640,480,1.3333,JPEG,True,False,08f1ba2bf2689291362f7fa4bda74c50
train,image_245_png.rf.bec206034241b79fa6ba61ed5e0dd57e.jpg,1,1,1,True,640,468,1.3675,JPEG,True,False,8059e8339d679f644ae0ff3160e7c301
train,image_246_png.rf.1746492f89f38e53e5f50a13d5efaa34.jpg,1,1,1,True,640,379,1.6887,JPEG,True,False,0ef62b8f89d035482ffce110cb35b8e3
train,image_248_png.rf.96ec5eefd6d9c9ab3419427a567635bf.jpg,1,1,1,True,640,598,1.0702,JPEG,True,False,289504d6e1e6c360402605211ca8ba3f
train,image_249_png.rf.8443de1983e81cf0eef5fd11c0c732a9.jpg,1,1,1,True,640,427,1.4988,JPEG,True,False,2d9399b5717ec59024c3dc121a42ffa1
train,image_24_png.rf.469c4641f0435be841ddfd3ac17dd543.jpg,1,0,0,True,640,440,1.4545,JPEG,True,False,889411c738a4337bddd814cd09b9eba2
train,image_251_png.rf.185251e3f5bba7e9805f05b4fd118f77.jpg,1,1,1,True,640,426,1.5023,JPEG,True,False,aa005d98b6637ed08ba87e62235879b0
train,image_252_png.rf.818098af2617406f7fc08e74baae7eb3.jpg,1,1,1,True,640,455,1.4066,JPEG,True,False,a4031703f0d5c81b28bb5be0321726e9
train,image_253_png.rf.3b450dc989108c4cd7e23c2ff8f74b71.jpg,1,0,0,True,640,640,1.0,JPEG,True,False,aed5bfe028442fa2304c5e0bda01fd77
train,image_253_png.rf.c917042cf0b1c936e6dfd3689155e895.jpg,1,1,1,True,640,410,1.561,JPEG,True,False,dabdde1aa14b389484da57cd7224101e
train,image_254_png.rf.beedf7febd7f1afee241db0b7d942536.jpg,1,0,0,True,640,480,1.3333,JPEG,True,False,1bf670925e05c2d2941db1e2ff9e8c5f
train,image_254_png.rf.dd7a57fcb36686aa3f1edd267d8db906.jpg,1,1,1,True,640,480,1.3333,JPEG,True,False,eb84867d11cd2b1bccc8a91bed957652
train,image_256_png.rf.575840ef36b15b98378034ec0ff4f788.jpg,1,1,1,True,640,483,1.3251,JPEG,True,False,9739dee383546270ef9002264b3412c9
train,image_257_png.rf.d781f308fcffbf66477497e65fb60772.jpg,1,1,1,True,640,560,1.1429,JPEG,True,False,0959c8a4a7dbbb653edb8cfeb805a494
train,image_25_png.rf.06dfe3f0a9a832c30b96a0a416c17cd7.jpg,1,1,1,True,640,496,1.2903,JPEG,True,False,eeeffa49ecef149a60328cd0a8c3c9b6
train,image_25_png.rf.8d6a05f96475c3ae67789660a14b36ef.jpg,1,0,0,True,640,429,1.4918,JPEG,True,False,59bf82fcaaec53ca1af263717c217986
train,image_263_png.rf.68f18307aca2c98a4ed5afd72f980570.jpg,1,1,1,True,640,424,1.5094,JPEG,True,False,0cb5ba1c545b3cb40c76b32335c764be
train,image_264_png.rf.e18cbfed382b0b805a89bf30b70222c5.jpg,1,1,1,True,640,426,1.5023,JPEG,True,False,31d66c422b9b9044d57383833686c302
train,image_265_png.rf.dcbdce7b533ae4c5ff1efb9b11befaf2.jpg,1,1,1,True,640,448,1.4286,JPEG,True,False,e02d64590bf12065a83df89121f8559d
train,image_266_png.rf.6e9077bfce159699c04e565a027ded17.jpg,1,1,1,True,640,425,1.5059,JPEG,True,False,286a25c5a4f995bf02fd2b78aa867d10
train,image_267_png.rf.00295cc73eec3c3401f78bf020e6721f.jpg,1,1,1,True,640,576,1.1111,JPEG,True,False,9cf939a4ec50996cc4bf476c04bde174
train,image_267_png.rf.ede63de753eb29a66fd8addbf94e7cee.jpg,1,0,0,True,640,426,1.5023,JPEG,True,False,7514e1b6918470ff51cf0932698556b7
train,image_268_png.rf.9a94bc942b51beb312971be675ffeff8.jpg,1,1,1,True,640,602,1.0631,JPEG,True,False,788773d6f922526525071b118480c077
train,image_269_png.rf.aeb18383bd4bccad428e372d3dcde0e3.jpg,1,1,1,True,640,455,1.4066,JPEG,True,False,0a2eea458dc9267c62ad3fcbd08f7147
train,image_270_png.rf.48b04c964b9e29ad8fdfbd474dddb98c.jpg,1,1,1,True,640,634,1.0095,JPEG,True,False,d0dda64e4973f11903e2ab55df2bd7b1
train,image_271_png.rf.72a01e1171ffad6bb73b95fac90c9cf2.jpg,1,1,1,True,611,640,0.9547,JPEG,True,False,532015935a59104af4ce39a04f993791
train,image_272_png.rf.855d13e868bf29f872b4132a6040f89e.jpg,1,1,1,True,640,525,1.219,JPEG,True,False,033ddc54b948590d7692317832ae187e
train,image_273_png.rf.7d742e49af99e9d229590e11e530e5fb.jpg,1,1,1,True,640,415,1.5422,JPEG,True,False,6b8d602ff820d9f20203d07ed69915d7
train,image_274_png.rf.801f219788bf36c9b02030bae0345297.jpg,1,1,1,True,640,360,1.7778,JPEG,True,False,946c83fe7920c79ba33370f2d90922b9
train,image_275_png.rf.31fec73b8333e67354abcf2186427570.jpg,1,1,1,True,640,477,1.3417,JPEG,True,False,78bfeff34c9f7533fcbb3368b830e7e1
train,image_275_png.rf.7d1241224ff7c2f58b597c8d85c35f7c.jpg,1,0,0,True,640,320,2.0,JPEG,True,True,aa363878c6921ae324a38a1db6d98573
train,image_276_png.rf.06fcc4f6084efdb37c0d94c5b2707983.jpg,1,1,1,True,640,350,1.8286,JPEG,True,False,a1a18dccdc030b0aceb6be2280e683ab
train,image_276_png.rf.b645461ad2f736115ba8105e0776b060.jpg,1,0,0,True,640,479,1.3361,JPEG,True,False,90351dbe8c605a28c2fea9f36d91c706
train,image_277_png.rf.6f61638ff58938dc9dff85b09fa10ffb.jpg,1,1,1,True,640,537,1.1918,JPEG,True,False,91212cbd71b1cdf46d4f43a2a869d7f5
train,image_278_png.rf.f0823a531874f01602004566fc08fb6b.jpg,1,1,1,True,640,503,1.2724,JPEG,True,False,1d841c9cd4cd547352f0569e87b42139
train,image_279_png.rf.a413278544dd65d323393e8505a06aa5.jpg,1,1,1,True,640,465,1.3763,JPEG,True,False,ee4b9751dede6b5ef3d4e73332d2cfff
train,image_27_png.rf.c30d37fe9319613de81cefa00b474209.jpg,1,1,1,True,640,350,1.8286,JPEG,True,False,cd63f160fa5da2ac5242e21c93adb074
train,image_280_png.rf.75c70ddd5a9f1727c99bbdafa656c16a.jpg,1,0,0,True,640,595,1.0756,JPEG,True,False,a3df380357dd85d05a0a20db079a6470
train,image_280_png.rf.e8315fbe27edc022680da77177fcff34.jpg,1,1,1,True,580,640,0.9062,JPEG,True,False,655bbe970c56e8b5ba73e861e6c46b63
train,image_281_png.rf.59398e208763feaaf7047d410d7b8c5c.jpg,1,1,1,True,640,374,1.7112,JPEG,True,False,514052df1049309d4c7416c4af78e870
train,image_282_png.rf.a12696fd440e05aa2c89516d50050381.jpg,1,0,0,True,640,434,1.4747,JPEG,True,False,179a7f521d1f0524846ccc73d1c20a37
train,image_282_png.rf.dd56b17f222731e6e68ee588970cdd00.jpg,1,1,1,True,640,602,1.0631,JPEG,True,False,d718dd518820e3766c69754d9426abbb
train,image_283_png.rf.237cd3ca7726144e8f9a0deb58f68da4.jpg,1,1,1,True,640,332,1.9277,JPEG,True,False,946a70925c3b7125d74dc4d943d73349
train,image_286_png.rf.c52bedcea7bfa756774265734f7d2e3d.jpg,1,1,1,True,640,613,1.044,JPEG,True,False,803a4728bebc8dd253d22d083fa1eb01
train,image_287_png.rf.c221a4b8530c6d3f94e3c2da933a488a.jpg,1,1,1,True,640,302,2.1192,JPEG,True,False,a85f1fa3115216b000db73af65ab2b56
train,image_288_png.rf.a556acaa4cdfe859b01504ca763b6976.jpg,1,1,1,True,640,288,2.2222,JPEG,True,False,319c33d61e6436c154f098c8404fbcca
train,image_289_png.rf.07687c1f96c986dc7b590328e3099e1a.jpg,1,1,1,True,640,371,1.7251,JPEG,True,False,fa5c1125f3b762e140d7ef584db1c76d
train,image_28_png.rf.d994786c25ab1ea3952d630ebebbc6dd.jpg,1,1,1,True,640,502,1.2749,JPEG,True,False,797147a1b0e07894d7b77cc2efc537b5
train,image_291_png.rf.5de01281d84622e65e79a991a75d10ad.jpg,1,1,1,True,562,640,0.8781,JPEG,True,False,aa188d2c9236159e64bf0cc7ed1cbd3d
train,image_293_png.rf.1b4f8845adf10bc8e6e9a15c9f02775f.jpg,1,1,1,True,640,346,1.8497,JPEG,True,False,47f431d524dc8f0922f384567766d5a9
train,image_294_png.rf.ac18aa54d3772e3bc1b97ceefc16ca89.jpg,1,1,1,True,640,369,1.7344,JPEG,True,False,4f49428e26fbb0c2db721b3bdd776879
train,image_296_png.rf.7c5908e5941a94e083606f924fc1e39f.jpg,1,0,0,True,640,426,1.5023,JPEG,True,False,309de6500bc04f1f85c9a0350b91649e
train,image_296_png.rf.8c3572b30de6966156df5f7bf5aa5801.jpg,1,1,1,True,640,339,1.8879,JPEG,True,False,3a98a1acb4dc2064728cc88c1bcc222e
train,image_297_png.rf.a147306da1b8d8b84215023853adf2de.jpg,1,1,1,True,640,352,1.8182,JPEG,True,False,fe826172f17e4547086acbe8f7c2d32e
train,image_298_png.rf.90219ebdd6c63c047eaec6a1a155103c.jpg,1,1,1,True,640,364,1.7582,JPEG,True,False,f5ad603b168dc62610bd197a019049ca
train,image_299_png.rf.36c76bd7ece1e8811d115ddfc2ce5bc6.jpg,1,1,1,True,640,483,1.3251,JPEG,True,False,fadb424bcdb3149d4d09b51eb47bd2e9
train,image_29_png.rf.1f914ea3b68e069174c68de330460b37.jpg,1,1,1,True,640,417,1.5348,JPEG,True,False,15775645fb67267fd7c31419743fc2f6
train,image_2_png.rf.2e0d707490e5721c25f3a15c2212bd45.jpg,1,1,1,True,640,340,1.8824,JPEG,True,False,5bd64cd0a970bb9d54443a6b3e492a9c
train,image_301_png.rf.0347181a04d75380410b08c8ad5bdaf7.jpg,1,0,0,True,640,439,1.4579,JPEG,True,False,cb53c25ca38f3a27dbc1a48a7ee90b7c
train,image_301_png.rf.b3fe990177e8e19959d7b1742bdd62fa.jpg,1,1,1,True,640,480,1.3333,JPEG,True,False,49e030ebef5534f650208281e5d99b45
train,image_304_png.rf.cade69d92cbe7aa20e89c085fc81e454.jpg,1,1,1,True,640,480,1.3333,JPEG,True,False,a614bb4f1f82b5e0fc9c12cc23a80df8
train,image_305_png.rf.0ab645177a9b82b2230a5d4423f4a992.jpg,1,1,1,True,640,522,1.2261,JPEG,True,False,a9c08eeb3b31775dc6bbc1373580b531
train,image_30_png.rf.117780ff3dff577497090e56f0dd02e3.jpg,1,1,1,True,598,640,0.9344,JPEG,True,False,40ebb1ae2bcd469881b07434defcbdab
train,image_31_png.rf.8154e263d8580dad6b22feb03471fec5.jpg,1,1,1,True,640,495,1.2929,JPEG,True,False,d8bcc762ae8711fed32c32c602d0c954
train,image_32_png.rf.38896b0ded4c1fdd105315554aca923d.jpg,1,1,1,True,640,391,1.6368,JPEG,True,False,8837778994e9d01d32aeee2f8ec8948e
train,image_33_png.rf.cd4a137e0e430846c2e7aaa14839cb92.jpg,1,1,1,True,640,300,2.1333,JPEG,True,False,18a2995d516fffd3ae6d8b3a5416cfcd
train,image_34_png.rf.e4b40fae162fd0be28cc48b8159ce88d.jpg,1,1,1,True,640,354,1.8079,JPEG,True,False,df08ec94f100376e3b8df54a0329c202
train,image_35_png.rf.1c7f079c7a71c2986ad5a43ee56dca41.jpg,1,1,1,True,640,459,1.3943,JPEG,True,False,306fd40d85a33a3a49a37199548207b9
train,image_35_png.rf.8cdf13167dd2824b1dc83fa13e4270c1.jpg,1,0,0,True,640,434,1.4747,JPEG,True,False,ff2e766c0b33c7587b19bd018d32cdfd
train,image_37_png.rf.a8798c10e4b907ad3157c4f6ce9ebf70.jpg,1,1,1,True,640,425,1.5059,JPEG,True,False,bee67aed8946a3b3d33c922c6848950c
train,image_37_png.rf.bd7a6e59d252b2de1b382aa1eb576edb.jpg,1,0,0,True,640,461,1.3883,JPEG,True,False,039f3b957dc908fb6c727b836fab025e
train,image_38_png.rf.29fe138db033670bb8df2504f0418bec.jpg,1,1,1,True,640,421,1.5202,JPEG,True,False,06ffa53a04b80837338678053ad31456
train,image_39_png.rf.ca5053db9cf39701a10903708f5df0a2.jpg,1,1,1,True,640,402,1.592,JPEG,True,False,903ca16262118317f80d6a5c782a0ff1
train,image_3_png.rf.80025f93ea32a5d2725d0d97ce827194.jpg,1,1,1,True,640,414,1.5459,JPEG,True,False,b8d1e0a3d2327b1c07f114abe6699e98
train,image_40_png.rf.14b117fdb1c4a8192983200cda3aae15.jpg,1,1,1,True,640,384,1.6667,JPEG,True,False,534103940e7409452aaa257f8fe6eec4
train,image_42_png.rf.10cc05a7bb4f60f467a49413cc0d4f46.jpg,1,1,1,True,640,388,1.6495,JPEG,True,False,297594aa40be4fa0207762260809f6c0
train,image_43_png.rf.d2a198afaa038c926d15713edb976577.jpg,1,1,1,True,640,324,1.9753,JPEG,True,False,9d43f2f174905148931678fb9be2a6d3
train,image_44_png.rf.3384f54c0f89a9ac6f840c22d4cc9142.jpg,1,0,0,True,640,424,1.5094,JPEG,True,False,8b1cd2973d8e20b5883a58106a4d5153
train,image_45_png.rf.4f21bee368036cd078c6f1fe6f00ece9.jpg,1,1,1,True,640,333,1.9219,JPEG,True,False,3065fe29019a5472ea6cf0f48b31984e
train,image_45_png.rf.b1b35786bc31bcbac262f95b48989e65.jpg,1,0,0,True,640,434,1.4747,JPEG,True,False,5c75b7c6aec4d539f246aa90a4dc49ae
train,image_46_png.rf.a292dc3f8a5154af333d5f7332db6439.jpg,1,1,1,True,640,558,1.147,JPEG,True,False,61d8cf93a1447048005d6d75fd32b7eb
train,image_47_png.rf.8f270edd53e324114d6a7fd3d8fd9b60.jpg,1,1,1,True,640,324,1.9753,JPEG,True,False,69ec4d150d2897363684c9b075d555dd
train,image_48_png.rf.bd8216f62aa12783fbf4aa3fd5da87f3.jpg,1,1,1,True,640,365,1.7534,JPEG,True,False,bdfd6d81fa4aad0e5750f5be749d0682
train,image_4_png.rf.c6e598722ad601aa57a09493034d0d36.jpg,1,1,1,True,640,424,1.5094,JPEG,True,False,060aec86d99a5153726091cfb04c7eeb
train,image_50_png.rf.506957733bc3cd5dfb35c17dc0e7c130.jpg,1,0,0,True,640,436,1.4679,JPEG,True,False,5c8079560a3dca9f4275917822cd3995
train,image_50_png.rf.710ed4ecbedc505d270a7e99d4cd98ec.jpg,1,1,1,True,640,325,1.9692,JPEG,True,False,5075b30631538be120818d6de9cc45b3
train,image_51_png.rf.9bbb85d4745132d4c3d357a195c7c71b.jpg,1,0,0,True,640,424,1.5094,JPEG,True,False,35c1dbd8f6cfcbbaae78c93f40356215
train,image_51_png.rf.b0956f8cc139d56ab2ff09097702966a.jpg,1,1,1,True,640,354,1.8079,JPEG,True,False,dae34108cbab65c5d6db8565ad14e694
train,image_53_png.rf.253584476783fb15293d49702e9dd63b.jpg,1,1,1,True,640,316,2.0253,JPEG,True,False,ce6b36d97b0490d1b272fb9ad22abaf3
train,image_54_png.rf.d6d28c28c4fb4ee00be2ba39a25b61c8.jpg,1,1,1,True,640,327,1.9572,JPEG,True,False,24f7456e8cd5e4dffd94c224e4ebe610
train,image_55_png.rf.315113e9e0817d6a3bd4ca4a30bd4372.jpg,1,1,1,True,640,384,1.6667,JPEG,True,False,a4ce5b178436d9535ff971250a9f9dfb
train,image_56_png.rf.acfef30bf126907fab3bb7ddc431a61d.jpg,1,1,1,True,640,522,1.2261,JPEG,True,False,d8cd309c66c15611a068e73ae09c6444
train,image_57_png.rf.7b95606a8ea43798cf270ca7870524e8.jpg,1,1,1,True,640,540,1.1852,JPEG,True,False,64755718af8a0f89316fca2479076ec2
train,image_59_png.rf.ef6088c192cf3e002bc0477ade2e83fd.jpg,1,0,0,True,640,468,1.3675,JPEG,True,False,24da94ff6b9340504bd9f3b773b56067
train,image_61_png.rf.88e15290ce36f9f30bcef59085728cdc.jpg,1,1,1,True,640,314,2.0382,JPEG,True,False,e3c74f7b685d32b316364bce6254f622
train,image_62_png.rf.00258f4fdcd5f27db8fa746347315e6c.jpg,1,0,0,True,640,447,1.4318,JPEG,True,False,68d585736f6b50fe03e27a532134dde8
train,image_62_png.rf.d82b50e6c5253584c615ea638cebbb19.jpg,1,1,1,True,640,379,1.6887,JPEG,True,False,f489af10be7839fb31b6cffa3755b95f
train,image_63_png.rf.8abe403378f36ffe3f71d5f35aaa466f.jpg,1,0,0,True,640,460,1.3913,JPEG,True,False,264cae4a0b75e8aa768bce8ca244e88b
train,image_63_png.rf.9e9edf1dd16621d3a5b1ece08c73d868.jpg,1,1,1,True,640,381,1.6798,JPEG,True,False,fbd14a977ec1faeb7eb4a2bcd51c816b
train,image_64_png.rf.d6548d4f0652ce096d81a54ade003aa0.jpg,1,1,1,True,639,490,1.3041,JPEG,True,False,e7bacb35726012c1362472b8cbd02cad
train,image_64_png.rf.f2413ace2d5e5b68356e7f9653b7e793.jpg,1,0,0,True,640,400,1.6,JPEG,True,False,5db38f803b19471d4af91cb4f4c814c3
train,image_66_png.rf.3ca1a6f081ddab3c1329ec210185d990.jpg,1,1,1,True,640,340,1.8824,JPEG,True,False,1b3689268583e508fd9ca53147ac2f97
train,image_69_png.rf.b63f6b1deaf9e18d563c889569319283.jpg,1,1,1,True,640,465,1.3763,JPEG,True,False,0c75ef4a13a20b716b21a5afb97a7f29
train,image_6_png.rf.61433c815722d158d3ceb6c042317b8d.jpg,1,1,1,True,640,391,1.6368,JPEG,True,False,e44728ea168c2c52e8baf1a6e42e262b
train,image_70_png.rf.2fc4b72c262cce0631217feec02a9a34.jpg,1,1,1,True,640,471,1.3588,JPEG,True,False,bf65f7ff9848868bc5111c3d63cd379a
train,image_70_png.rf.5a39fc8974f3f07d965344648d99bfcb.jpg,1,0,0,True,640,640,1.0,JPEG,True,False,3cceba389b6efb5b373d30fba8de31af
train,image_72_png.rf.056be1550c038100fbe696cb594b6b75.jpg,1,1,1,True,640,351,1.8234,JPEG,True,False,53e8add0cfa7728f7009ada5e1c0e022
train,image_73_png.rf.c485126feb5e440e8aaa75880c93eed6.jpg,1,0,0,True,640,470,1.3617,JPEG,True,False,5de300a30c3f400e28f42898ce984e57
train,image_73_png.rf.cac355f989c57e11520cfe226f93ea92.jpg,1,1,1,True,640,537,1.1918,JPEG,True,False,7b1e86aff9bfc0db2eb0322ad40a5f34
train,image_75_png.rf.ceb86aa387bf9eb5c7692fd19724dd35.jpg,1,1,1,True,640,351,1.8234,JPEG,True,False,3401499264391130b190f991d9007596
train,image_76_png.rf.e3fe3297875b283875eeb832b6bfac17.jpg,1,0,0,True,640,426,1.5023,JPEG,True,False,038ed93a9b22b1f55ba02cf01ef48dbe
train,image_76_png.rf.ff14d33f2bf5c46b904778ab49c2ef29.jpg,1,1,1,True,640,320,2.0,JPEG,True,False,179f6bfc19be7ff5d0ba73fbceff8f20
train,image_77_png.rf.b674601a27287f57d099a3e128ae221a.jpg,1,1,1,True,640,406,1.5764,JPEG,True,False,e98f30f4067c31d99f1e036a7077339d
train,image_78_png.rf.d2d4011d8c18f7d574e4f9847d882c41.jpg,1,1,1,True,640,500,1.28,JPEG,True,False,48d83b7e43a7ec237bafc9179fc3f6ea
train,image_79_png.rf.35db144fcc3f018f906f5d83ffdd0975.jpg,1,0,0,True,640,640,1.0,JPEG,True,False,a8180d4011cebf61ddc2067115ad47b7
train,image_7_png.rf.6d1f10aa20e9e3a3e33031e3fb532966.jpg,1,0,0,True,484,640,0.7562,JPEG,True,False,ea48db29574c2fe0b09bd3bb2b7a4cd1
train,image_80_png.rf.eee36e2cc9719bff4c1ea75d45f35754.jpg,1,1,1,True,640,462,1.3853,JPEG,True,False,57e3f1fb011ee691b717ee9d69745c60
train,image_82_png.rf.6c806fd1c29c5bae596f5c49aedda4a9.jpg,1,0,0,True,640,480,1.3333,JPEG,True,False,06f138a63d370bc56362a10f9a489e97
train,image_83_png.rf.3dc5f28d152d25e6d0d18449c83710e3.jpg,1,1,1,True,640,564,1.1348,JPEG,True,False,470d0239959eba992aabcb1bd49840f2
train,image_83_png.rf.f6c9edfa95604fca397610020b245cad.jpg,1,0,0,True,640,426,1.5023,JPEG,True,False,017303b0937abf145df9508d38f3641f
train,image_84_png.rf.56b3d6ea4dbf7a168afb6e07a8d560e0.jpg,1,1,1,True,640,386,1.658,JPEG,True,False,54e89a87e81bc9c88c00ec7634759631
train,image_84_png.rf.66afddfe00bbbd73cf0f64d63568b0dd.jpg,1,0,0,True,640,426,1.5023,JPEG,True,False,83baaa37e005fd59ed68d0320385f768
train,image_86_png.rf.9b3909d58645d12f8ce29dee6990c7de.jpg,1,1,1,True,640,572,1.1189,JPEG,True,False,3d9cae0ad7730c4404ccd018510d5b79
train,image_86_png.rf.ff2bd61c376a6e023bb43a3884cce69d.jpg,1,0,0,True,640,436,1.4679,JPEG,True,False,17668c42426c47b46c72d613c48b90e2
train,image_87_png.rf.5153086ff8b52ea0fc0b610ad66dc19c.jpg,1,1,1,True,640,460,1.3913,JPEG,True,False,f86b73f6b0abbaefeeadd812663f4957
train,image_88_png.rf.40e51b0d7f46a1b1fc3a65a7b8cb9eb3.jpg,2,1 1,1,True,640,317,2.0189,JPEG,True,False,9efcc3590a36d3d9a7acede0dc654bd2
train,image_89_png.rf.d2670b78fbfe1b0a9e11b60de0b05a66.jpg,1,0,0,True,640,426,1.5023,JPEG,True,False,0e208b7e0261e6f0a6dd28bd6559e060
train,image_89_png.rf.dae407048b521f3b1e2e520272684826.jpg,1,1,1,True,640,432,1.4815,JPEG,True,False,ae067d5bdc6ed0afbc32fe28b76cf2a3
train,image_8_png.rf.dcf1c0b322d7f545965c8cca1198640b.jpg,1,1,1,True,640,300,2.1333,JPEG,True,False,8f7cc18e1740912b28da2638cabc6e72
train,image_91_png.rf.dcce87611a0224dfbc5aeaeb7ddde44a.jpg,1,1,1,True,640,625,1.024,JPEG,True,False,884679fa5d337b1bf2914c6263eebf85
train,image_92_png.rf.4f4502def7058617dec39efcfdf1b111.jpg,1,1,1,True,640,421,1.5202,JPEG,True,False,b0b6f42a161524734db71267404cfbed
train,image_93_png.rf.5ed345117c9571f1c50396710ef4e9a0.jpg,1,1,1,True,640,371,1.7251,JPEG,True,False,f589e77972e97e024ef09b0210af8ed8
train,image_94_png.rf.3ed817aff1a9161604f793a247666899.jpg,1,1,1,True,640,380,1.6842,JPEG,True,False,0a120736cabbade3dca58a57d0a955a7
train,image_95_png.rf.9d28296731e1bc8ada775dfa775310ab.jpg,1,1,1,True,640,512,1.25,JPEG,True,False,24e0c88c03606c58c9ad7f57758ed059
train,image_96_png.rf.367cdf0f86fbc70f5397a8920224dd94.jpg,1,0,0,True,640,480,1.3333,JPEG,True,False,4af822a49917bf0f1cc24fa243e6d1d1
train,image_96_png.rf.f2d2cb5c07f4ad8400846c91e3719be4.jpg,1,1,1,True,640,358,1.7877,JPEG,True,False,339b17a9ffaf6c6387a01f0916c6483d
train,image_99_png.rf.733a29cdc9852d206b7f26f68e20c23b.jpg,1,0,0,True,640,426,1.5023,JPEG,True,False,26539d1b4237a34f8d5890b526497d98
train,image_99_png.rf.c1667cbdd0d5e1602679f736914fda4c.jpg,1,1,1,True,640,454,1.4097,JPEG,True,False,bb1feb94fe436c35c847885e075ef136
train,i_1000_jpg.rf.437f1b0577d245f9e5349afc0fec6392.jpg,1,0,0,True,56,56,1.0,JPEG,True,True,ea492d3701c61f262225279ae11ec61b
train,i_1001_jpg.rf.ac194b99712e80456f929aa8a7cb9fb8.jpg,1,0,0,True,55,55,1.0,JPEG,True,True,5ce16dfb9ad55eeb43be0c86f9a5e094
train,i_1003_jpg.rf.f19fdacfd6ed3fb55f20dce72ee0fd8c.jpg,1,0,0,True,50,50,1.0,JPEG,True,False,a5d4f510161a63349cd78ca5601da4cf
train,i_1005_jpg.rf.a134d3b24e7796b6dc3ec601f99f156f.jpg,1,0,0,True,47,47,1.0,JPEG,True,False,0cff0b2ba1e90b0b98cba4f2dc0b6f5e
train,i_1006_jpg.rf.dbaaa4eb244c4e07130e2cd2f7beea03.jpg,1,0,0,True,50,50,1.0,JPEG,True,False,a4b863bfa0f6e4364b5c4899b1769d1d
train,i_1007_jpg.rf.006668e30a37f42b1e71e2d1b6413c16.jpg,1,0,0,True,45,45,1.0,JPEG,True,False,e001bdaeac02f21bbf05c79bb6157c3c
train,i_100_jpg.rf.1fe652711f747a1da5ad96d882c776c4.jpg,1,0,0,True,175,177,0.9887,JPEG,True,False,937eb3245113ae2e5bbfa818450d9fde
train,i_1010_jpg.rf.882134b4f038a8f47253e75c6bd75eb8.jpg,1,0,0,True,58,58,1.0,JPEG,True,False,7e1002d61f1b3a8ef764ab07a9e1cc62
train,i_1011_jpg.rf.b6bfb0a36e4236fbb8e1ab5be5a4eeb2.jpg,1,0,0,True,64,64,1.0,JPEG,True,False,16be2a97e47f34a9616a2382cf5647c6
train,i_1014_jpg.rf.035cff8739ed3465e9655c6086174ab8.jpg,1,0,0,True,63,63,1.0,JPEG,True,False,370377cddc1917e05437ac92a59ba620
train,i_1016_jpg.rf.23a6cb3973ac0e7766702dddc044dc9c.jpg,1,0,0,True,73,73,1.0,JPEG,True,True,e3f26a3ba0a018732c14267a605ed64d
train,i_1020_jpg.rf.0fe26522f3624e5b429c8a6b14e378cf.jpg,1,0,0,True,55,55,1.0,JPEG,True,False,2d4d2d903f66b1a66c3e858d6560fc7c
train,i_1022_jpg.rf.69819057c22a71d09939e9e4b9c295a9.jpg,1,0,0,True,57,57,1.0,JPEG,True,False,300a82ecf1c187c42dad1208b69853e9
train,i_1023_jpg.rf.d0c8c44132bd491fcc3083f0f98de75f.jpg,1,0,0,True,56,56,1.0,JPEG,True,False,036671b48829fc7d8b12a97f519294cd
train,i_1029_jpg.rf.8e7b16df994353d1216c3b6e33c2d73b.jpg,1,0,0,True,60,60,1.0,JPEG,True,False,3b6d75c4fae7f09bf6000a8deef8b7cb
train,i_102_jpg.rf.9267469001a93523a499bfefc400f8f2.jpg,1,0,0,True,291,200,1.455,JPEG,True,False,e1c4c3bcd063582ca896045b9b20b486
train,i_1030_jpg.rf.1a34c33cfd8fbfc0a3f676a53317179d.jpg,1,0,0,True,53,53,1.0,JPEG,True,False,787543da32e16d6b151727f6e52cf1ac
train,i_1034_jpg.rf.cd364d150c498f95f4c45bbc665e9307.jpg,1,0,0,True,49,49,1.0,JPEG,True,False,6f55aed78ba5bc1578e4d92a10c2360d
train,i_1035_jpg.rf.479f36cf7533f6a87d9cf4d37d2a41f8.jpg,1,0,0,True,60,60,1.0,JPEG,True,False,f5f2a783bb53be2b7ccf9f80c5c70d80
train,i_1036_jpg.rf.5a274d970129739935ebba42e4c22555.jpg,1,0,0,True,41,41,1.0,JPEG,True,False,30b7f2d7b99ebf1951b78c1b6d73e52a
train,i_1037_jpg.rf.6609fff8b9b3845ff6150811e445f27b.jpg,1,0,0,True,52,52,1.0,JPEG,True,False,55b98f1f1d4a50d2ccbf51d8cd578ed8
train,i_1038_jpg.rf.f2e09747a5cc802efc59448de5d34fa6.jpg,1,0,0,True,59,59,1.0,JPEG,True,False,17e97f77858fede3e61d4ce1139d22dc
train,i_1039_jpg.rf.2b8e99cc421b5e4574a29a821954020d.jpg,1,0,0,True,51,51,1.0,JPEG,True,False,63ce03ad3092ff502307bcfdc23593d8
train,i_103_jpg.rf.ceb08e5ebabd1c7876f474907b86baa6.jpg,1,0,0,True,213,155,1.3742,JPEG,True,False,fda10f1eb218277c747ed69f32851c1b
train,i_1040_jpg.rf.75767ae5aae2af0093a4af4b2b94c686.jpg,1,0,0,True,49,49,1.0,JPEG,True,False,5d36728b1cf3bece8a96033d0101c76b
train,i_1041_jpg.rf.6bc84f606456144026b244b7a345c3dc.jpg,1,0,0,True,48,48,1.0,JPEG,True,False,9bfd9759a9fab65d682ebf2447930a95
train,i_1042_jpg.rf.f2b6fb21bd8d30492c765228a3868ff9.jpg,1,0,0,True,56,56,1.0,JPEG,True,False,ffc7356da9d3856e87b9998d7b4eb9f3
train,i_1043_jpg.rf.e5ecc1d5b88686191a028e9729b52d5a.jpg,1,0,0,True,54,54,1.0,JPEG,True,False,8f3849193ab441407e513506c9dbcbee
train,i_1044_jpg.rf.35f9ef78bb6f7a9cb91144973ec1f9c6.jpg,1,0,0,True,58,58,1.0,JPEG,True,False,0df7ad2bb61961943197b9368a8c8dce
train,i_1045_jpg.rf.eb338c2ffe80d6dc47db65d1555c60f5.jpg,1,0,0,True,54,54,1.0,JPEG,True,False,ac27bed9f7d246c5022d0e09d5970dab
train,i_1046_jpg.rf.9e05e55530e982dbec5e2bd72ac834d8.jpg,1,0,0,True,51,51,1.0,JPEG,True,False,64dd5b7f17d324a9caf5dc5c40d74966
train,i_1047_jpg.rf.87f309b64abb0255fe65d12da0eea506.jpg,1,0,0,True,43,43,1.0,JPEG,True,False,561c88dd1364d2579ce8e6cce336c0dc
train,i_1050_jpg.rf.b24fe3d47d589d03e98808ce16572e9d.jpg,1,0,0,True,57,57,1.0,JPEG,True,False,3179691e21dc06c7ce022858bd8ec6af
train,i_1051_jpg.rf.d4737d6cfed6fb5745413c1f0e04c849.jpg,1,0,0,True,72,72,1.0,JPEG,True,False,9a5e62555cb11751f32639af6e3dae27
train,i_1052_jpg.rf.8170a728d57b06e72890f6979aee8162.jpg,1,0,0,True,47,47,1.0,JPEG,True,False,fff3bbe56c3f6e7e6b3b54def40fc3a8
train,i_1055_jpg.rf.ab29972053b0aeecfe90c51f61f66c9d.jpg,1,0,0,True,47,47,1.0,JPEG,True,True,0e7a16978ec074e9af01ebe9dde38f58
train,i_1056_jpg.rf.7e32b80f7a10e16dbaa71d5d8bdc9b48.jpg,1,0,0,True,53,53,1.0,JPEG,True,False,bf5765bc3b429d0937ef173d1bbac11f
train,i_1059_jpg.rf.2e1fef537e2bdada17a6148948b153ee.jpg,1,0,0,True,46,46,1.0,JPEG,True,False,fc6ec70444e5821ce8546052a15afb29
train,i_105_jpg.rf.03ad7decab7493eb69ee760cd142a6e3.jpg,1,0,0,True,286,198,1.4444,JPEG,True,False,471d69bae9bb9bbb622e82fcd1f5602c
train,i_1061_jpg.rf.49ee922843deed2b193b406ca974fd61.jpg,1,0,0,True,47,47,1.0,JPEG,True,False,15216c41cedacdb3fe5511d46e4f5ac4
train,i_1062_jpg.rf.46d3ab811adae758ce078b167d4dc375.jpg,1,0,0,True,56,56,1.0,JPEG,True,False,77e3682458dcddf2a41c0ca536cbce45
train,i_1064_jpg.rf.b6799b5243b8154aede6886de80be196.jpg,1,0,0,True,42,42,1.0,JPEG,True,False,bdbae1433ec1f0d3feb76df45c23fcf7
train,i_1066_jpg.rf.4f9e52e95e7cea690dbc8f2ab66207c7.jpg,1,0,0,True,46,46,1.0,JPEG,True,True,51b7d5ce87681ee035422e0f91952c0f
train,i_1067_jpg.rf.bd83485ac5c7c6a3552100bfb92b83ca.jpg,1,0,0,True,65,65,1.0,JPEG,True,True,57f1500af9219b3379516c42f0473335
train,i_1068_jpg.rf.2e26cd9e6ae0947e8e9ee54f9f187a17.jpg,1,0,0,True,47,47,1.0,JPEG,True,False,e361efc0d5c608d45a241ae44afbbc6d
train,i_1069_jpg.rf.9d470a18d5b45e2b3fdad87d6942e792.jpg,1,0,0,True,45,45,1.0,JPEG,True,False,b9df0aa8f9b0c988117600ed9d136c97
train,i_106_jpg.rf.e23c8036333d507c4a0f29e12f9c6df8.jpg,1,0,0,True,250,256,0.9766,JPEG,True,False,52f12a19b444bdd9c6e44ea7a2b964db
train,i_1070_jpg.rf.726e9d0b6401509b1060f6c87e6a89eb.jpg,1,0,0,True,54,54,1.0,JPEG,True,False,742a2a136f734a8ff3419c58182d195a
train,i_1071_jpg.rf.57105540b644b12219f059813b2a6e31.jpg,1,0,0,True,50,50,1.0,JPEG,True,False,36e54a06cf9a3701d877a642644dd1ab
train,i_1073_jpg.rf.08340ed93277b1b919e052da7ddd75c4.jpg,1,0,0,True,57,57,1.0,JPEG,True,False,8dcd8bb1a24ce884d9ccf52ab80ccb8d
train,i_1074_jpg.rf.3cce8c41f38939105c5c4779b29db3dc.jpg,1,0,0,True,57,57,1.0,JPEG,True,False,0dd75d0a6de99cfd4b9228798449ce2d
train,i_1075_jpg.rf.612f79926cf4347f6e9957668276a67c.jpg,1,0,0,True,62,62,1.0,JPEG,True,False,cc834a90b818f95734c46a4c242773cc
train,i_1077_jpg.rf.888e2eecdb8973e1c82e55ebe4baaacb.jpg,1,0,0,True,59,59,1.0,JPEG,True,False,33fcda96273866f2ff82adede8b3f4f5
train,i_1078_jpg.rf.9a6817a7636999c16d38ecd7973772fc.jpg,1,0,0,True,70,70,1.0,JPEG,True,False,873cdb6f86c22f45378e6ebac356b809
train,i_1079_jpg.rf.8f26448cd4dfc4589b37bbaba665f49c.jpg,1,0,0,True,51,51,1.0,JPEG,True,False,5672f455a01cfd9c3b1372ea26a6f635
train,i_107_jpg.rf.4d0a6780231637ad754e59883c6f5022.jpg,1,0,0,True,246,198,1.2424,JPEG,True,False,ef5cc646e1efed8d9ae08432a7161c2b
train,i_1081_jpg.rf.ec250424ba9921be4e4540ea5fd7dc13.jpg,1,0,0,True,56,56,1.0,JPEG,True,False,7b8dd691cc674dedba5d51f33a886c4f
train,i_1082_jpg.rf.97c313fb707fa28fe0dd3713d657d2d5.jpg,1,0,0,True,49,49,1.0,JPEG,True,False,5f0ef55f71406e5586b2b18d8037bbb2
train,i_1083_jpg.rf.78af4784fb28db745fcb0d2d6e7c049a.jpg,1,0,0,True,53,53,1.0,JPEG,True,False,d287288df17ab3de743dcc9f8529257b
train,i_1084_jpg.rf.ae9034a4bc74413d4ebe5ed257b390bf.jpg,1,0,0,True,63,63,1.0,JPEG,True,False,4309f7806e192d3f59295782d6dc5cfc
train,i_1085_jpg.rf.e7aa15fbeeffde2f270a55d17a936350.jpg,1,0,0,True,51,51,1.0,JPEG,True,False,0c7167fbcd35fc14a12cf8efc2d6a8bf
train,i_1086_jpg.rf.8b1c012332da3e29f8448bdbf0640172.jpg,1,0,0,True,50,50,1.0,JPEG,True,False,ce2bc4623f86ff1d337ab13f74edc416
train,i_1087_jpg.rf.a69c2f081a529a1779e3935a72de2c8e.jpg,1,0,0,True,56,56,1.0,JPEG,True,False,129ac4e7d6b0a5df2d4b00aa95136e66
train,i_1088_jpg.rf.c03ec0d86ff966a5457caf2ff8292c33.jpg,1,0,0,True,69,69,1.0,JPEG,True,False,961aee0884706eb0b16a42256c735425
train,i_1089_jpg.rf.719b6d2dee675177d3fba4b4e8159037.jpg,1,0,0,True,58,58,1.0,JPEG,True,True,7c37bc31203791292db48424e0feb088
train,i_1091_jpg.rf.4789d9671c44827d4b0b6c35c45cdbd9.jpg,1,0,0,True,55,55,1.0,JPEG,True,False,7adba190ffc8d8b70096fa5e7bf58e40
train,i_1092_jpg.rf.01af9a217182a2699836662be6442d4e.jpg,1,0,0,True,68,68,1.0,JPEG,True,False,226f8a08079b24914ea9900cc0d06975
train,i_1093_jpg.rf.bfefd8d74807fdca23c837368fa07cad.jpg,1,0,0,True,59,59,1.0,JPEG,True,False,646ec0579b795e5a4df3c3f9cfa5ed04
train,i_1094_jpg.rf.98678401f2f1cc7d3f7a6153b9c0a59f.jpg,1,0,0,True,64,64,1.0,JPEG,True,False,a6d642d08cda1f2e3065dbeef43afb40
train,i_1096_jpg.rf.c026dfc187ae9d56d5bd9859ea40bac9.jpg,1,0,0,True,53,53,1.0,JPEG,True,False,b9bd00b5744302efe55d665b93c58b89
train,i_1097_jpg.rf.066a7d676cf8a65de929766c66579f74.jpg,1,0,0,True,63,63,1.0,JPEG,True,False,a9905b16c591691833bb2dc1bce9f87f
train,i_1098_jpg.rf.6a97764c7791860a83b49864082a1b25.jpg,1,0,0,True,59,59,1.0,JPEG,True,False,b5a3b2334798e512711a7a23fa5ff6bc
train,i_1099_jpg.rf.eddd3f6ba4fc9a1805c44fc405225694.jpg,1,0,0,True,46,46,1.0,JPEG,True,False,70b4bd3191eb47e0053d36e81581d1bb
train,i_109_jpg.rf.1e9aa1c0dfbdf1c9f9f6fb1fa3ace219.jpg,1,0,0,True,421,287,1.4669,JPEG,True,False,1f2816562599553177874d547d330879
train,i_10_jpg.rf.d657c0a43c43d2e9b25443ed237137cf.jpg,1,0,0,True,159,145,1.0966,JPEG,True,False,283ed40dfa038bafce5a093342318c58
train,i_1101_jpg.rf.c9d8d22a5ff30154c29812a61d936903.jpg,1,0,0,True,70,70,1.0,JPEG,True,False,24916c8fa34af28121695e09291b0d6e
train,i_1106_jpg.rf.1e62155dfc7738efdf7a1a15a57e31ba.jpg,1,0,0,True,53,53,1.0,JPEG,True,False,e78bb2480420c7b2902d9902661c19bf
train,i_1107_jpg.rf.871629c72adbde31175827cf89cb9f68.jpg,1,0,0,True,54,54,1.0,JPEG,True,False,b9348c08c286dbf8615f3a7d75ca077b
train,i_1108_jpg.rf.832a44de95e59a588393d87bbf26de93.jpg,1,0,0,True,70,70,1.0,JPEG,True,False,9f1c5afafca1b581ce55e1bb0f68a1d2
train,i_1109_jpg.rf.ff8e61cc1e93995f1d4abf179ef568ab.jpg,1,0,0,True,60,60,1.0,JPEG,True,False,850ef849df0ec7ec67d0c58289767e19
train,i_110_jpg.rf.16982457635f54bd7b720d02ad517aa7.jpg,1,0,0,True,345,283,1.2191,JPEG,True,False,ec942955acc520ad1b69cabc7ed511fc
train,i_1110_jpg.rf.22d2ed96d64aaaaaf9e476fb00bcc32e.jpg,1,0,0,True,45,45,1.0,JPEG,True,False,578951c42872e9651fbadf34654a608b
train,i_1113_jpg.rf.6cba8c20b9f075628bc8c109d6e7e165.jpg,1,0,0,True,59,59,1.0,JPEG,True,False,f488fc93676540a3842d417ff3d07a23
train,i_1115_jpg.rf.a668e2a9bca6d316df89af52a97986f1.jpg,1,0,0,True,66,66,1.0,JPEG,True,False,3270b43a5934e852ed8d3bd514769142
train,i_1116_jpg.rf.fed1dd30cb06069c1b17b5a84e7c57c5.jpg,1,0,0,True,54,54,1.0,JPEG,True,False,04db41cde73dd1fbfd680b197d0833fa
train,i_1118_jpg.rf.4e2509fca29d008ebbc924cad3540b4e.jpg,1,0,0,True,57,57,1.0,JPEG,True,True,c20cb061dfc6bae90e987da7d8f7a030
train,i_1119_jpg.rf.aec7e4ca0b4bebd0e9356d83639aaed2.jpg,1,0,0,True,54,54,1.0,JPEG,True,False,6cc08434dc81d8dd81135520054b999c
train,i_1120_jpg.rf.c8aa14abf46a5b0222fc3c20d6b3bc74.jpg,1,0,0,True,54,54,1.0,JPEG,True,False,2f07ff3bf56bc27f2cb1318ac24c359e
train,i_1122_jpg.rf.84f1dc9ef21e62d53a2f48a756fd815f.jpg,1,0,0,True,61,61,1.0,JPEG,True,False,0853619c21548e20f9e4d9f7b232491a
train,i_1123_jpg.rf.52c8fc24e95a8e26ed3b32009019c50c.jpg,1,0,0,True,57,57,1.0,JPEG,True,False,a0378152b1840516c712a22e66664722
train,i_1126_jpg.rf.b85a7d4df95804c72583f3e305ecd6af.jpg,1,0,0,True,70,70,1.0,JPEG,True,False,54482c56adbc79bbac30f993ff7a7dac
train,i_1127_jpg.rf.f744df4fd2008512583e9f8c35e05677.jpg,1,0,0,True,80,80,1.0,JPEG,True,False,77cfbb20d6d62dfcc9b46c449523b4a5
train,i_1128_jpg.rf.a19ff75dc85e2ba3220fbf38770d061d.jpg,1,0,0,True,49,49,1.0,JPEG,True,False,28709c78aa43bb7dad9ad193d0e35c7b
train,i_112_jpg.rf.5a2b4139767dcfc45360794ac1a1d501.jpg,1,0,0,True,349,211,1.654,JPEG,True,False,22fc8ba32371b9a01abf15668719f84c
train,i_1132_jpg.rf.b8f9e0b75335146f0709d20f0f38d078.jpg,1,0,0,True,56,56,1.0,JPEG,True,False,7125efd7a890dcf1a80ed25699e95b73
train,i_1133_jpg.rf.034128928deb1cbeed737b43bbdab590.jpg,1,0,0,True,52,52,1.0,JPEG,True,False,8558d061367a9efbdc36f2207e4400e6
train,i_1134_jpg.rf.605b2d1edc36a9d67afa5c362894c803.jpg,1,0,0,True,55,55,1.0,JPEG,True,False,eacd037994b90e5bd4c11bc25a5abbc8
train,i_1135_jpg.rf.5a4d6551803101fa42c35f207390c5c6.jpg,1,0,0,True,61,61,1.0,JPEG,True,False,65bc269fec1432463870ecb5f55834db
train,i_1137_jpg.rf.98f8d910ac493504dc29d8cc92afc307.jpg,1,0,0,True,54,54,1.0,JPEG,True,False,d2d9b64c6b3b31793c78f885471b0119
train,i_113_jpg.rf.93dd96b9b6ca6076e02e01f2c0e19458.jpg,1,0,0,True,355,269,1.3197,JPEG,True,False,9a04dd73b8dc90e30bab2af4c5936a06
train,i_1140_jpg.rf.d61f0987c4f1e923910bf534ed218892.jpg,1,0,0,True,48,48,1.0,JPEG,True,False,3a326c58b4fc3f6d8763eeccc3bf1ac7
train,i_1141_jpg.rf.f68607580ea0f504587322701dbc4b2f.jpg,1,0,0,True,49,49,1.0,JPEG,True,False,7e77260a385f34cb2d10ac78dd8bd03a
train,i_1142_jpg.rf.7c7718e61bf5b815c5b2427f3b3e3d52.jpg,1,0,0,True,56,56,1.0,JPEG,True,False,b60bc12bc2a19276d9cad49ce672384c
train,i_1143_jpg.rf.5dbfe378a87089d6cf9de747a3fa50f2.jpg,1,0,0,True,46,46,1.0,JPEG,True,False,39ac34417b5e27a32f9f27f3d1c87def
train,i_1144_jpg.rf.a4f214fe2b9b48378fb651408a79c83c.jpg,1,0,0,True,56,56,1.0,JPEG,True,False,508ed4c05c3070c540b743704c562345
train,i_1145_jpg.rf.e1b2f20ce4b7b770953ae2c7e2eabbba.jpg,1,0,0,True,41,41,1.0,JPEG,True,False,51b9f9cdcab9cafa9f43486d6cad2df7
train,i_1146_jpg.rf.4c53e547e80ddd96ac178c192eaea29e.jpg,1,0,0,True,58,58,1.0,JPEG,True,False,31003d9eb794151f0b8f3252b199bb85
train,i_1147_jpg.rf.63ae93c6dbabed6413cb95133a53563a.jpg,1,0,0,True,67,67,1.0,JPEG,True,False,db1594ea43d38a607ff1639969bbb0ad
train,i_1149_jpg.rf.64a1d04947716d8bbb176823909144ec.jpg,1,0,0,True,49,49,1.0,JPEG,True,False,7bf03b17238be46c9ab5cc4dd2e666e7
train,i_1150_jpg.rf.af855b315c9dff9957ef389493089876.jpg,1,0,0,True,45,45,1.0,JPEG,True,False,e349032c2ff29dc0502cc639ef6f1228
train,i_1151_jpg.rf.672ad8e80d8952d1cf5c811596cdccb4.jpg,1,0,0,True,56,56,1.0,JPEG,True,False,0c1ad2606572adea313e631e2adb78fa
train,i_1152_jpg.rf.12bba427d9a3ddcfb0b82d58c8a66fb0.jpg,1,0,0,True,62,62,1.0,JPEG,True,False,430407086000a0b9a7b000a6ea70b689
train,i_1154_jpg.rf.19261c2eaea97abdd420260a8bc8de6f.jpg,1,0,0,True,50,50,1.0,JPEG,True,False,d663b7cac345ffea708dfa69ec879f13
train,i_1155_jpg.rf.3a2ef209ff03754f69ba9b7b6785f564.jpg,1,0,0,True,59,59,1.0,JPEG,True,False,559cafe85b56dcfdd5891bde2ddbc44e
train,i_1156_jpg.rf.60c528465cff4d783cb1a346bca1dd86.jpg,1,0,0,True,63,63,1.0,JPEG,True,False,5cf4d5c3ebb7488a6a9df2c28d838bf9
train,i_1157_jpg.rf.45399986d9e0d3e7313bc6b2b05c7d45.jpg,1,0,0,True,55,55,1.0,JPEG,True,False,1bf4a58ccea2d57360a00515c13a0eb3
train,i_1158_jpg.rf.a7a3cc03be024a3c181b8d6a5ad266c6.jpg,1,0,0,True,49,49,1.0,JPEG,True,False,ac395125158513f6953d8a03414e1277
train,i_1159_jpg.rf.ceda8f3a337b5fd964f926047d9fa5e8.jpg,1,0,0,True,54,54,1.0,JPEG,True,False,f1d84e46fbda01bc18345d19bba27a8a
train,i_115_jpg.rf.2efef896a11ceb85d1158a9b3af9f751.jpg,1,0,0,True,345,237,1.4557,JPEG,True,False,2c1257a7a5bf99a704337f805a366fc9
train,i_1162_jpg.rf.1884908143f6bb2524a98fed46349c27.jpg,1,0,0,True,64,64,1.0,JPEG,True,False,12899d71216e47e3d985b0127be51de4
train,i_1163_jpg.rf.c088f3c82a28ada3a0dba2eb8a8cd298.jpg,1,0,0,True,57,57,1.0,JPEG,True,False,5b31c9aa36e9ed815e9a5bf9c168a3cc
train,i_1167_jpg.rf.5f54fa5db375b6aff6a88c7e3ab9c191.jpg,1,0,0,True,50,50,1.0,JPEG,True,False,f3d80ad43f600011eacdaadea4b39e5e
train,i_1170_jpg.rf.425597eee85c51b19287e4c9f8030bd6.jpg,1,0,0,True,61,61,1.0,JPEG,True,False,0036b610ed12c3e5558610e4c4bc4e05
train,i_1171_jpg.rf.91d710a891253640aa1909dea83de228.jpg,1,0,0,True,55,55,1.0,JPEG,True,False,0af76004f86afc31db4273dd69b9a54f
train,i_1172_jpg.rf.7e47c6a099c349c6678820e378f35105.jpg,1,0,0,True,51,51,1.0,JPEG,True,False,673df16fef915a9155a69f736fdad81f
train,i_1173_jpg.rf.f0199d8bd15d1563a53f813d5bf973ec.jpg,1,0,0,True,54,54,1.0,JPEG,True,True,9f799acf2126a88d94c5706c4aa1182e
train,i_1174_jpg.rf.0ee85f508adb68bbbee3e474d90bc061.jpg,1,0,0,True,55,55,1.0,JPEG,True,False,d6c19b9e2c83586b86c63d666ab61536
train,i_1177_jpg.rf.90cca3d2e2150e9998697258796668b3.jpg,1,0,0,True,56,56,1.0,JPEG,True,False,194985e0f4fbc1e2f42061bcb6b02f81
train,i_1178_jpg.rf.d2a09c2f6368dd8e3f24e81fad1e340a.jpg,1,0,0,True,48,48,1.0,JPEG,True,False,b084c1492fb4d4f99c4d64d6266acde7
train,i_1179_jpg.rf.ce35440a8e4106cde87cfb8af439836f.jpg,1,0,0,True,54,54,1.0,JPEG,True,False,1a82b537dbb81bf78c80dc478e4f2bb7
train,i_117_jpg.rf.c7a8629ef8f2184ce8f7549cfaebe94e.jpg,1,0,0,True,329,231,1.4242,JPEG,True,False,7e964b1dcc7627ce35c34ad693ef4bc2
train,i_1180_jpg.rf.c428e9ecb591af56e530bf585daa1427.jpg,1,0,0,True,56,56,1.0,JPEG,True,False,43f246bfca7a8223e0568f72d374f09e
train,i_1181_jpg.rf.59e6efebadd2f69713f34114f9730550.jpg,1,0,0,True,55,55,1.0,JPEG,True,False,6d4b47472023545821e8dec2f825b781
train,i_1182_jpg.rf.c2d945866156ec820b613f5e1163d379.jpg,1,0,0,True,62,62,1.0,JPEG,True,False,1f73a72f44e5c148ac670a1d01405d3d
train,i_1183_jpg.rf.9e3c4ae96d6ac66041cc2e0bdca4e9a0.jpg,1,0,0,True,61,61,1.0,JPEG,True,False,29c997450ca435138fdd201432b64df2
train,i_1185_jpg.rf.f927c8d0a2064cb8bf7cf38f1ae513d3.jpg,1,0,0,True,54,54,1.0,JPEG,True,False,46f03b1ecd54586014d63b3e9aa3fd39
train,i_1186_jpg.rf.404d6ab1a646ae600ea4d93fd8d70aea.jpg,1,0,0,True,56,56,1.0,JPEG,True,False,3e84c7db4d08a578bcca3bbe96785746
train,i_1187_jpg.rf.4e085eb295ea6ff673a3380678f186eb.jpg,1,0,0,True,63,63,1.0,JPEG,True,False,3306930cb4796ac0848c1c1cf626640a
train,i_1188_jpg.rf.1dfb228fd43c10714729761183aa92fb.jpg,1,0,0,True,62,62,1.0,JPEG,True,False,f5c5f8621718ef21e031c5cb656ed78c
train,i_118_jpg.rf.83da45de695b0d97b097c489a4b0913a.jpg,1,0,0,True,175,169,1.0355,JPEG,True,False,ddd5091ac88e3300e6557b2ec564140c
train,i_1190_jpg.rf.08a4b262b05e84670ccec2f58b83ab9d.jpg,1,0,0,True,52,52,1.0,JPEG,True,False,43d549f018b734cb464b5905329024ee
train,i_1193_jpg.rf.f69af4bfdf24a1689d4b2f5a8011002e.jpg,1,0,0,True,50,50,1.0,JPEG,True,False,c34484b5ffeb7253f5ae4566f74c4382
train,i_1195_jpg.rf.27d987435f46a939bd4848928c224874.jpg,1,0,0,True,51,51,1.0,JPEG,True,False,6341a6bc885d3ac3c00aeb4a67075610
train,i_1196_jpg.rf.d6161a2fa637af900de90ad9b7137207.jpg,1,0,0,True,66,66,1.0,JPEG,True,False,eeed16c859ccaba1fdf3b98f5d0466a1
train,i_1197_jpg.rf.0b4b63b4d65dfc11f97d080590ce6fb0.jpg,1,0,0,True,62,62,1.0,JPEG,True,False,364bddaad352f9adef02d481496924d9
train,i_1198_jpg.rf.f68f58297015213c50e24d9d509a81a7.jpg,1,0,0,True,56,56,1.0,JPEG,True,False,84f8c848b12f05183a7ea907fd13472f
train,i_1199_jpg.rf.9cfa4dbd6d0fa6710f65941304ba3cab.jpg,1,0,0,True,71,71,1.0,JPEG,True,False,1c2da0f0bbd1f60b2e34782377e4f74c
train,i_11_jpg.rf.a91a1d8e6bb327078d8bd92dc632922a.jpg,1,0,0,True,223,159,1.4025,JPEG,True,False,fb34dce5f6d5133ab1a54489a81569fc
train,i_1200_jpg.rf.ce6be9bb42e48701216873aeee0e5c08.jpg,1,0,0,True,62,62,1.0,JPEG,True,False,87eb999f21a2948847cfe12066a57a16
train,i_1203_jpg.rf.2abe6a1744abff1acd29903444fe9b22.jpg,1,0,0,True,61,61,1.0,JPEG,True,False,5eb7a0316e902cd658d6c43d6a863600
train,i_1204_jpg.rf.9256f07b6b32932f03be1e289726bf89.jpg,1,0,0,True,51,51,1.0,JPEG,True,False,3b7f771b1639b763d729ba4483e051a1
train,i_1205_jpg.rf.79d4bfcff0bf59fab0f5871bd1c35d95.jpg,1,0,0,True,51,51,1.0,JPEG,True,False,ded0947f5ef361474fb22eb2e446c093
train,i_1206_jpg.rf.c4d356ddd67b5ca26d94c3ed9d52c509.jpg,1,0,0,True,63,63,1.0,JPEG,True,False,2f4d8ecb315b1b91b2969ba924e29f57
train,i_1207_jpg.rf.0c210145cb527a319e6c3a26a63b595f.jpg,1,0,0,True,65,65,1.0,JPEG,True,False,798803ff0f9de8d9e8fd37d6e68abac8
train,i_1208_jpg.rf.e646228d9a7782ea99a00ae395dc0c3e.jpg,1,0,0,True,63,63,1.0,JPEG,True,False,7622ed223ed8d405415e27942dbd6fa8
train,i_120_jpg.rf.8aec873b5da775ec922a4dd4552c7f90.jpg,1,0,0,True,251,176,1.4261,JPEG,True,False,fc9d2e21e96b721d008d6f372959b0ba
train,i_1211_jpg.rf.946662fd7f91ed48ace267a4bfa61764.jpg,1,0,0,True,81,81,1.0,JPEG,True,False,12a46734fcc64ffc43d94b71b1ffcc52
train,i_1212_jpg.rf.e3b1c2203bb61c1a661129fb6475a997.jpg,1,0,0,True,68,68,1.0,JPEG,True,False,be2dbbeca60a46dff78ca36262abfa00
train,i_1213_jpg.rf.41c35daee789ed8b1675241aa2f1a390.jpg,1,0,0,True,61,61,1.0,JPEG,True,False,31bb4f3f0f9223bfdbbc0a50584ed539
train,i_1215_jpg.rf.50553a406891d93bd94d623eb0fe635b.jpg,1,0,0,True,49,49,1.0,JPEG,True,False,380ca54843d5e3485baf4f37d1bda7ff
train,i_1216_jpg.rf.645e982c7aae3ad453d3521f398de5d9.jpg,1,0,0,True,52,52,1.0,JPEG,True,False,0d7c6a26f39c6ab4a49cc3e70e3daf59
train,i_1218_jpg.rf.08e75c9265d4a88f3279864ec490f1ae.jpg,1,0,0,True,57,57,1.0,JPEG,True,False,aa6612c1c08670ca5d68660378263e77
train,i_121_jpg.rf.91ab4336772b63c2bb765fe4673e7687.jpg,1,0,0,True,268,222,1.2072,JPEG,True,False,080ef7ba43fd2c2ab96568ac5731567e
train,i_1221_jpg.rf.9aa473484e6f7fbc45f8c6a292d1b364.jpg,1,0,0,True,62,62,1.0,JPEG,True,False,8a1cf23ebb744cf576466c5e9998c0b5
train,i_1223_jpg.rf.369d3b5a63f38f8260b99d4b7bf5df2b.jpg,1,0,0,True,60,60,1.0,JPEG,True,False,e8cb0604589ec5a17c7602e02ac0e3d9
train,i_1224_jpg.rf.e07cc5fae951bd5ae792b736c3c3e979.jpg,1,0,0,True,59,59,1.0,JPEG,True,False,89a35d03faa7de424bb621961cc356d0
train,i_1225_jpg.rf.29ffe5ebe57aed3bdd291ad23cb5188d.jpg,1,0,0,True,52,52,1.0,JPEG,True,False,b7eb6eb3a36fe200dffd9bf8e2c87c4d
train,i_1227_jpg.rf.157f2640033edb9758266e9b5658f9af.jpg,1,0,0,True,59,59,1.0,JPEG,True,False,c8d277e66d9f4ee4fe7a473c2ca1117c
train,i_1228_jpg.rf.61ff8ef14cbffcd4eebaef0bb83c3920.jpg,1,0,0,True,60,60,1.0,JPEG,True,False,d763c7272868f3cdc43463008713626e
train,i_1229_jpg.rf.086db84ba63fce49d6222182153cdd89.jpg,1,0,0,True,57,57,1.0,JPEG,True,False,c3283a3ed283a853e3aa147b68efb0b2
train,i_122_jpg.rf.f3bb99af448fd992c75952f75b678940.jpg,1,0,0,True,388,224,1.7321,JPEG,True,False,09115c542f1c02c98a1a355164595953
train,i_1230_jpg.rf.fce66185832213733c2b6dd107156346.jpg,1,0,0,True,66,66,1.0,JPEG,True,False,566ed1b516bf3e526052dba33eb7cde8
train,i_1232_jpg.rf.fd16a06b2d9e96f0e55d3fb8232b821d.jpg,1,0,0,True,55,55,1.0,JPEG,True,False,32aec69460a74f95716c7ef2ec3eaee0
train,i_1233_jpg.rf.b0e694a3f67498805f51aaafdc654749.jpg,1,0,0,True,52,52,1.0,JPEG,True,False,143ab0e8259886f64f6b158d07b3b354
train,i_1236_jpg.rf.5d5b835c5f5cddce80732ec0d7b20054.jpg,1,0,0,True,53,53,1.0,JPEG,True,False,8cb95eb3da94d83db34507e11a799bf6
train,i_1237_jpg.rf.b6bf860652abdd7ba825ac2fc89ec147.jpg,1,0,0,True,58,58,1.0,JPEG,True,False,5d1cd6e0b445ae389d91ca8dc6b0539a
train,i_1238_jpg.rf.b4517525ea9cc04c52a04ea7e50af114.jpg,1,0,0,True,68,68,1.0,JPEG,True,False,4ebc5f9a54ce8d722f60d2bd31d40a6d
train,i_1239_jpg.rf.4277c1b6f128f243ade9320f700306aa.jpg,1,0,0,True,65,65,1.0,JPEG,True,False,b94af231024381590cbc688ef05555ba
train,i_1241_jpg.rf.aef4bda55f3d228f71024d08e8b234bc.jpg,1,0,0,True,56,56,1.0,JPEG,True,False,87f8c512cedad58e9a7343a23d35e95c
train,i_1242_jpg.rf.f5be4787526d75038a81a70daa0d3fc0.jpg,1,0,0,True,55,55,1.0,JPEG,True,False,fa96dfdc2b36d3b570a3df090436f3eb
train,i_1243_jpg.rf.92e0d8173836b8e457de686018bb0434.jpg,1,0,0,True,58,58,1.0,JPEG,True,False,d6c8a658d7aa28e506eb75b169df308f
train,i_1246_jpg.rf.b182922411c322db3c39e68a6cfb6377.jpg,1,0,0,True,62,62,1.0,JPEG,True,False,cc5e666202d9d61b5ed13728dcd0b75e
train,i_1247_jpg.rf.1872d6f797c4cd65958967986e7bc107.jpg,1,0,0,True,59,59,1.0,JPEG,True,False,eda75f0d41ed87d7071433305378b560
train,i_1248_jpg.rf.a3b5b3a57ef2c66c083e49536be8fa9b.jpg,1,0,0,True,66,66,1.0,JPEG,True,False,9eb184a28158441f4317a00406112f21
train,i_1249_jpg.rf.4dea0d6f361243227a4a5620b5eb6347.jpg,1,0,0,True,59,59,1.0,JPEG,True,False,d0af23ad5efb469e60f324c5350160b5
train,i_124_jpg.rf.d06a7fd91503e97579392bbe5bd4cc2b.jpg,1,0,0,True,327,212,1.5425,JPEG,True,False,0b8ee19f2a7d0580ecee307b0001c27a
train,i_1250_jpg.rf.6f12aba232f21074aa04c020b21cd181.jpg,1,0,0,True,56,56,1.0,JPEG,True,False,e5173a1f4c0e4b988973f04360654edc
train,i_1252_jpg.rf.ab10a6601bfe82fbb774acd6bec98194.jpg,1,0,0,True,60,60,1.0,JPEG,True,False,f4d2efaf72d105510b6edf1024278a04
train,i_1253_jpg.rf.505c194a0650e23510a37c219ae90431.jpg,1,0,0,True,50,50,1.0,JPEG,True,False,a6e44019712ff9f4b9aee1986e249f2a
train,i_1257_jpg.rf.2c5d40cf2fadb79144c69aff5cd46dcf.jpg,1,0,0,True,53,53,1.0,JPEG,True,False,8ba5baed0b83d7903545a7677322c507
train,i_1258_jpg.rf.9b61c535a9c2d8e965a5e236f62a73e0.jpg,1,0,0,True,45,45,1.0,JPEG,True,False,558c057bdc42777dd6a4511a5402aec0
train,i_125_jpg.rf.ddb27652c285d5b1d2cafbaf03304d6b.jpg,1,0,0,True,398,307,1.2964,JPEG,True,False,1493554240d7792698d7947c75cd517c
train,i_1261_jpg.rf.26bb094c4edaf24c77908a8a9cb5312a.jpg,1,0,0,True,50,50,1.0,JPEG,True,False,968c9d0609945450a66d3195a0a39327
train,i_1262_jpg.rf.ef1cc473f444013c9da2692f455266ef.jpg,1,0,0,True,42,42,1.0,JPEG,True,False,2fe9836e3ba7f5f35f93de73b47b12ae
train,i_1263_jpg.rf.55f20c6de713406f2a444106a1896635.jpg,1,0,0,True,45,45,1.0,JPEG,True,False,1de99ae1fb67a34d2e88c9f4bc191f42
train,i_1264_jpg.rf.35346c94527db34a970e5d4959ed6b31.jpg,1,0,0,True,58,58,1.0,JPEG,True,False,194f0e7acf0aed2a9691e5faa42e4171
train,i_1266_jpg.rf.70881f13410d77cce3427f54d0b270ef.jpg,1,0,0,True,59,59,1.0,JPEG,True,False,b795f01c09074c7a46447f63e8a13bd3
train,i_1267_jpg.rf.7e835c5b96466c632d614aa61e6d2650.jpg,1,0,0,True,62,62,1.0,JPEG,True,False,b0b39600d27d398fabc0796207381fc2
train,i_1268_jpg.rf.3e1d5ea7c73394b96cd2398151766875.jpg,1,0,0,True,52,52,1.0,JPEG,True,False,15d8268d8e32531e652063686a8b8f9c
train,i_1270_jpg.rf.4102f95e700cc739497a37c82f181370.jpg,1,0,0,True,46,46,1.0,JPEG,True,False,73b994adbc4e2a7ba31250e805875cc4
train,i_1273_jpg.rf.60b7d5500c7be6b791829a349ff583ac.jpg,1,0,0,True,61,61,1.0,JPEG,True,False,3add3d143b9e7760fd69e78db1ba69b7
train,i_1274_jpg.rf.92c2668757879bd51ff5425267ee7659.jpg,1,0,0,True,56,56,1.0,JPEG,True,False,7a74f6ea29a735533c00d9a79737b697
train,i_1279_jpg.rf.5406a9af780071926a96addeeb3407df.jpg,1,0,0,True,56,56,1.0,JPEG,True,False,f061dabf80d39e76682e6ac8eddcef5d
train,i_127_jpg.rf.7771955b14599eb63c51e065ea7396f6.jpg,1,0,0,True,231,291,0.7938,JPEG,True,False,9f3890719ac19e2009c69a5e83230bf0
train,i_1280_jpg.rf.c87c24ac7ddf3741fb29dc24cd296af3.jpg,1,0,0,True,53,53,1.0,JPEG,True,False,1677397b3ddd51cefe4fd691938cb4d4
train,i_1281_jpg.rf.6a6f14f0723fc7618d070859e13b8345.jpg,1,0,0,True,53,53,1.0,JPEG,True,True,5ff2da262859120a3b4bc99333dc906a
train,i_1282_jpg.rf.a3765326a973ff18235657733ad640d2.jpg,1,0,0,True,62,62,1.0,JPEG,True,True,67cae0ca3caae4297bf16245d02e3782
train,i_1283_jpg.rf.8620689cc3f6c8cb9f71fae29ba61444.jpg,1,0,0,True,56,56,1.0,JPEG,True,False,ef8a4aba884d2c9e40b8ae1f060345e7
train,i_1284_jpg.rf.4eda8266663546aeb1b5dd19e93eec54.jpg,1,0,0,True,61,61,1.0,JPEG,True,False,6cc7f2af97ea306445360f6a892d43d0
train,i_1285_jpg.rf.4c365e5b279125cfde370583dd5403fa.jpg,1,0,0,True,67,67,1.0,JPEG,True,False,99cb19c34dc762d227a59f8aa9d47efa
train,i_1286_jpg.rf.31a70efee32b70b57f0fadac316383d4.jpg,1,0,0,True,62,62,1.0,JPEG,True,False,983cf32a35264e6abf85e2582ea7f5b5
train,i_1287_jpg.rf.0063bee9a18ac85b7bb7a2ea59b314cf.jpg,1,0,0,True,45,45,1.0,JPEG,True,False,6a4f8361978a958ff2330143265ce0ba
train,i_1288_jpg.rf.1d3270d14e4cda357fe0e732f5f651cb.jpg,1,0,0,True,49,49,1.0,JPEG,True,False,5fbdbddfde3f5da7761a69e85c5b95d5
train,i_128_jpg.rf.55339faa5c84b0cdec19163307be2b0b.jpg,1,0,0,True,321,254,1.2638,JPEG,True,False,c0a416938878f2f1bf956f30da058094
train,i_1290_jpg.rf.6ff815aa07eaba15d8bc7c53cdddd97c.jpg,1,0,0,True,56,56,1.0,JPEG,True,False,3f24af183051293b9da841630fd1a41c
train,i_1291_jpg.rf.99b3bc873563a60b231fccdb69dee044.jpg,1,0,0,True,41,41,1.0,JPEG,True,False,e760c175c34a3186f189778703a3b965
train,i_1292_jpg.rf.a3562c8eb5d26bbad75d4991e6be2557.jpg,1,0,0,True,46,46,1.0,JPEG,True,False,cf82e6f8bd986c308221c946bb5ae133
train,i_1293_jpg.rf.8ba920b86457dc2bf8e4a08abb4fd465.jpg,1,0,0,True,60,60,1.0,JPEG,True,False,a6975a33a493db3a82d9d5e83e45e694
train,i_1294_jpg.rf.4d823e8cac07d0da0dd1b51993cee287.jpg,1,0,0,True,58,58,1.0,JPEG,True,False,2f2c177f8c236b6085e0d52445f6a164
train,i_1295_jpg.rf.cf04052f722ad37ede0568b28ac98701.jpg,1,0,0,True,58,58,1.0,JPEG,True,False,e09435e93d4aa66d438b7b736421e446
train,i_1296_jpg.rf.539dab8e5303602a41b78e16f814a057.jpg,1,0,0,True,56,56,1.0,JPEG,True,False,b72ac4b9ee241bbb39260ff80af86b52
train,i_1297_jpg.rf.65879b2fd0a938fc927aa5f9f9178e18.jpg,1,0,0,True,55,55,1.0,JPEG,True,False,8c438b2c2fcef15391d3d0a2c9aef26f
train,i_129_jpg.rf.88132209ef7968ff153b6721d1f5abc6.jpg,1,0,0,True,167,162,1.0309,JPEG,True,False,37738f82762e03c613103fc321a2d078
train,i_1302_jpg.rf.c3cba3f20ec7187ee440474af0047176.jpg,1,0,0,True,62,62,1.0,JPEG,True,False,b17b6e16c9523ee8cb3f19acb88dd3b8
train,i_1304_jpg.rf.51318933be89106a9764cc862e8b23b9.jpg,1,0,0,True,63,63,1.0,JPEG,True,False,47c71b87f9a81a0664a1bb452b01ac56
train,i_1306_jpg.rf.868a6be6e7781bc2882b134d6a467b1a.jpg,1,0,0,True,47,47,1.0,JPEG,True,False,93859c34dd2fe3bc1cd3e7ac40cef1e5
train,i_1307_jpg.rf.6142ca8be9a868a97d8bcf7411ce5d66.jpg,1,0,0,True,58,58,1.0,JPEG,True,False,db5567ff05ec120f1347c566a02f7be5
train,i_1308_jpg.rf.35f5b2d12d4fe0d3f08f8943754fa86c.jpg,1,0,0,True,53,53,1.0,JPEG,True,False,81fa4c8a847f0f1c7c6f46f0c126ae83
train,i_1309_jpg.rf.22fa3cc338b1bee3e936e1514c0121c4.jpg,1,0,0,True,51,51,1.0,JPEG,True,False,58d2e6861feb6c7823d872d0c74326c8
train,i_130_jpg.rf.85a1de71ef6d9b017161b72da5856008.jpg,1,0,0,True,291,239,1.2176,JPEG,True,False,a7c64de36849efdc65da28d34b7a3eb6
train,i_1312_jpg.rf.259fba2eeaada22a3ada49e60cc8a02f.jpg,1,0,0,True,56,56,1.0,JPEG,True,False,360bf90b8bb989097c4b1dd4e93aaa68
train,i_1314_jpg.rf.fe4f41b148492cea9d908028f9743eec.jpg,1,0,0,True,62,62,1.0,JPEG,True,False,ebc276e0f8f9020778c9793e6381f610
train,i_1315_jpg.rf.438334710cbdbf68df7b52d2fa99be6b.jpg,1,0,0,True,52,52,1.0,JPEG,True,False,591a97e68f688a89de7f6a1d25e04cb9
train,i_1316_jpg.rf.a36c7fe7beb0e7c48d78398f3828ba47.jpg,1,0,0,True,50,50,1.0,JPEG,True,False,8b675220ead5bc9196771d42dd11155e
train,i_1317_jpg.rf.485760e76893c0ca0f0bf04feb92b772.jpg,1,0,0,True,59,59,1.0,JPEG,True,False,b454bc7ff9ba134cd16133f37577a594
train,i_1318_jpg.rf.7f59db7e2eb3e40e2828d2c307aa8d76.jpg,1,0,0,True,46,46,1.0,JPEG,True,False,aa79a11859fd7bff3e42fbacd63f6c5b
train,i_1319_jpg.rf.1c9a173229fde56661f21fc1ac139a3f.jpg,1,0,0,True,54,54,1.0,JPEG,True,False,b4e3884c9c979ff6f984d49c4fa7c7b1
train,i_1320_jpg.rf.58ac309eb7b0fc2b95c6323379d756df.jpg,1,0,0,True,54,54,1.0,JPEG,True,False,f41abdebd2300c3506a702afae1be9c6
train,i_1321_jpg.rf.1aa8298b7a02c190d74ac6bc5fd92145.jpg,1,0,0,True,50,50,1.0,JPEG,True,False,a147dfc6e9a8cc72503b35c203bda44e
train,i_1326_jpg.rf.4d3a8898f165535c1c99e23f551f6f5a.jpg,1,0,0,True,62,62,1.0,JPEG,True,False,d569f52c3dce036d86cbf1788aeccf43
train,i_1327_jpg.rf.eff996324c229292235911ba2816e9e3.jpg,1,0,0,True,59,59,1.0,JPEG,True,False,de14964afb96fd7daa4dd4084a9f8cdb
train,i_1328_jpg.rf.e41cb0c33c968a151dfbbcf77c030733.jpg,1,0,0,True,60,60,1.0,JPEG,True,False,81c7066009eb877db0000a776e4bc042
train,i_1332_jpg.rf.59ec369e0e6a8c27340948208a15d2a6.jpg,1,0,0,True,49,49,1.0,JPEG,True,False,7301469b14af64a57d91908a598aa77b
train,i_1333_jpg.rf.4a44515d547b1fccf4fae6f229d54e04.jpg,1,0,0,True,57,57,1.0,JPEG,True,False,842b4482b51a591e8b6f24e4a13100eb
train,i_1334_jpg.rf.7fee7aebd5b658a2511791db595c865f.jpg,1,0,0,True,60,60,1.0,JPEG,True,False,e5924a6bd636cd14160b08c649dd7615
train,i_1335_jpg.rf.a634b2f4a4e6b9ed5e8df5240c10085c.jpg,1,0,0,True,55,55,1.0,JPEG,True,False,a9d95f8fdcf694a421672bb642f05ef7
train,i_1337_jpg.rf.1265ceba2bc8dad6a7a081af0e330595.jpg,1,0,0,True,61,61,1.0,JPEG,True,False,67d6693e16b3559a76ac74704217e059
train,i_1338_jpg.rf.619a38012f71eeeae0ba461834f1e503.jpg,1,0,0,True,65,65,1.0,JPEG,True,False,b0cd5831045bf0ca6f1762e0e7f9f9b7
train,i_1341_jpg.rf.5d98a9ab66f83466af482029829ce00f.jpg,1,0,0,True,56,56,1.0,JPEG,True,False,8fa76bb7a8d8705f0ec1ee61844ffee3
train,i_1342_jpg.rf.941949a835dad5793fe67c8288885def.jpg,1,0,0,True,57,57,1.0,JPEG,True,False,7f4390852c7aa8b69c78605f0f523ca5
train,i_1344_jpg.rf.457903f0a60adc3a7c34f845ab1a6673.jpg,1,0,0,True,63,63,1.0,JPEG,True,False,157bf464f531eb5936edd0af6e1e3da8
train,i_1346_jpg.rf.afc57de03ae4f981aaa57bac30c7cb04.jpg,1,0,0,True,60,60,1.0,JPEG,True,False,fa25f6d38dacaec5687faca8d120f7a8
train,i_1348_jpg.rf.8545ce4ce1a7a9d9016604b43e6626aa.jpg,1,0,0,True,50,50,1.0,JPEG,True,False,7c5011d015c5289e3ad00259939739ed
train,i_1349_jpg.rf.24b0e8eab85edfc560bf8d223ecdbd50.jpg,1,0,0,True,47,47,1.0,JPEG,True,False,9454fe5a42e956b79aaae969dcdfa259
train,i_1350_jpg.rf.4d3b552f264370a729fc61f80da2e516.jpg,1,0,0,True,62,62,1.0,JPEG,True,False,ef98a73a3fcf01fc279b94423cfd68fc
train,i_1352_jpg.rf.4ed448733ec00eb619ecc7f116a5e2ce.jpg,1,0,0,True,53,53,1.0,JPEG,True,True,2afde3383449fa71774239559aa4c6c0
train,i_1353_jpg.rf.292628ba5ff7fe0bfe2b95a528cb027e.jpg,1,0,0,True,48,48,1.0,JPEG,True,False,5197baef0c6738cdfe537ba9552a4ac3
train,i_1354_jpg.rf.d4500b2ff470f4c06d02e575660f83ca.jpg,1,0,0,True,56,56,1.0,JPEG,True,False,b1f16a82c343b81395b424def0e13d46
train,i_1355_jpg.rf.d5ee7f013be2e996fc14d6288f253b2a.jpg,1,0,0,True,66,66,1.0,JPEG,True,True,21caf0e7466a5301a570c2bcc2d1928a
train,i_1358_jpg.rf.c3ec48c7f5fa3090b8886bfc5e3a8671.jpg,1,0,0,True,48,48,1.0,JPEG,True,False,654c640229da88bb065a367918184505
train,i_1361_jpg.rf.a2318a29ce797153694aa9df1b872ce1.jpg,1,0,0,True,48,48,1.0,JPEG,True,False,53f9020b430cc15b7fb5d29d3c86310b
train,i_1365_jpg.rf.30be8e335933275fca6327873fc64bc2.jpg,1,0,0,True,73,73,1.0,JPEG,True,True,8388f371d6e473b50628fe65073f8f64
train,i_1366_jpg.rf.13a045395885cef20136e5fb2fd3eadd.jpg,1,0,0,True,58,58,1.0,JPEG,True,False,4baf326c1798efacf6f5a7fdb517124c
train,i_1367_jpg.rf.d8bc4c8d56b44aa417f7574b7f2fb6c0.jpg,1,0,0,True,53,53,1.0,JPEG,True,False,de11d8ac1243759bb5914c9e21da8476
train,i_1368_jpg.rf.ce06bda7dffe4bd4b15dfc3ce8ff4e20.jpg,1,0,0,True,55,55,1.0,JPEG,True,False,1550c60cd9869e3543c86971b1ccae62
train,i_136_jpg.rf.4d656e88a108ca0da483ffd0921f315f.jpg,1,0,0,True,195,149,1.3087,JPEG,True,False,edc3215637db65ce19cdc3a9dc430fb9
train,i_1370_jpg.rf.725576b6a11c852bba64072f2e4a7d18.jpg,1,0,0,True,58,58,1.0,JPEG,True,False,b179dd108e88ea16f77cc56f458ec064
train,i_1371_jpg.rf.9e3927ef3c70fc522dd18e56c5d91817.jpg,1,0,0,True,58,58,1.0,JPEG,True,False,a0ec76d948c7405de9a1ce9cb5fb4fea
train,i_1373_jpg.rf.9ded9d7301742e5fb9580d8c4b5976a5.jpg,1,0,0,True,44,44,1.0,JPEG,True,False,ffe0e8992c6a20e09c92ac71f3a7cfd5
train,i_1374_jpg.rf.89453d3ce6877e7ead746b4da3827c4a.jpg,1,0,0,True,61,61,1.0,JPEG,True,False,cc54be7e453f1f3d19f2734b83ff3489
train,i_1377_jpg.rf.7bceb7e5e8722ca1c4444d102c85340f.jpg,1,0,0,True,54,54,1.0,JPEG,True,False,a073c3c31e16e579d88e49c850e202c7
train,i_1378_jpg.rf.3da4cd4168acfca771fc3e220ef7768a.jpg,1,0,0,True,52,52,1.0,JPEG,True,False,e0c8178275adf13f73656853944b5392
train,i_1379_jpg.rf.970b0e9a41293b5154964c4f54ed35b3.jpg,1,0,0,True,56,56,1.0,JPEG,True,False,0bdfe2238370807aaa6de600af46dbd4
train,i_1381_jpg.rf.cd2f8d80de4312e470ad2c45ff955756.jpg,1,0,0,True,65,65,1.0,JPEG,True,False,239277d82489a2e9d528ca08301335d3
train,i_1382_jpg.rf.048ef527f594e64878355479f7023da2.jpg,1,0,0,True,46,46,1.0,JPEG,True,False,d4bc13d119fc677aa82488655ba8b573
train,i_1387_jpg.rf.e670422a0f679135bb2bc066ecff36e3.jpg,1,0,0,True,71,71,1.0,JPEG,True,False,7e49182b0275817cd146baba85987e4f
train,i_1388_jpg.rf.0a5fb9731b3cc03cafda807a509fb8fb.jpg,1,0,0,True,54,54,1.0,JPEG,True,False,2c7e142426b9685e3114164db891ed37
train,i_1390_jpg.rf.b3fdedc7b9bf0581f58ceebd76b72c73.jpg,1,0,0,True,67,67,1.0,JPEG,True,True,f4c25ef818caef9f4bbe5dabf4178147
train,i_1391_jpg.rf.cca3e92e459032047b2c800b3604421a.jpg,1,0,0,True,57,57,1.0,JPEG,True,True,49ae86d83ab73d3123780d770598ec8f
train,i_1392_jpg.rf.349926815b703334826893b97cacccfc.jpg,1,0,0,True,57,57,1.0,JPEG,True,False,d6d177ff5dce2e0f4b0e950d4679e06f
train,i_1393_jpg.rf.ed9a0c9c1001eef866684429ccaa30a8.jpg,1,0,0,True,66,66,1.0,JPEG,True,False,211b2daf0fbd141c1c6a3b67ff95b6b2
train,i_1394_jpg.rf.da165b23a30372a804c37bad8d24fc60.jpg,1,0,0,True,65,65,1.0,JPEG,True,False,25506a05d39801f94c55e5c59f133691
train,i_1397_jpg.rf.df99740d8b82bcbdb4fe6ac7b7ed8891.jpg,1,0,0,True,60,60,1.0,JPEG,True,False,a3ff9bda4064a385e1fe14db13ced2af
train,i_1398_jpg.rf.0f89fc3099cd5addf3c20be57910ac69.jpg,1,0,0,True,57,57,1.0,JPEG,True,False,e89152be1116f75c43bca43654dd030b
train,i_139_jpg.rf.fb277d7b777a162be0f78b641e5d182f.jpg,1,0,0,True,223,181,1.232,JPEG,True,False,ab28f730a492d43a93b12b8ff4b618d9
train,i_13_jpg.rf.c2f321cf8607f7e325c92d50f830a937.jpg,1,0,0,True,466,324,1.4383,JPEG,True,False,c26170825717c1ee4701a7e9ef1f3dc7
train,i_1401_jpg.rf.acf7f5953e2dc92214d9ed20b464c1d9.jpg,1,0,0,True,57,57,1.0,JPEG,True,False,088b778a8dfe1ac5b932aeb4a07d4d2b
train,i_1406_jpg.rf.a68f4adcf9d649a8359d0f1617048add.jpg,1,0,0,True,61,61,1.0,JPEG,True,False,b1b5b97a05f62f8a8649a9cbc769ab7e
train,i_1407_jpg.rf.8046837887a281acd2e555c1f60c04a8.jpg,1,0,0,True,67,67,1.0,JPEG,True,False,73713b47e092d40214fa1ba47ad354e6
train,i_1408_jpg.rf.4a26c3f235480262de51525f713dacd0.jpg,1,0,0,True,52,52,1.0,JPEG,True,False,a81b027a60cb4dfa0e0298c49c81bec9
train,i_1409_jpg.rf.8b68981d236477fa28277369e67df8b8.jpg,1,0,0,True,60,60,1.0,JPEG,True,False,55674fd943a043a42bb07ca1f6eea528
train,i_140_jpg.rf.b0a266f0a528ab8a62b0046d836402ae.jpg,1,0,0,True,277,195,1.4205,JPEG,True,False,e1e92005d02cd6bc2b5ffc1e937d6545
train,i_1410_jpg.rf.4433e4e479d134a4d5af87ddcb78339d.jpg,1,0,0,True,55,55,1.0,JPEG,True,False,ce3752c9ed816e200aa06f716fd31b1e
train,i_1411_jpg.rf.ceec9b718e901e25785b9eed3f7c0095.jpg,1,0,0,True,60,60,1.0,JPEG,True,False,edb60eab294536c34e70dd32e520311b
train,i_1413_jpg.rf.717b2e6b69222a06d1e62f8dff6b123e.jpg,1,0,0,True,58,58,1.0,JPEG,True,False,00e168b25b62f016dfdaf5d6fddd32ef
train,i_1414_jpg.rf.1d47fd6c444c0a7011e98d37af7a4f0d.jpg,1,0,0,True,57,57,1.0,JPEG,True,True,f9d59ff3f279dfd38373008b7cbeb650
train,i_1415_jpg.rf.8458320d45f5a418f117a47f4a33a316.jpg,1,0,0,True,56,56,1.0,JPEG,True,False,c50d832c5f7a81f473f5061d0c69160d
train,i_1416_jpg.rf.4da6d8ecf34bf4a89fc7190a2a969e52.jpg,1,0,0,True,62,62,1.0,JPEG,True,True,56f012ad903608d774f64154bbcea11e
train,i_1419_jpg.rf.e3ea878fa54168f55b13a9f3fa49114e.jpg,1,0,0,True,60,60,1.0,JPEG,True,False,1438e847107ec8aa28950f7626d7be26
train,i_141_jpg.rf.7f3ffb8b6ce211e10e0f9ab7cd08e560.jpg,1,0,0,True,247,197,1.2538,JPEG,True,False,31ea24028b53f17505af71a173d72872
train,i_1420_jpg.rf.41b532e6dd18465f5a56702cf21908da.jpg,1,0,0,True,64,64,1.0,JPEG,True,False,808b282905c351b8c4701c208db4608d
train,i_1421_jpg.rf.a44214dbfa141b418c609938005fa5a0.jpg,1,0,0,True,64,64,1.0,JPEG,True,False,44b6ca2fc746f9182672e405339164aa
train,i_1423_jpg.rf.3d18e9412097270dc710a23b885c4bb8.jpg,1,0,0,True,60,60,1.0,JPEG,True,False,bd56ca4762159e26a34414248a8de543
train,i_1424_jpg.rf.ec1e08ed821990e7f113233eb19b3aaa.jpg,1,0,0,True,60,60,1.0,JPEG,True,False,70b68ed0c05bea0fb12f06cbf200da07
train,i_1425_jpg.rf.8feb03c221bb1f7f9b1a463025269613.jpg,1,0,0,True,52,52,1.0,JPEG,True,False,d02b6e9644a8daecd01a1262be5eae50
train,i_1426_jpg.rf.29a8f1a8959d5aa5209f50c34f613d11.jpg,1,0,0,True,50,50,1.0,JPEG,True,False,fc192276d12ccb81278feb5a8238b9b3
train,i_1429_jpg.rf.b92ab8e4605897521582e033f0ec16ed.jpg,1,0,0,True,57,57,1.0,JPEG,True,False,3c8ce853c443af30a9a87aaf63467f50
train,i_1430_jpg.rf.0ee57d6c122b35ee4f7e488e8d9c5d8f.jpg,1,0,0,True,81,81,1.0,JPEG,True,False,b6baa6640455d4e5588b58c07054b747
train,i_1431_jpg.rf.a13db0115a724ff667eb7e7dbd31f4bf.jpg,1,0,0,True,58,58,1.0,JPEG,True,False,fb71260d60356bfebde3443b32a565af
train,i_1433_jpg.rf.8fda436979e65abf7c56574c1baaf6f0.jpg,1,0,0,True,47,47,1.0,JPEG,True,False,a1e15cce854740e83da30985047f6b84
train,i_1434_jpg.rf.76e8f8536ff296da9d597a3eadfe50f8.jpg,1,0,0,True,59,59,1.0,JPEG,True,False,9c79023d049624c8b94915e1d5d5a1c4
train,i_1436_jpg.rf.9fcaf87edd5a5fb1cc2c9c929737543e.jpg,1,0,0,True,47,47,1.0,JPEG,True,False,b14e41d7206fd6fd75e30d0205c3c86f
train,i_1437_jpg.rf.eff1eaec5b651a24233a814f74bdcd21.jpg,1,0,0,True,53,53,1.0,JPEG,True,False,660843b790918bd523eabca03df6a10a
train,i_1438_jpg.rf.fba1fcdd544d9479e9cb7db82df1cb88.jpg,1,0,0,True,61,61,1.0,JPEG,True,False,7facc3000b9c0d303d836d229ca4852b
train,i_1439_jpg.rf.7666ffcb8aeeb60c015e445c92efd6b8.jpg,1,0,0,True,60,60,1.0,JPEG,True,False,3827a47094447547b909af868a8a5519
train,i_143_jpg.rf.db1a3bbbdf3c77c6b54d4064a317dd8a.jpg,1,0,0,True,214,182,1.1758,JPEG,True,False,45595154936fa30a1fa8e8c607e88d10
train,i_1440_jpg.rf.d2853f696229e4de387895c04bfaffb5.jpg,1,0,0,True,62,62,1.0,JPEG,True,False,2a84a51ec851353b350fac318203aa1e
train,i_1442_jpg.rf.9a9625135c2638a43159e68d84760f41.jpg,1,0,0,True,52,52,1.0,JPEG,True,False,606d55dcd325b569bed3ae6289723efa
train,i_1443_jpg.rf.5cb745c47288012b9440057278c4980b.jpg,1,0,0,True,64,64,1.0,JPEG,True,True,e26ad7eac799a72d077e08db4048739b
train,i_1445_jpg.rf.c8b71380218bf338219e24f76a470171.jpg,1,0,0,True,48,48,1.0,JPEG,True,False,09933e9db7c8e2712e348cb481b9ab40
train,i_1446_jpg.rf.8ba9a33736946f955463f3f3db6178e9.jpg,1,0,0,True,53,53,1.0,JPEG,True,False,0506d415b9de39736f4031034a4e079c
train,i_1448_jpg.rf.c1b2b1d549d2d61a4b86daf0e1cee705.jpg,1,0,0,True,64,64,1.0,JPEG,True,False,ad6a5ee1453a58a23456adeaabdb9b46
train,i_1449_jpg.rf.82f3127acd1a341a9ba1a83a89717552.jpg,1,0,0,True,56,56,1.0,JPEG,True,False,aeeb65d666269910e56bb3d293496670
train,i_1452_jpg.rf.9d8f198194067843c257f9bb509cfa70.jpg,1,0,0,True,65,65,1.0,JPEG,True,False,72417c5424d96e9464d37b5f358c035e
train,i_1454_jpg.rf.ca4f9c2de2a13c35a79d8c1a19c7aa0e.jpg,1,0,0,True,48,48,1.0,JPEG,True,False,b09755ce779f783c0a2ca1e7a6a1a7d4
train,i_1456_jpg.rf.ad1a934d3288c66ef53d0aa4d4bba3f0.jpg,1,0,0,True,72,72,1.0,JPEG,True,False,1d0744fe5252b5a18ebb99cdbeb7b6d6
train,i_1457_jpg.rf.3d7da5cac75aed628102b159fd2c6983.jpg,1,0,0,True,59,59,1.0,JPEG,True,False,b0027757575cd8677300b624ca1759ee
train,i_1458_jpg.rf.bcdb0bc75d19ac293860f8e86f282056.jpg,1,0,0,True,63,63,1.0,JPEG,True,False,c2a774bbae12a82efef4c56a3456d20d
train,i_145_jpg.rf.59f228149a6d89dfdd083f32a12086d4.jpg,1,0,0,True,226,203,1.1133,JPEG,True,False,b65196adc1562608998b6c3eab860348
train,i_1460_jpg.rf.af77c4455c58ee8aa241efe925bc3d6a.jpg,1,0,0,True,55,55,1.0,JPEG,True,False,256e50e40d3d892148c565de0346ce37
train,i_1464_jpg.rf.bc93f7e7308bbe78c9ede60a5640df17.jpg,1,0,0,True,61,61,1.0,JPEG,True,False,58ce0442d5f83f5045cbcc74aa2beca5
train,i_1466_jpg.rf.670b4c8db99af36c30a0793ce4667170.jpg,1,0,0,True,58,58,1.0,JPEG,True,False,19b8b300c48b8b4e734803d95fc7f8db
train,i_1468_jpg.rf.a6424978115045075446f0da4fce08c6.jpg,1,0,0,True,59,59,1.0,JPEG,True,False,7f83f780a2f90b3b37f56c717c711806
train,i_1469_jpg.rf.215193fc7f949afafc273157b71f452c.jpg,1,0,0,True,74,74,1.0,JPEG,True,False,d4272f05caac6a3ae6982a216c95d228
train,i_1470_jpg.rf.f0e61e30b47d35a9d809a340c3fdd5da.jpg,1,0,0,True,72,72,1.0,JPEG,True,False,a84b0243480039d148c84696f6f2f061
train,i_1471_jpg.rf.6060780641deffc975d63201f319929b.jpg,1,0,0,True,55,55,1.0,JPEG,True,False,8cd5ae4515bd166cd0b51ff4d0ec7fd9
train,i_1472_jpg.rf.cd1261942a896bd2493e175b7a75a1ea.jpg,1,0,0,True,53,53,1.0,JPEG,True,False,bc21043230620b96a559e3fbcfefa540
train,i_1473_jpg.rf.ae9f85e214298aefb2ff8a9a0a461cd1.jpg,1,0,0,True,52,52,1.0,JPEG,True,False,ad9560e8c9da786fcb74b4dbe2a53912
train,i_1475_jpg.rf.dbec1c7e9abbaa238a00e80f26763104.jpg,1,0,0,True,65,65,1.0,JPEG,True,False,b8e0d5eb549ec172b51dc75e9d2f558d
train,i_1476_jpg.rf.ca86ed3456c89556b6732a43ec986e0e.jpg,1,0,0,True,59,59,1.0,JPEG,True,False,3bf8ab24790f0f2433162816f342a542
train,i_1477_jpg.rf.6fa26f7a543ddd9fd27e4477f6763a27.jpg,1,0,0,True,55,55,1.0,JPEG,True,False,c7bfa894f880d3fdbbaf81e208c53013
train,i_1479_jpg.rf.dc250f139f0e9b5b93f11976f48128c2.jpg,1,0,0,True,60,60,1.0,JPEG,True,False,8a3f08d7a11f25e02eb6cb772e753af5
train,i_147_jpg.rf.b63834d28a60e6bdff566c47c21570f0.jpg,1,0,0,True,247,189,1.3069,JPEG,True,False,3d88111b3759bf4dfd34ba34e8c5c9d2
train,i_1480_jpg.rf.01843b66e76dcbd2cc73508ab3bc2a21.jpg,1,0,0,True,52,52,1.0,JPEG,True,False,2c53098887c34ea8ba379ab992279728
train,i_1481_jpg.rf.3a7bc7edb71288feefbb3ef2303c0568.jpg,1,0,0,True,53,53,1.0,JPEG,True,False,cf96e3d78c89bd5b803cbc769678dd14
train,i_1482_jpg.rf.b613aff1b154368ea239f645f416dd06.jpg,1,0,0,True,79,79,1.0,JPEG,True,False,a85cc0145120208d29238c40eef1c2d5
train,i_1483_jpg.rf.ef5bf7f979c68b64b1218f28726ec665.jpg,1,0,0,True,54,54,1.0,JPEG,True,False,32e3d07efe216103f5eaa9844861a0a7
train,i_1484_jpg.rf.003c93c0abad7e2c0bbfdfce16059348.jpg,1,0,0,True,49,49,1.0,JPEG,True,False,72e967eba6a91f1af0685c8744b74367
train,i_1485_jpg.rf.0f696cf8fa3d79e88d0728a6489acdaf.jpg,1,0,0,True,57,57,1.0,JPEG,True,False,3dedeb0a89134e28faba1abbd129158b
train,i_1487_jpg.rf.23d4dc2a31406f3ded6611ac9bed7306.jpg,1,0,0,True,51,51,1.0,JPEG,True,False,a986eed7f5676d8336c6137b8d420ff8
train,i_1488_jpg.rf.294b6dd050897c8ff34ae912dd805c63.jpg,1,0,0,True,54,54,1.0,JPEG,True,False,80051ab2e740860568afb55c14aea396
train,i_1489_jpg.rf.5a57ded60bfd01171bfb8f6e13277f61.jpg,1,0,0,True,61,61,1.0,JPEG,True,False,9e857fdddf5e154c549a65fee63fd090
train,i_1495_jpg.rf.ce52eff454f6b241041c7e08b2c25bd0.jpg,1,0,0,True,65,65,1.0,JPEG,True,False,47369ece109070f468e0d3fa757abe8e
train,i_1497_jpg.rf.c846ebe584eb6f99c4c5d307d836e8fa.jpg,1,0,0,True,61,61,1.0,JPEG,True,False,eaeee4562234e649640c7748e8897614
train,i_1499_jpg.rf.aef894d498152cd4fe396e18571c178b.jpg,1,0,0,True,52,52,1.0,JPEG,True,False,91e095ab7373e4951947a25e342968e4
train,i_14_jpg.rf.2765d6c84b46c88443271375492f2e20.jpg,1,0,0,True,376,299,1.2575,JPEG,True,False,e030e36befa383811581bfd57baa21f5
train,i_1500_jpg.rf.307bfdb2cefc317e448595c449875422.jpg,1,0,0,True,68,68,1.0,JPEG,True,False,6ae66365f2e529cd5aa560461f8ae12d
train,i_1501_jpg.rf.ee10c542bb350f767135d186a2611314.jpg,1,0,0,True,80,80,1.0,JPEG,True,False,fde84663df946f0175852456da447814
train,i_1504_jpg.rf.a891c885c112bddc0c6399e2af20a196.jpg,1,0,0,True,52,52,1.0,JPEG,True,False,024320e86f1d624d7bb88590e597bca7
train,i_1505_jpg.rf.af2516f85304839867be87decd5da38a.jpg,1,0,0,True,61,61,1.0,JPEG,True,False,56b0b2d5e2df1e9db01b4c6c82567ad7
train,i_1507_jpg.rf.182254cb7716be0848224a5e0399d88c.jpg,1,0,0,True,58,58,1.0,JPEG,True,False,c8c5488fbc121b5fc37e924810e970b1
train,i_1508_jpg.rf.b430fcd142d5defe0a86d024e260ffb4.jpg,1,0,0,True,55,55,1.0,JPEG,True,False,a2ff7a1774c57cd76c03940adfea6aaa
train,i_150_jpg.rf.e5cfc9783ee3409cdf5bf4cbb692f04e.jpg,1,0,0,True,295,157,1.879,JPEG,True,False,de553a21960dcb3eb19978e802d76ee0
train,i_1510_jpg.rf.f29a6d6e91e01a6f1d3890584444624b.jpg,1,0,0,True,47,47,1.0,JPEG,True,False,9e3f137b947aa149ad1ff892998db90f
train,i_1511_jpg.rf.b3226d7bcd1aa865a296493bbf376fbd.jpg,1,0,0,True,58,58,1.0,JPEG,True,False,dd980c5cfbc278522a126c6cf6b042e1
train,i_1515_jpg.rf.7a68fc327e09a3a6ffef7c1f64a4a9c1.jpg,1,0,0,True,55,55,1.0,JPEG,True,False,386df8ece7b096b0a0b0efe360679414
train,i_1516_jpg.rf.74d76205792b95148ae63197c67eb387.jpg,1,0,0,True,60,60,1.0,JPEG,True,False,956dd5cd3e565b4ff114c77a2520a114
train,i_1519_jpg.rf.1a6c1b68308a6c849562c51e3160ba92.jpg,1,0,0,True,59,59,1.0,JPEG,True,False,16736badfbcf9cb8fab9aba4858d8d5e
train,i_1520_jpg.rf.c9cd3450ac82bfad96498c9dd4029e80.jpg,1,0,0,True,65,65,1.0,JPEG,True,False,084bd6bb12a5459e6c36b5215ed4954b
train,i_1521_jpg.rf.9ee2ad99bc4fbbe4ec9c8a19433a6fd3.jpg,1,0,0,True,57,57,1.0,JPEG,True,False,b56f7ae5aa9d7221f197969e81bd2f00
train,i_1522_jpg.rf.45036fca6e57f010e715b3767b8051da.jpg,1,0,0,True,58,58,1.0,JPEG,True,False,62748cbfc1bec08bc40ae7d33770ff7d
train,i_1523_jpg.rf.881aee5fc9b2b0e745022a324f7597d6.jpg,1,0,0,True,61,61,1.0,JPEG,True,False,3e27c47f8d8d15cf28ec6c8c4a482cd4
train,i_1524_jpg.rf.0e83a1cef7b26329ed622cbb431bca13.jpg,1,0,0,True,58,58,1.0,JPEG,True,False,7ea119e05bdac8112636caf1bf79d5c8
train,i_1526_jpg.rf.42f66e2aa3b064ba7208423ede23f451.jpg,1,0,0,True,65,65,1.0,JPEG,True,False,3fa7de9e3eef3e8889079ba3b360d55f
train,i_152_jpg.rf.c1f852a18b98b899589aeefe534023f7.jpg,1,0,0,True,226,205,1.1024,JPEG,True,False,b67b34c1be631c365b4006e790ae55ca
train,i_1530_jpg.rf.8f782fca17c503dc2e0221b663849fa0.jpg,1,0,0,True,48,48,1.0,JPEG,True,False,4bb29599920e4ed44510c21a65f6657c
train,i_1532_jpg.rf.d69af525ca906d7120a2ae330aa323f0.jpg,1,0,0,True,51,51,1.0,JPEG,True,False,d4ce85f225c16a507151cb481a288c76
train,i_1533_jpg.rf.96944f75f6c9857f87dd3ea9efe8254d.jpg,1,0,0,True,53,53,1.0,JPEG,True,False,fdac0998df00ba6e7e27e89e54e0c4dd
train,i_1535_jpg.rf.3b0fd92c0e1b085641f21a60a30c4a06.jpg,1,0,0,True,66,66,1.0,JPEG,True,False,2569dcea5d3ed0d00036049caaac366d
train,i_1536_jpg.rf.6f627f725687b2287b76fa9e9265f52c.jpg,1,0,0,True,57,57,1.0,JPEG,True,False,236934000e8f5848b58d00d60dfdfbd9
train,i_1537_jpg.rf.278af81f63c93332114835bdb5f6e890.jpg,1,0,0,True,56,56,1.0,JPEG,True,False,2c78d944a4c0fd2f9020e82ff2978791
train,i_1538_jpg.rf.0e5cee9945292dacedf8464d9d995b51.jpg,1,0,0,True,65,65,1.0,JPEG,True,False,803e3aef3edca1461b2ba121cd2a12a3
train,i_153_jpg.rf.58f118a1afbf4c90a614f971a47207f9.jpg,1,0,0,True,227,174,1.3046,JPEG,True,False,9bb14a4669a71fbc355d2231541f2c70
train,i_1541_jpg.rf.1fb4b9c062097ec76f5d86fb8c47d86e.jpg,1,0,0,True,58,58,1.0,JPEG,True,False,7027dcb7ef5af44c77e11c5ff26befef
train,i_1543_jpg.rf.c833ca9488126b618eabf25d41506d5d.jpg,1,0,0,True,73,73,1.0,JPEG,True,False,7279f61350c0d7f5fcc651150d7a16b3
train,i_1545_jpg.rf.257f8092f97dc1dda1e8a4dc974c5d47.jpg,1,0,0,True,55,55,1.0,JPEG,True,False,9d3b95ed34c72ccb63d93a15279bf0c4
train,i_1546_jpg.rf.abeda21d401c1f153876907df847659a.jpg,1,0,0,True,59,59,1.0,JPEG,True,False,0a63bf446131ea3e79cca51ae6ff1445
train,i_1547_jpg.rf.af92af18767bdbf94b8568fa907ce3ab.jpg,1,0,0,True,54,54,1.0,JPEG,True,False,7b5948fb21016efcc5ad5991285f8ec1
train,i_1548_jpg.rf.e077ce438d4912f68f04a23fb2c4d40f.jpg,1,0,0,True,67,67,1.0,JPEG,True,False,a265f2fbcb6daa3efeb2c6cfaa9fd112
train,i_1549_jpg.rf.2d47ec17a880c5e844b8042d3ea60d59.jpg,1,0,0,True,65,65,1.0,JPEG,True,False,fa299e88523960b1a5c8b4ba6efbb4d2
train,i_154_jpg.rf.64bc6efec56eede83a31e10be23728d3.jpg,1,0,0,True,212,124,1.7097,JPEG,True,False,3195de3075a4164295ed5559cf1f3e16
train,i_1551_jpg.rf.d9d704fac11ed8bf4d5e251a5c841824.jpg,1,0,0,True,50,50,1.0,JPEG,True,False,b5dc0cb4dc246f3bb2c97390e08c433b
train,i_1553_jpg.rf.30c30afe537472d265bebfdd17249493.jpg,1,0,0,True,54,54,1.0,JPEG,True,False,2d91ba95ab908457637ef3d13296aad0
train,i_1555_jpg.rf.c430015da88065d3ed88968b3aba277c.jpg,1,0,0,True,58,58,1.0,JPEG,True,False,81f71e3154fb2ce442661a274cacfd92
train,i_1556_jpg.rf.f45bb55bfd786266f77c05abbf462cdb.jpg,1,0,0,True,59,59,1.0,JPEG,True,False,5c4d73a6ae19796a26a932e986b2c5ca
train,i_1557_jpg.rf.5ff3585389983ddf8fe6e41c418d98aa.jpg,1,0,0,True,59,59,1.0,JPEG,True,False,8ad2c39a07ed2f77236d02405b9d1219
train,i_1558_jpg.rf.d83a7c71a0297a36f82d0f3061df2ecb.jpg,1,0,0,True,65,65,1.0,JPEG,True,False,15ef5cb8fb7afc1688c3867b1bb947de
train,i_1559_jpg.rf.887e32aa36bde9ff6c41bd19feef030a.jpg,1,0,0,True,61,61,1.0,JPEG,True,False,cc79b62cf2c0f5340b07eeda5c7f4ded
train,i_1560_jpg.rf.0506649ea2c9be4d61048b66258077b7.jpg,1,0,0,True,51,51,1.0,JPEG,True,True,b0aa8a8cd85cdffdf9df1cbcb5a214be
train,i_1563_jpg.rf.076ad9487fe678300950adf818a8c73d.jpg,1,0,0,True,61,61,1.0,JPEG,True,False,808eb5d169ffa0d462e112a1e9f0c392
train,i_1565_jpg.rf.9da0469563f6d6f9586947efb1c555b9.jpg,1,0,0,True,63,63,1.0,JPEG,True,False,486b1d42e467da938a4ff7d4943546cc
train,i_1569_jpg.rf.9d0a37a6aa2437b4fe497f0b52c7f9f1.jpg,1,0,0,True,50,50,1.0,JPEG,True,False,5817534ddc579b0993d3574c02c2cb4d
train,i_1570_jpg.rf.b4d3c61649d27ca900d426b2f4845d99.jpg,1,0,0,True,51,51,1.0,JPEG,True,False,2c07abf2a02623517b21a7b62e80e565
train,i_1571_jpg.rf.5bbadd3f9195fe6b8145c6f09e11c311.jpg,1,0,0,True,53,53,1.0,JPEG,True,True,dc9c21175c3f67efefdfef43f7ac03b9
train,i_1573_jpg.rf.01e262e505a192a0bb0653eddcfd8b72.jpg,1,0,0,True,60,60,1.0,JPEG,True,False,9963ae2e0eecd79b92b93d95cf41f31a
train,i_1577_jpg.rf.2229f8cf5d06c553b920edba9e34d663.jpg,1,0,0,True,55,55,1.0,JPEG,True,False,335226cd2e15e066510fbfb956349b3e
train,i_1578_jpg.rf.a679f5795fbcf9fcec80df8d9d18e26a.jpg,1,0,0,True,52,52,1.0,JPEG,True,False,2abc97985e4478aa5b7d7a44cd4cef92
train,i_157_jpg.rf.3cfcb0f300428395e7124843a1f79449.jpg,1,0,0,True,236,127,1.8583,JPEG,True,False,37ab92b6a0ec9f4b0f0caa5611593c19
train,i_1582_jpg.rf.83082e72184fe051eef08fef3a6a8eea.jpg,1,0,0,True,77,77,1.0,JPEG,True,False,4b6ad0207ad74e911d1914c98a1f55f9
train,i_1584_jpg.rf.6c0e2339d7fee481e415fbe36bedb7a3.jpg,1,0,0,True,65,65,1.0,JPEG,True,False,b9ac9c9a1446c3dd0d7cbda6fcdca69e
train,i_1586_jpg.rf.b3c588ea16068e0f9b92ebc11c4a792b.jpg,1,0,0,True,58,58,1.0,JPEG,True,False,b7b342200fe4726d54c5e3f051281f3b
train,i_1587_jpg.rf.de19c579ce982f6c70416944d8cc74ba.jpg,1,0,0,True,50,50,1.0,JPEG,True,False,9024e269253c39a1f97640893b707e17
train,i_1588_jpg.rf.0501bf1e38b246432f0d984a901f3510.jpg,1,0,0,True,49,49,1.0,JPEG,True,False,1e81bb99bc9e1b84f326fb8073534253
train,i_1589_jpg.rf.ea58649bbf6aba169ff65d570abbac25.jpg,1,0,0,True,51,51,1.0,JPEG,True,False,c66c331c3d149c3950006da1edbdd73d
train,i_158_jpg.rf.513070cbc4ffadb738702a5126314ab2.jpg,1,0,0,True,309,197,1.5685,JPEG,True,False,d3d074d41f1dd8d9dfdc704cabbb2fc3
train,i_1592_jpg.rf.69bba24570cf5ffa7073ed547a304ba6.jpg,1,0,0,True,56,56,1.0,JPEG,True,False,b4a060b933c69d26c0878013b84ddb29
train,i_1593_jpg.rf.ea8d2dd306c6d3cd41766340a2732982.jpg,1,0,0,True,54,54,1.0,JPEG,True,False,1b321a7112b88c6ede429b24459b1ce9
train,i_1595_jpg.rf.b499c5da9e3772dfb9645607ad6f2113.jpg,1,0,0,True,53,53,1.0,JPEG,True,False,e321976b79a8053c2bc050228a7d1649
train,i_1597_jpg.rf.9dfe75e5a7af348d16695aec73350112.jpg,1,0,0,True,56,56,1.0,JPEG,True,False,381405861a3f56dc9e3a1276a746f029
train,i_1598_jpg.rf.f7d00baf60c638237afbc80c0e431944.jpg,1,0,0,True,50,50,1.0,JPEG,True,False,a3d966bbca4f85aaf6588e9b5fedeaf1
train,i_159_jpg.rf.2464e86d672d40c4b4be85f99df88886.jpg,1,0,0,True,275,192,1.4323,JPEG,True,False,cb75714ff22dc838949b1647a0ca474a
train,i_15_jpg.rf.29732aeb7feb7257c86b4cd596e5e255.jpg,1,0,0,True,437,286,1.528,JPEG,True,False,c011bc94a5c88b3ff4470629bf4b69ca
train,i_1605_jpg.rf.f021650bada84308b0f9979c3ca8872e.jpg,1,0,0,True,66,66,1.0,JPEG,True,False,fdcc62a00451e75d8abbdaca876cb483
train,i_1606_jpg.rf.c5c7e4c38a63e6a9c9cac47910902c7c.jpg,1,0,0,True,55,55,1.0,JPEG,True,False,6fd9f805b7247edf7491f6112916a4a2
train,i_1608_jpg.rf.e414a23a4bb87aefc8d5557440dcad17.jpg,1,0,0,True,54,54,1.0,JPEG,True,False,96c125ed53d8e99634ec52366fbdc163
train,i_161_jpg.rf.12fefbf4461e1a9a111e9c349f871c30.jpg,1,0,0,True,290,214,1.3551,JPEG,True,False,d519c2b075a752c7accf3b9ca1787703
train,i_162_jpg.rf.bd1b9a36d965e3140175c97e128cc3d1.jpg,1,0,0,True,289,201,1.4378,JPEG,True,False,859632e2eb7f1bf815018ceb307d0ab8
train,i_163_jpg.rf.aa4b5b9b4a1f846a45d5e3317b5fd2ec.jpg,1,0,0,True,254,173,1.4682,JPEG,True,False,7219b9a9917bf9141bbd69c4f0236fe1
train,i_164_jpg.rf.e86a15d7ced8e8ac2b11c3652609db9d.jpg,1,0,0,True,233,143,1.6294,JPEG,True,False,00a7371f8d0601e46a39b80f2cf4c2f2
train,i_165_jpg.rf.3715dc3c5c2a60069d024f11835113e3.jpg,1,0,0,True,209,164,1.2744,JPEG,True,False,64ee67461b4005f864ffeef33f61b821
train,i_166_jpg.rf.63e65ba74af0fb8b1611b61bc6d51223.jpg,1,0,0,True,190,147,1.2925,JPEG,True,False,dc103d899c1e86daf76fda89dc31c08e
train,i_167_jpg.rf.b05a1a64c9b2147a342722cae89967a9.jpg,1,0,0,True,254,174,1.4598,JPEG,True,False,a43efd3e91a4f87703c35d3da5774437
train,i_168_jpg.rf.ee3d1e58595498d8599bbf9c092930cc.jpg,1,0,0,True,181,203,0.8916,JPEG,True,False,0bd41dbd7668b44386c2d104e40212cd
train,i_169_jpg.rf.7856b0a88ab8221bb56598fbc2d1506e.jpg,1,0,0,True,139,127,1.0945,JPEG,True,False,c1d36f12a0ca8a31cacb5dba60665dde
train,i_170_jpg.rf.4eb8eedcbcb2d94db799d7cec738ba8e.jpg,1,0,0,True,257,177,1.452,JPEG,True,False,bc0ebc08a2410445ae06487db1ca55c5
train,i_171_jpg.rf.6bdb3520f2e15fabc743b4929ab7dc9a.jpg,1,0,0,True,246,184,1.337,JPEG,True,False,dfdf5c4fa6e1e8f8b841ed066f4d195e
train,i_172_jpg.rf.903a00f6bcaebff8f211044b049ddfe7.jpg,1,0,0,True,266,183,1.4536,JPEG,True,False,e2b0238ffe2c2f9923605064fd31dd1b
train,i_173_jpg.rf.07098c1679d676819e42b4651241364e.jpg,1,0,0,True,339,168,2.0179,JPEG,True,False,26d2227b4cd0d23fd898d54dbe56a285
train,i_174_jpg.rf.10612061657491f38cb845e10ccb88db.jpg,1,0,0,True,276,186,1.4839,JPEG,True,False,2c2f754f9bcd014c9cc9978b813ce1c9
train,i_175_jpg.rf.ae813aad62bfe16f1d6c983d54cecb95.jpg,1,0,0,True,223,156,1.4295,JPEG,True,False,5a20fe93862ed4289648322aaff8e26a
train,i_176_jpg.rf.568a0c9e59fd78c2414e9621ab098c5d.jpg,1,0,0,True,114,142,0.8028,JPEG,True,False,c0a5398c39e561a5fac4d1a0341dca78
train,i_17_jpg.rf.6571558a1849a22b5aa0f5dcb37cbe90.jpg,1,0,0,True,245,193,1.2694,JPEG,True,False,a59d75e6e55ae9eb9e9098b22dff7938
train,i_180_jpg.rf.0a4f55d078c806595f109b0697c5617b.jpg,1,0,0,True,273,193,1.4145,JPEG,True,False,30b80c8461d1599f9fd091e952a500fc
train,i_181_jpg.rf.bc95bdbc7b2a634fc5415fafcdf034a5.jpg,1,0,0,True,297,174,1.7069,JPEG,True,False,1346b26598e1c66e00d25143fd755832
train,i_182_jpg.rf.85ca205441ffa976522d3d3a014a02ae.jpg,1,0,0,True,243,180,1.35,JPEG,True,False,2e37b9c66553bb910bda6a28d1339bd2
train,i_183_jpg.rf.6b56fb198f1c219889dfd609ba070a90.jpg,1,0,0,True,190,154,1.2338,JPEG,True,False,3ec27c716a2529cb39088171c038b114
train,i_184_jpg.rf.557903e0c3cc74e21367d62f62012480.jpg,1,0,0,True,232,179,1.2961,JPEG,True,False,c78c3024650e2c1cb57f568e864fa21b
train,i_186_jpg.rf.f28c8fe23169f2ad1c2c6047ae3c7dea.jpg,1,0,0,True,273,175,1.56,JPEG,True,False,232b0c6687925927624e80d8c9d11b9d
train,i_187_jpg.rf.17dad8c74eeea63063b06e0c1900adb1.jpg,1,0,0,True,210,148,1.4189,JPEG,True,False,b48c36198698c3085ae04ebffc0c5111
train,i_188_jpg.rf.52fe4c339d04268756e51b42f855e143.jpg,1,0,0,True,248,194,1.2784,JPEG,True,False,3a6aa81786e9c187876f5e91e856788d
train,i_189_jpg.rf.1773ee6a01fec8f46c64defab53ffae5.jpg,1,0,0,True,316,189,1.672,JPEG,True,False,d7ec319af53282c56013e1eb8bc24020
train,i_18_jpg.rf.52dc353eec80b2d6d07c19e3866e757c.jpg,1,0,0,True,277,225,1.2311,JPEG,True,False,76f227a094f8ab2e8e758783a4e0ef12
train,i_191_jpg.rf.3f18426bf3aa5b4422ee14043f226c1d.jpg,1,0,0,True,292,187,1.5615,JPEG,True,False,53986cae8ca1d80022fbec234620354f
train,i_192_jpg.rf.689887ec141b267e7e7ff568b81b39cb.jpg,1,0,0,True,273,152,1.7961,JPEG,True,False,ce19c8d8652708584a3032192d0e2205
train,i_193_jpg.rf.820dd4160754ee6f183169907a0ea015.jpg,1,0,0,True,218,158,1.3797,JPEG,True,False,8903e42fd5eefae45d6983475b36a221
train,i_194_jpg.rf.81faabec3f586963ceb2396e56809dab.jpg,1,0,0,True,106,150,0.7067,JPEG,True,False,8c12d88dcc8b366aa62a2dc04007fc96
train,i_195_jpg.rf.237c145f8f4f0fac9d4df67e1ff99014.jpg,1,0,0,True,203,164,1.2378,JPEG,True,False,d041c75502c6af6f3018eb243460e163
train,i_196_jpg.rf.c2e69c0e157977210f2036af9e9e173c.jpg,1,0,0,True,264,142,1.8592,JPEG,True,False,bf70fde8411108aa4b09b8a068591772
train,i_198_jpg.rf.6d8954c50f892480eee8b9b9c2b8702f.jpg,1,0,0,True,394,310,1.271,JPEG,True,False,472ea686d8bd66f4536d28fbd89adb25
train,i_199_jpg.rf.443132a33b5224edd621f744d13b4143.jpg,1,0,0,True,244,155,1.5742,JPEG,True,False,9624193bf09efaffe18e49b527eecc96
train,i_19_jpg.rf.c2e185197622e27ba19365f1dae7b675.jpg,1,0,0,True,191,182,1.0495,JPEG,True,False,3418e4eb267393a18e25767c911ce385
train,i_1_jpg.rf.9ab2cf6915e1be9a55d8a9c560d323d6.jpg,1,0,0,True,164,161,1.0186,JPEG,True,False,de2d003e28b80d8968b5d7d925143094
train,i_200_jpg.rf.ae7c1bee2a8884fd4c6eaf54eb4cf5ba.jpg,1,0,0,True,232,146,1.589,JPEG,True,False,f315daada845b1c078b25c47cc9fc15e
train,i_202_jpg.rf.9fb0c1f3806623ad7670e222d935f588.jpg,1,0,0,True,144,114,1.2632,JPEG,True,False,9c22a1ece509c89e0674f4fbc3b33b72
train,i_203_jpg.rf.8a2598e606a1d711d1f7133e2a6806ed.jpg,1,0,0,True,108,141,0.766,JPEG,True,False,8bf6299e7cc9d1d76715d0eed2da8ccb
train,i_204_jpg.rf.b09458ff885ab7b90b84dae8ab19614a.jpg,1,0,0,True,260,159,1.6352,JPEG,True,False,da5036eace1b280d17dd70aa04c652f9
train,i_205_jpg.rf.8c254a465cad6b55608bf2292751c43c.jpg,1,0,0,True,154,132,1.1667,JPEG,True,False,f274594b162c9f6c016d2ad501c205a6
train,i_207_jpg.rf.a33af7bc66c2ce2699d66f2fe576ac2c.jpg,1,0,0,True,240,138,1.7391,JPEG,True,False,176ff1bb23cc3aa50d450b51f0e4a98a
train,i_208_jpg.rf.4889a6c26de5e445dc4d8d16b2c231d8.jpg,1,0,0,True,103,88,1.1705,JPEG,True,False,b68f711ec65681c0157867dac8f6b14a
train,i_209_jpg.rf.a2e36e8c2fb108a883da5db4b51c3f5d.jpg,1,0,0,True,305,169,1.8047,JPEG,True,False,5789c45b774cfd9b533e954372595263
train,i_20_jpg.rf.48ffacae559594498de31b2c0dd4694f.jpg,1,0,0,True,322,171,1.883,JPEG,True,False,8403a0be7b0147d7f1e5a25a02e90ace
train,i_210_jpg.rf.7808ed8a69c1c1fa9e1f80712d3bf955.jpg,1,0,0,True,242,185,1.3081,JPEG,True,False,5dd856ed0dda75dd2ce2629c956a7c61
train,i_211_jpg.rf.c48f9b2a51e4a30ae467390de6d99e79.jpg,1,0,0,True,256,184,1.3913,JPEG,True,False,07330f03ab2c4712ca836793757c84b9
train,i_212_jpg.rf.3414d7853c67809917bcf3e19aba216f.jpg,1,0,0,True,233,173,1.3468,JPEG,True,False,d475340521de49a774fabde0b4589b2c
train,i_213_jpg.rf.76121e70e68a0d7622252172f8d63070.jpg,1,0,0,True,286,193,1.4819,JPEG,True,False,d74e13fb8551f948b5a564c07a8d2a1c
train,i_215_jpg.rf.8b041682c231447ecfe85bb4032303ba.jpg,1,0,0,True,180,146,1.2329,JPEG,True,False,60abc3b8020965cca5dd177ca2b429b6
train,i_216_jpg.rf.89002937d9d6400a3b07df7025b38a4c.jpg,1,0,0,True,193,179,1.0782,JPEG,True,False,520926fdf379df98f9614a64ada6a8c4
train,i_217_jpg.rf.ec7c8af77cf009eb3143ef1c412e1562.jpg,1,0,0,True,235,159,1.478,JPEG,True,False,1ca575d84aff0427836114eea66ce575
train,i_219_jpg.rf.ffd3c9878f69d65180bc2257eedfdc7a.jpg,1,0,0,True,147,128,1.1484,JPEG,True,False,5556ecd8944901bde26c8f0c871cdaf6
train,i_21_jpg.rf.4e88164f7b460f7be907c7394343f1db.jpg,1,0,0,True,272,180,1.5111,JPEG,True,False,21463be1888b07ea0d7dd96b436ad5f1
train,i_220_jpg.rf.fa4dd5e919b193e0a892b721bf7bcd51.jpg,1,0,0,True,245,167,1.4671,JPEG,True,False,358315ede2f4e995efa15f8508e9669d
train,i_221_jpg.rf.d9723f4197882d3cdc207fb588ed36a6.jpg,1,0,0,True,268,157,1.707,JPEG,True,False,ebffd7254bb62e8fc3b83ac3854d7f0c
train,i_222_jpg.rf.9f4b28e3c687dc6c875ced4b43f3cf00.jpg,1,0,0,True,214,146,1.4658,JPEG,True,False,97f9eb1c0ba92f31dd9d43f3b44dc2b3
train,i_223_jpg.rf.6b87fc30a77c3c3f776870a9196d45a9.jpg,1,0,0,True,163,132,1.2348,JPEG,True,False,d2559eac6bf9f923240a8ee42d3c0343
train,i_224_jpg.rf.0bc39ae31866ee2e90bc7a3b66b4c2b0.jpg,1,0,0,True,152,130,1.1692,JPEG,True,False,074086b983ec21629c709daa37ca5dce
train,i_226_jpg.rf.e5eb98655ec68100214ea27af1590901.jpg,1,0,0,True,169,160,1.0562,JPEG,True,False,870a9ca2993ff96506a5c593f62eea50
train,i_228_jpg.rf.e536724fc84a40bbcf70ddccc822a27b.jpg,1,0,0,True,202,146,1.3836,JPEG,True,False,76145c50df9e5b3bae5965861da1fc64
train,i_231_jpg.rf.0ca1983ee643cabef379c9d54738259b.jpg,1,0,0,True,216,165,1.3091,JPEG,True,False,de6a6fdeb38ec6f94e22d72353e595bc
train,i_234_jpg.rf.f155fd2819d84f3d68af8aedff517198.jpg,1,0,0,True,291,131,2.2214,JPEG,True,False,2420c76430543ae87beb4ed7f8aa3b64
train,i_235_jpg.rf.ff20fd60c46467902f14abcb38735505.jpg,1,0,0,True,516,368,1.4022,JPEG,True,False,8b26682fba3a76fb1ddeb725cdef9f3b
train,i_236_jpg.rf.c8aff10e6b2a635ebbb9908a6c505c97.jpg,1,0,0,True,464,233,1.9914,JPEG,True,False,ed9500b02569c3d17b99d0c42beba64e
train,i_237_jpg.rf.9c201cab0ea251d2cb7e8aa9fc93bb17.jpg,1,0,0,True,254,183,1.388,JPEG,True,False,0d6b9ce9d32f9051195f11d146d940ee
train,i_238_jpg.rf.63f330c49e2cb09c7b273acc74b405d5.jpg,1,0,0,True,300,246,1.2195,JPEG,True,False,0e6e0b39292bec07072cf38c848c864f
train,i_239_jpg.rf.58e5beea15654119a1adb20e0c59800c.jpg,1,0,0,True,67,77,0.8701,JPEG,True,False,8e511f53f226a8012a20bb0c7cafb827
train,i_240_jpg.rf.1c37f443cfacc66c7d324285a4e985b1.jpg,1,0,0,True,232,179,1.2961,JPEG,True,False,5d1e0f06e7c13a584a9f4e0f9010c1f0
train,i_241_jpg.rf.9e40921d05b96b6fc2fd6f6ee4eefa7c.jpg,1,0,0,True,295,157,1.879,JPEG,True,False,30c856b1ed8d40e3f0bee386999d66f9
train,i_243_jpg.rf.ae1fa307464c1f59ecf534789c6f83fb.jpg,1,0,0,True,231,175,1.32,JPEG,True,False,5bddd7632e40ae9e51a91bd8d6801609
train,i_245_jpg.rf.14f6915e8dd03da8be6a0c046770286c.jpg,1,0,0,True,213,155,1.3742,JPEG,True,False,485cfb019b22d6a86cd0a2311ddc9779
train,i_246_jpg.rf.9a28caa93401975adb2a279771ef2a7b.jpg,1,0,0,True,190,132,1.4394,JPEG,True,False,5a1b967e5694e09a396db2599749248f
train,i_248_jpg.rf.3257bfafd068cabe94e93c5555960030.jpg,1,0,0,True,312,239,1.3054,JPEG,True,False,f53b08199f158fc5d518669132863b60
train,i_250_jpg.rf.62bee23d90d0786b8a2d0bbd5842f9de.jpg,1,0,0,True,270,204,1.3235,JPEG,True,False,9e766a5d6d2a8451b5cd768d57ed8a5a
train,i_251_jpg.rf.a556813ea921ee7338689ec6f3ee718a.jpg,1,0,0,True,246,198,1.2424,JPEG,True,False,c6a3a729b4b90bbe422a48b39accdf06
train,i_252_jpg.rf.804ae14e391796e86129d89fc925a8d0.jpg,1,0,0,True,226,205,1.1024,JPEG,True,False,b8551dcda806702292f4eb1a890b64f9
train,i_253_jpg.rf.354d18e98f55d8072e35068d4db251cd.jpg,1,0,0,True,304,272,1.1176,JPEG,True,False,6c2db8ba0221c38659a34cf65b42f9e8
train,i_255_jpg.rf.ecb28b5d15f03d6befa6aadfeda9d72f.jpg,1,0,0,True,397,300,1.3233,JPEG,True,False,a1889f3de0131b0e3d924b602b3ffa13
train,i_256_jpg.rf.6ca1defd53c3682de91fb6e1b3b359d9.jpg,1,0,0,True,397,300,1.3233,JPEG,True,False,5b6771d979f1bd951e729a97d633d496
train,i_258_jpg.rf.fd62be3e77eb0e65722846e5923c81bc.jpg,1,0,0,True,286,197,1.4518,JPEG,True,False,5bd002ad337823eda2b43ae8ee71b649
train,i_25_jpg.rf.3806a98986e17c219a529eabd59273d3.jpg,1,0,0,True,292,318,0.9182,JPEG,True,False,e4e1511a9ed63c09c757fc101c361cb9
train,i_260_jpg.rf.02286c8944c3343fb614785db66a88f9.jpg,1,0,0,True,123,105,1.1714,JPEG,True,False,3c65391964773ce2adc9f133345d52d4
train,i_261_jpg.rf.97bc523185dd9fb076cc34ea18b1850e.jpg,1,0,0,True,133,140,0.95,JPEG,True,False,7ff584fa04896b395ca68efdaa730317
train,i_262_jpg.rf.ad28e708d8fd00e990caac8788125846.jpg,1,0,0,True,248,276,0.8986,JPEG,True,False,bf781750bca26dc9a586537497e1c5dd
train,i_265_jpg.rf.4d4372783d0031a6ac1aba2158758123.jpg,1,0,0,True,300,251,1.1952,JPEG,True,False,e9027041e8a850e387a4aea19964ff72
train,i_266_jpg.rf.5dd2f9bf6da46cf86f0bbbf6314bf354.jpg,1,0,0,True,418,338,1.2367,JPEG,True,False,4354cbd00f7c8566b1893ead26138a42
train,i_267_jpg.rf.c4bc6653af0fa9e9a701c5f888be369c.jpg,1,0,0,True,180,194,0.9278,JPEG,True,False,1ec73029cdc3338f5e8ec460660962cd
train,i_268_jpg.rf.0d932a25b5a804a71f764a129262c344.jpg,1,0,0,True,334,222,1.5045,JPEG,True,False,669eea25ee1caac7556ac21542bae967
train,i_269_jpg.rf.286abd186706cd64644f569e3fef72bd.jpg,1,0,0,True,223,181,1.232,JPEG,True,False,c15b90b4defe72b52bedfd4d4f18c2a7
train,i_26_jpg.rf.c9075ff8cd412357c72b59e770c746e0.jpg,1,0,0,True,299,323,0.9257,JPEG,True,False,541a89450884dd820daea52423f74e55
train,i_270_jpg.rf.d29e74c0ba6337015fd34a0cbc408e53.jpg,1,0,0,True,270,201,1.3433,JPEG,True,False,4141019375e3ef06b13769c995a06891
train,i_272_jpg.rf.51d1a4d0824d66a835f6edec61528408.jpg,1,0,0,True,250,147,1.7007,JPEG,True,False,051fb5fbf5b7925a5fe8faeb8465396f
train,i_273_jpg.rf.24e9642bcfe603e82f0b6cd058d0d8d2.jpg,1,0,0,True,223,159,1.4025,JPEG,True,False,ec244af065c6a6eb8fd03e96b6caba5e
train,i_274_jpg.rf.29f8d6db0480ad2be32711a5bfed01a8.jpg,1,0,0,True,304,272,1.1176,JPEG,True,False,078da948fa7206c85ecf3a7e41a73ee5
train,i_275_jpg.rf.4826bb3c0f89cb8a8b33507bdb737285.jpg,1,0,0,True,232,146,1.589,JPEG,True,False,1159d0169b6b1cd478235098e71f911d
train,i_276_jpg.rf.bcca1c4b276919ce0f734e7609aead96.jpg,1,0,0,True,406,324,1.2531,JPEG,True,False,19dc9dcb64e5611face5e200bcf35825
train,i_277_jpg.rf.22ebc162ea8b3c6a84271325433a29df.jpg,1,0,0,True,282,192,1.4688,JPEG,True,False,5cffa0fa8746155a8fb67ab515b7d95f
train,i_279_jpg.rf.a343e08dac88a27e57717b9e9dba2718.jpg,1,0,0,True,464,233,1.9914,JPEG,True,False,bbc62ce208f888bedd48e7c245673ec0
train,i_27_jpg.rf.5662d14590ecd3f60a711b772b14efc2.jpg,1,0,0,True,211,226,0.9336,JPEG,True,False,092de1a376d57f51bd3ae88ee756240e
train,i_281_jpg.rf.aac1a41495b7f2a20ac6d61518a74bdc.jpg,1,0,0,True,259,200,1.295,JPEG,True,False,b2adf9c57d1666aa0d68e8eccbf89c6f
train,i_282_jpg.rf.470ea47308d0a114336a9d6cc8f8fc3f.jpg,1,0,0,True,154,155,0.9935,JPEG,True,False,979452c4d8427e37de031cc668af7a81
train,i_284_jpg.rf.69e5dcaca5f529d1bf3a2ce14d204908.jpg,1,0,0,True,226,203,1.1133,JPEG,True,False,37fed95f127b63906f3616b337acd1fa
train,i_285_jpg.rf.c9bbf860d6a6bd10637a17cfd11f01ab.jpg,1,0,0,True,328,262,1.2519,JPEG,True,False,54312fbb90d81ebbc8ed4bef9fbd9f30
train,i_287_jpg.rf.207d0260f7a0470b4b6a65e110710a57.jpg,1,0,0,True,147,128,1.1484,JPEG,True,False,db6b0deb68d7cdb2a8b06d9ef8e67bdf
train,i_288_jpg.rf.27b725a001ffd6922c0c83a6c6a54454.jpg,1,0,0,True,146,126,1.1587,JPEG,True,False,75699c219fbd844c720abc2b22f1de14
train,i_289_jpg.rf.a5aa3081366c212c058fe9629e5b307c.jpg,1,0,0,True,189,181,1.0442,JPEG,True,False,6328d9fa20a69d436637a7ad7c042cfe
train,i_28_jpg.rf.0c0779a39677dba25bfc85b08f9b001b.jpg,1,0,0,True,167,157,1.0637,JPEG,True,False,5a4b288e7dde728b2ce5f52bd9894760
train,i_290_jpg.rf.9e3413d9d7410e8ff79b8e451a575e3a.jpg,1,0,0,True,175,177,0.9887,JPEG,True,False,df0202718e368ff58318046c4967040b
train,i_291_jpg.rf.f15360e752f38caba7c1af682a4a817d.jpg,1,0,0,True,286,187,1.5294,JPEG,True,False,cc36c27ed3a49f7f9d0944eb97cb3ecf
train,i_292_jpg.rf.b5517b0c46a8b2baed48efa77b6e1a84.jpg,1,0,0,True,175,177,0.9887,JPEG,True,False,a5a03169d299e6a84306b501768a6e65
train,i_293_jpg.rf.4ae037dac502bb4e3e81fb9343a15728.jpg,1,0,0,True,167,157,1.0637,JPEG,True,False,0022df10c0264a3c93daa72bba7cb870
train,i_294_jpg.rf.a6e426d3ae2678f4b4d14741e12b3a62.jpg,1,0,0,True,168,128,1.3125,JPEG,True,False,67ae5e6dc154938eb5936f945b4812f6
train,i_295_jpg.rf.26fd97defa3704d99776aeeff4dc4211.jpg,1,0,0,True,197,183,1.0765,JPEG,True,False,0c2b74cf254256610bbfb44fec2e710b
train,i_296_jpg.rf.6ac342e8339b2e2e549363cfa0596b73.jpg,1,0,0,True,139,127,1.0945,JPEG,True,False,e310c252f894a935940b11573c8ee932
train,i_297_jpg.rf.3ff1891d1fd7a59143713f7e6c1729a7.jpg,1,0,0,True,230,168,1.369,JPEG,True,False,7ac0a1eecdc966f696db232abfe89efd
train,i_298_jpg.rf.de434d1039f7bde64219f49a567ac200.jpg,1,0,0,True,295,325,0.9077,JPEG,True,False,fb6d6de571eacf99d5055294de5696dc
train,i_2_jpg.rf.b147b2629108e7938b01332c9f1cfb61.jpg,1,0,0,True,205,152,1.3487,JPEG,True,False,f74daeed050c302145c8e96a499a1097
train,i_300_jpg.rf.68d191efb7f4328d5443abd8871d5e02.jpg,1,0,0,True,394,310,1.271,JPEG,True,False,9cc4a370d46103c2427733494eee9492
train,i_301_jpg.rf.9d39dc56cf5740612f184979cec527e4.jpg,1,0,0,True,427,277,1.5415,JPEG,True,False,bbb1a493bc3137cc20f9d5770e2c9c29
train,i_303_jpg.rf.8de0bc49675fb2e9c853bbc5406c541e.jpg,1,0,0,True,191,151,1.2649,JPEG,True,False,7e433e5ae7bb186281643735eecd2fef
train,i_304_jpg.rf.041b39476ab3c0fadb75b01689df31b7.jpg,1,0,0,True,227,174,1.3046,JPEG,True,False,edfead8d3346e8f1731ebe6d50473776
train,i_305_jpg.rf.ed45fd4c51cc5517695481868492cbe2.jpg,1,0,0,True,322,171,1.883,JPEG,True,False,3f2732e6f11eda8445029c1aa6c95bb8
train,i_306_jpg.rf.d3662ce2e6ac7ad7ccd2959e793001dc.jpg,1,0,0,True,254,173,1.4682,JPEG,True,False,2c7015a2c313f1cb10799185eab7c161
train,i_307_jpg.rf.71246bc2b68eea4d230ac40d8c3f6663.jpg,1,0,0,True,345,237,1.4557,JPEG,True,False,3944e5a8fb2da029ba3d3438b4be7545
train,i_308_jpg.rf.ace55e122d641965fb618fb6529a4bea.jpg,1,0,0,True,273,175,1.56,JPEG,True,False,629edc276c1d9bca2576a5746a30b30f
train,i_30_jpg.rf.7eb417e525f032e922ccf54752b2f734.jpg,1,0,0,True,396,252,1.5714,JPEG,True,False,4853feae3fe9a9f533078e11eddccf22
train,i_311_jpg.rf.1dfd3562432f1fb1de907f047e2ff295.jpg,1,0,0,True,175,169,1.0355,JPEG,True,False,324b871c3120b275a42e46b642460fd3
train,i_312_jpg.rf.7656dd17dbbaea2c463e5ff205f3be96.jpg,1,0,0,True,331,267,1.2397,JPEG,True,False,78279b82e8cf46b9ccf8b3ce394bc681
train,i_314_jpg.rf.fd7dab2720817c3795d0e5712fb577a2.jpg,1,0,0,True,176,203,0.867,JPEG,True,False,ada416dd094191d4c16dbc0fa1ceab96
train,i_316_jpg.rf.b82c2d41fa9faf663e7c16e79afd76fa.jpg,1,0,0,True,207,171,1.2105,JPEG,True,False,320ddd9049ad4b44945f75012182104a
train,i_317_jpg.rf.54d1a317573c8c70d617bbb023e51936.jpg,1,0,0,True,141,130,1.0846,JPEG,True,False,e7cde974adf1118ecfae68b66ae5f777
train,i_318_jpg.rf.b7622f63a8f8ca7895d62e723169e959.jpg,1,0,0,True,245,193,1.2694,JPEG,True,False,0bc71a23c3bd8894634889c4e6e4af33
train,i_319_jpg.rf.75af1b9e2cef089dc1b7e4a361e61392.jpg,1,0,0,True,525,440,1.1932,JPEG,True,False,9582d65705b825a577bd7fcad8cf43be
train,i_31_jpg.rf.9136e4d6ae809e95209788edc1e8da57.jpg,1,0,0,True,474,326,1.454,JPEG,True,False,165dbba1c17fb4fa87131acb89213755
train,i_320_jpg.rf.3c77f78031a2faa4f5cf30fd5031fc94.jpg,1,0,0,True,278,210,1.3238,JPEG,True,False,4eadc20b0470f4a2fdf41b95f9febee5
train,i_321_jpg.rf.4d12d4ef4c599c88a58589b27e9b358e.jpg,1,0,0,True,270,128,2.1094,JPEG,True,False,a7c7d8998575eb92e48e876647d60ad9
train,i_323_jpg.rf.59fe651cb8d047c46d0a57bae217cbbe.jpg,1,0,0,True,248,194,1.2784,JPEG,True,False,91fae13958babbf89e47680dc1d7b6ab
train,i_324_jpg.rf.ab69cfe785f2ddfbb1ed6da841f16132.jpg,1,0,0,True,301,238,1.2647,JPEG,True,False,8de8b95b2a564ace0e53f5f378498226
train,i_325_jpg.rf.41ea0444d1ca3f1095f34fa0d43ef5cb.jpg,1,0,0,True,474,326,1.454,JPEG,True,False,d9e4a77d81bb4d19737888cedd92b6d1
train,i_327_jpg.rf.f26840d18b6d1fd8797792eea98091ad.jpg,1,0,0,True,382,171,2.2339,JPEG,True,False,cb4acf82d4120e67c5bb3d1509c33430
train,i_328_jpg.rf.a70d1d69b8c81888d886af81dde6671e.jpg,1,0,0,True,300,246,1.2195,JPEG,True,False,761b05c9d06615d9e26321ce36d12bfe
train,i_329_jpg.rf.939b360f06b6b8b3b8e0df50f9384155.jpg,1,0,0,True,273,175,1.56,JPEG,True,False,85c6b8cacac07ea84a76c9f42413dca7
train,i_32_jpg.rf.ff21fc5c3dcc87aea1f7026965f4e988.jpg,1,0,0,True,457,346,1.3208,JPEG,True,False,960059d00283cdddfd8118648a85d145
train,i_330_jpg.rf.626d7f8fda9a72017d8cd670c40c77b8.jpg,1,0,0,True,175,177,0.9887,JPEG,True,False,e8a62c851e7dc044c35814c11e802f2d
train,i_331_jpg.rf.74a5bfdf97f253788a40d455173de69b.jpg,1,0,0,True,180,146,1.2329,JPEG,True,False,3bd42d0576b66ba59f8deff47b7df727
train,i_333_jpg.rf.41b73bd1ec00ba4cca6f6be4c1adda2f.jpg,1,0,0,True,516,368,1.4022,JPEG,True,False,18cfc2043294665e5064a97298afb8e0
train,i_335_jpg.rf.2ceebad50bf1c9c5d22c86b28351c7e6.jpg,1,0,0,True,345,237,1.4557,JPEG,True,False,a854ba0c42837f6709d579612a6168d3
train,i_336_jpg.rf.ef76233247549f20dd2eccb4c44f7ffc.jpg,1,0,0,True,525,440,1.1932,JPEG,True,False,89dca7923831ce48994748f5def8f271
train,i_338_jpg.rf.dcceea8a9b593ab44d319a79f31dfdc4.jpg,1,0,0,True,402,249,1.6145,JPEG,True,False,024600d684ec1678a830bf5e82899240
train,i_33_jpg.rf.26be61232122a097e572921aeb0ebaf6.jpg,1,0,0,True,324,280,1.1571,JPEG,True,False,37a718789dd80e7551f12bfb53aeea91
train,i_340_jpg.rf.492a7b3ad2e47ad98c191c18edbd3f25.jpg,1,0,0,True,146,126,1.1587,JPEG,True,False,4647d1a388adeed3e2f2c196f58f1a77
train,i_342_jpg.rf.08a5e5022e179768c6c7e43143af4f4f.jpg,1,0,0,True,395,278,1.4209,JPEG,True,False,2f103b42ef8ed5e1e98b20e8c1532c84
train,i_344_jpg.rf.84691e01879f2173e85381f19fca94dd.jpg,1,0,0,True,209,164,1.2744,JPEG,True,False,67af49ad890d9cad4bc2c1d813a33924
train,i_345_jpg.rf.8baa7132840fc2a3a010cf3d33c6bc19.jpg,1,0,0,True,322,171,1.883,JPEG,True,False,7b78bd7d164ba092e97db8ffbb4aa0fb
train,i_346_jpg.rf.8f30e59eef750cdc44dcb9f9888cce0e.jpg,1,0,0,True,273,175,1.56,JPEG,True,False,31bd25d26dce76cb4f2fe2c26f4f7ba8
train,i_347_jpg.rf.7cba5c923db9c986cc5c1b62902589ba.jpg,1,0,0,True,334,222,1.5045,JPEG,True,False,cd6db5c1812c9078ce1543351faccf03
train,i_34_jpg.rf.c6dce0eda1132777368396bdd6a13d3d.jpg,1,0,0,True,354,271,1.3063,JPEG,True,False,e12f60645d5a16084d7be702cd52d739
train,i_353_jpg.rf.4ac0de63e388f65ecd1f7bd002172aca.jpg,1,0,0,True,418,338,1.2367,JPEG,True,False,2b7df4f2b940864f7a0fa09595e1ea53
train,i_354_jpg.rf.c6d89858af8e94097282b8d2b95bd31e.jpg,1,0,0,True,395,278,1.4209,JPEG,True,False,2179b86fe85f7ffb8160b59f69458603
train,i_356_jpg.rf.e57535f87ba198faf5d2399a406a11be.jpg,1,0,0,True,259,178,1.4551,JPEG,True,False,0de56aa33d9e3b62ed40d614a77ad5f7
train,i_357_jpg.rf.96ae368d6566fb83ebf4fd1556eb27e1.jpg,1,0,0,True,260,159,1.6352,JPEG,True,False,e95c7abd1650ebf5c8a8345b98f9372e
train,i_358_jpg.rf.eb9e0843aebbe32df3db589e283895af.jpg,1,0,0,True,394,310,1.271,JPEG,True,False,77ae046528d22c740469b13103dd0300
train,i_359_jpg.rf.c7202e251cd9d8b3c637a41ae61efbe5.jpg,1,0,0,True,381,261,1.4598,JPEG,True,False,75a2ac297d06f7bd18ba06f36d8e1dd0
train,i_35_jpg.rf.90fc07d99822b579a6b859476d8ff5b2.jpg,1,0,0,True,344,290,1.1862,JPEG,True,False,915f06b258a8ad4f2b728be30d815b7e
train,i_360_jpg.rf.3ccf2a28370cbd4f8eff5b71b07c22c4.jpg,1,0,0,True,354,271,1.3063,JPEG,True,False,3578daf1b4e03009174b9adee93abde7
train,i_361_jpg.rf.b003c9aeebbab1f11ba4633412abcb78.jpg,1,0,0,True,163,172,0.9477,JPEG,True,False,7784b94434fd7ec12c33f51b5ac534ba
train,i_363_jpg.rf.3a9058be81c9cc948b4297b1e00bcb75.jpg,1,0,0,True,245,193,1.2694,JPEG,True,False,b723e5f7724a6cfc15fb263576bc8e7d
train,i_364_jpg.rf.fdd57e8f24f4f663b2c162816c1b629f.jpg,1,0,0,True,246,226,1.0885,JPEG,True,False,3f205aca03f1cfc9d1e2751f442f4f41
train,i_365_jpg.rf.4b51a8dcdd4979c38a9e4ed78a45c8c0.jpg,1,0,0,True,344,290,1.1862,JPEG,True,False,7a94925d77d95375756b16989e336154
train,i_366_jpg.rf.447025c9120e3d916db03757544991c3.jpg,1,0,0,True,301,238,1.2647,JPEG,True,False,28b1586a7b475395b6f8b0cc0b287815
train,i_368_jpg.rf.86db5f75d1ebff2eb2a3ce1030960a47.jpg,1,0,0,True,164,161,1.0186,JPEG,True,False,a45b419cb57a2647bd9a4f6f5ca5a5ae
train,i_369_jpg.rf.f1f7a2b187966ac81805786e12d8437b.jpg,1,0,0,True,276,186,1.4839,JPEG,True,False,99668de5e6d92bdb3b37a3a2d6d0ae3c
train,i_36_jpg.rf.d7ad98a5370c3fbd3073f9d1a6746764.jpg,1,0,0,True,286,218,1.3119,JPEG,True,False,ababfc3b5a73c39febbaba8701189b80
train,i_370_jpg.rf.e0cd707534637d15841f218b559279d9.jpg,1,0,0,True,402,249,1.6145,JPEG,True,False,fb1f19e6521e8f900d2ec9f2fed60346
train,i_371_jpg.rf.8fe9ad08952b14502289ef220d530f07.jpg,1,0,0,True,264,215,1.2279,JPEG,True,False,d5223db66f1f450d42344438c008dcdb
train,i_374_jpg.rf.a03faf98293a020352335e2f5646e7e1.jpg,1,0,0,True,256,184,1.3913,JPEG,True,False,a0579f2bdef76bd6065459d422854166
train,i_376_jpg.rf.f1089b4f6a556d41a61a99a4b92606d5.jpg,1,0,0,True,520,434,1.1982,JPEG,True,False,9edf385587705b826dd1d73708c9683a
train,i_378_jpg.rf.4758dec8087c7e99627fca62eea07de4.jpg,1,0,0,True,222,204,1.0882,JPEG,True,False,fcd69e0a573fac173eebe1de73749667
train,i_37_jpg.rf.f84fbbbf513b39d27514e4deea2f80a5.jpg,1,0,0,True,302,227,1.3304,JPEG,True,False,0e0f8826b72cb1c3ab12d6165a37dd0f
train,i_380_jpg.rf.bb92417ce36cfaf55dda7d5298ad7e89.jpg,1,0,0,True,102,89,1.1461,JPEG,True,False,db9e465f04eab56e18d8b730ef1d2143
train,i_381_jpg.rf.6e8d088f40087b2a809783305e6cb440.jpg,1,0,0,True,312,241,1.2946,JPEG,True,False,1bec97b5a69ac20b14aa448b35798e7f
train,i_383_jpg.rf.c64381a1605ac3599faef41de1b3f315.jpg,1,0,0,True,109,88,1.2386,JPEG,True,False,d955027559255c721dcf091507cc21ab
train,i_384_jpg.rf.88783c33b590a5cf89c4d6c6301f9c00.jpg,1,0,0,True,238,175,1.36,JPEG,True,False,18aae6cdad4f01a833e8e8da1b8d4275
train,i_385_jpg.rf.5961ad1bea42037d44600d347e78f306.jpg,1,0,0,True,104,97,1.0722,JPEG,True,False,e4098e29b5a6792e3b8278ecc4aeac8f
train,i_386_jpg.rf.522c438d4956a357068c1681571e01f1.jpg,1,0,0,True,417,270,1.5444,JPEG,True,False,06ff9e98f1a24c659b331033b1515997
train,i_388_jpg.rf.c55b21404a79a01a702e41862b820c65.jpg,1,0,0,True,96,70,1.3714,JPEG,True,False,e3e463c6cd5f7bf2aef2fd886d16b7db
train,i_389_jpg.rf.f957ca8959859e6a3da690326446e890.jpg,1,0,0,True,286,187,1.5294,JPEG,True,False,96d8ed6b0cfef8e4847af430ab68cb49
train,i_390_jpg.rf.b7a164c712c2fc06822a29f590b43d75.jpg,1,0,0,True,476,316,1.5063,JPEG,True,True,11113f65b212f620753987e722bd95c7
train,i_391_jpg.rf.5d9af8de0fb21ffdf47d1a89c58b8010.jpg,1,0,0,True,208,152,1.3684,JPEG,True,False,bda56a77b5a3705fbf7aac7b0ae97659
train,i_393_jpg.rf.f0797553701e44be5bf2e8fb0453b7ea.jpg,1,0,0,True,294,306,0.9608,JPEG,True,False,8a9831822b79c786364e9a331c5e2ccb
train,i_394_png.rf.f28c63c856e7e56f76617f73b0b5b348.jpg,1,0,0,True,120,80,1.5,JPEG,True,False,7a28f70498cb733eab77eff57f15e353
train,i_397_png.rf.0960e5aa8596a95a0064b96785c4ebd2.jpg,1,0,0,True,120,80,1.5,JPEG,True,False,ff11d3d099b4f302bdad8448a2e87c1d
train,i_398_png.rf.784ffecbca69efffb3dcaa4a41723e5b.jpg,1,0,0,True,120,80,1.5,JPEG,True,False,0f6c5bdf49c3c155b2340634f6165989
train,i_39_jpg.rf.7aada1dcf4639bcea58d3ea28e9a598b.jpg,1,0,0,True,333,258,1.2907,JPEG,True,False,fd88132c8ec716ed3ac881cb8a0b59d8
train,i_3_jpg.rf.5fef863d114767a911c07a1a249c3206.jpg,1,0,0,True,418,338,1.2367,JPEG,True,False,a5b24a8adcccebc2e60bcc2bf60dc668
train,i_400_png.rf.a552a319cfcd429cacdaa7c2fb9af2fe.jpg,1,0,0,True,120,80,1.5,JPEG,True,False,eb00ad950985af6345615fbbe7239ae7
train,i_401_png.rf.dbda41f3a907c8642fe66594b466607c.jpg,1,0,0,True,120,80,1.5,JPEG,True,False,2ce976c02bfe2176467930c01d6bbfca
train,i_402_png.rf.7b9897d4aa1fdbc519989788e1b8547f.jpg,1,0,0,True,120,80,1.5,JPEG,True,False,c48a3815eaa5df74cf4b27e7a421e21a
train,i_403_png.rf.09db1a6663adef45ea7a0427fb340f8b.jpg,1,0,0,True,120,80,1.5,JPEG,True,False,5c15581716e78ebbe902e697c4120397
train,i_404_png.rf.b64e1b25d6d5677075277c7c6dc8d06c.jpg,1,0,0,True,120,80,1.5,JPEG,True,False,1909c94d989d197375c789ae0659e49e
train,i_405_png.rf.784e6e11664a315c7b4a6b1015000bcd.jpg,1,0,0,True,120,80,1.5,JPEG,True,False,a0616834f9b90c719d13cc8f23553ad2
train,i_407_png.rf.a1469d5ba488f0beb179140047bdfa60.jpg,1,0,0,True,120,80,1.5,JPEG,True,False,b48665131cd9272282d8d66550443178
train,i_408_png.rf.61d9b646b2290a71aae03633b53bf037.jpg,1,0,0,True,120,80,1.5,JPEG,True,False,51917adb8f2c5558ccd8a59346050c5c
train,i_409_png.rf.b7193f646d2ab02d0b4da9f2cdcec647.jpg,1,0,0,True,120,80,1.5,JPEG,True,False,3a5f46f2ca8e7e3b510a27fb07bc0c72
train,i_40_jpg.rf.2a6ee980f3bb4d3fd1f4f0d968a72a41.jpg,1,0,0,True,283,187,1.5134,JPEG,True,False,a1ecf734a0357119c822041954f02a0a
train,i_410_png.rf.2566a4af4a4f34bdb4238351ae1ba4f7.jpg,1,0,0,True,120,80,1.5,JPEG,True,False,60930e18a7304577cf492a8c0dcaf637
train,i_411_png.rf.5052c675a75d01833ecaadde9362091b.jpg,1,0,0,True,120,80,1.5,JPEG,True,False,5dd3b20835eb353543fc6f0e7c0276dc
train,i_415_png.rf.d0d2b2b5a65e447e753267fdd52ca69f.jpg,1,0,0,True,120,80,1.5,JPEG,True,False,b43f60adcd68d0b1e80ea39e3a0a07ad
train,i_417_png.rf.612aa332b9e46d73a5aa2efe211a3d7c.jpg,1,0,0,True,120,80,1.5,JPEG,True,False,9ef4307ae5a9cb0d1a82520a894b4329
train,i_41_jpg.rf.0e26655fb99c2ba93c71f0d9c8c4cbef.jpg,1,0,0,True,292,184,1.587,JPEG,True,False,3c14a5edbed70e271e4dc1971406b5a0
train,i_421_png.rf.6c67121dcd4aac61bbdc4ccc8f3a1731.jpg,1,0,0,True,120,80,1.5,JPEG,True,False,e0f52e88ce90f9fbd6c3451a1cb79349
train,i_424_png.rf.0fafa15eb8ed3b9be19bbb2546efdbc8.jpg,1,0,0,True,120,80,1.5,JPEG,True,False,9590148ad772f0209dd71751a85ef65c
train,i_425_png.rf.cd7340182808ef7ffc1470ceba639939.jpg,1,0,0,True,120,80,1.5,JPEG,True,False,282bff613e5e03aca986a2db04b293be
train,i_428_png.rf.e7c10b6e2b49412accbcef8a9fcf4140.jpg,1,0,0,True,120,80,1.5,JPEG,True,False,ff9e7db717db6d9a7dd0a5721a91a41f
train,i_429_png.rf.93eb7a3229dbf9eef2fa94dfa415a0a1.jpg,1,0,0,True,120,80,1.5,JPEG,True,False,d7f752926fc4c4f7e373fd0299caa6e8
train,i_430_png.rf.508c39ac6bccc3a022ac485896e2f3a4.jpg,1,0,0,True,120,80,1.5,JPEG,True,False,32160f53372ea6addbc49423e7ace2e4
train,i_431_png.rf.98e171e61cf0a5e8e417938a96af4647.jpg,1,0,0,True,120,80,1.5,JPEG,True,False,754be0ec9db9e0952da139d3229d826e
train,i_432_png.rf.21a72dd6f16d7fb1778605d53ff44644.jpg,1,0,0,True,120,80,1.5,JPEG,True,False,3aa5e6461eb2f70c5a41aa1488334782
train,i_434_png.rf.111e72b31b8ff5e963498283f876a7b0.jpg,1,0,0,True,120,80,1.5,JPEG,True,False,2b002424816d2a22d9efd879db825c72
train,i_436_png.rf.aa144e8d09f51a8674beb108fc0b9002.jpg,1,0,0,True,120,80,1.5,JPEG,True,False,0963a07aa5d4cdb3308d49b8415ddda9
train,i_437_png.rf.79bad5dd74a5338948cf7f5aabe7ac7d.jpg,1,0,0,True,120,80,1.5,JPEG,True,False,011c7417d2ad3a3dea2a820461f6144d
train,i_438_png.rf.efa3a0701b7cbf95d51d0124e7c49680.jpg,1,0,0,True,120,80,1.5,JPEG,True,False,38646c58fa741de57ed92c677e0f8373
train,i_43_jpg.rf.c213b695aa5488507c096d3c79744e5b.jpg,1,0,0,True,218,215,1.014,JPEG,True,False,4889891adbe84cdfd7dee93bfc87c6c2
train,i_440_png.rf.7dc91f00d52d075e1b678353fda8fb25.jpg,1,0,0,True,120,80,1.5,JPEG,True,False,6a80e04848d62794b80e883965e67226
train,i_441_png.rf.9b7a4ccedf72b78a8970aa8fa5323e74.jpg,1,0,0,True,120,80,1.5,JPEG,True,False,adabd15094de387e8840c4d1d89dfcb6
train,i_443_png.rf.8e18d0dea0d83e2c3d44ab4354dccc81.jpg,1,0,0,True,120,80,1.5,JPEG,True,False,9352b8b6c04efed4018cc9943f1539ef
train,i_444_png.rf.99db7406b6f8ed2aa8d2b7d7ae13c85c.jpg,1,0,0,True,120,80,1.5,JPEG,True,False,10941295e01f65cf3f4e1f28d1de4cd4
train,i_445_png.rf.25b342c07957f81136650eef7d4339fb.jpg,1,0,0,True,120,80,1.5,JPEG,True,False,317af763d25a9899aa0cecc78bd3e0b7
train,i_447_png.rf.07e6fbf39f3db36ed0aebcd067f17e7e.jpg,1,0,0,True,120,80,1.5,JPEG,True,False,712108b8674b363df2936adeb0ce5cf7
train,i_448_png.rf.a39f896314746fcde9dcce6a1f70ceac.jpg,1,0,0,True,120,80,1.5,JPEG,True,False,93aaa7ba4e4968e38ba91645a4fb40de
train,i_450_png.rf.58b0649c1a06fb9931b28e3f3e5cafbe.jpg,1,0,0,True,120,80,1.5,JPEG,True,False,a451a3ec94f8ede13c9d2d0e65d95a18
train,i_451_png.rf.454fce8a1089f1c77a8c5b631ff56c4a.jpg,1,0,0,True,120,80,1.5,JPEG,True,False,4582dc640cdcf58f5f2042d3dbdc2163
train,i_452_png.rf.f98a213980fef86807dcaed4051d0e70.jpg,1,0,0,True,120,80,1.5,JPEG,True,False,a038b25dd099f4cb6b995c745f337a15
train,i_453_png.rf.25b8bbcfaa0cd6a57364208a19adcc4a.jpg,1,0,0,True,120,80,1.5,JPEG,True,False,a6fa070ceebed4cf8ebcdaece9c37db3
train,i_455_png.rf.a6199b206067ad609603760db286302e.jpg,1,0,0,True,120,80,1.5,JPEG,True,False,39dc56934d50dc1ee102824e45e5a1de
train,i_456_png.rf.bb1efc22741bb8562978f47f7ee58890.jpg,1,0,0,True,120,80,1.5,JPEG,True,False,cc4ab8f1f400d0f6a9e588c4628974fe
train,i_459_png.rf.758584c8213da8132e3fedc3185c9d1f.jpg,1,0,0,True,120,80,1.5,JPEG,True,False,045a5859705a103b3efbc73adbb823ac
train,i_461_png.rf.ba3aa88e6d01ff0876735822fd765230.jpg,1,0,0,True,120,80,1.5,JPEG,True,False,65aedbef983bb1ae8a725d62bff2809c
train,i_462_png.rf.965b6b8bfaea7c0855d10064a49af2b9.jpg,1,0,0,True,120,80,1.5,JPEG,True,False,7dbee100d7a9f3dc3bc50bab76dca30c
train,i_464_png.rf.7c9e9fd888e574597a7610b7cc427226.jpg,1,0,0,True,120,80,1.5,JPEG,True,False,c3e273fd552528484c99058fd5de845c
train,i_467_png.rf.e642c018a890fca466c7de9813edc12d.jpg,1,0,0,True,120,80,1.5,JPEG,True,False,5cc8c16178b890800783de4f6a0b7a87
train,i_469_png.rf.5ae82f1b19d998c42522222e7df16925.jpg,1,0,0,True,120,80,1.5,JPEG,True,False,4d842ead5a215af629a4977a6e1d0f5e
train,i_470_png.rf.bfbaa2baf5e09f564063865ea04943e5.jpg,1,0,0,True,120,80,1.5,JPEG,True,False,8ca1cacceb8161dd7a4b345a81dc71ac
train,i_472_png.rf.1569149a3e34eecc291e0ab26880be45.jpg,1,0,0,True,120,80,1.5,JPEG,True,False,c3c1c7831c09474e874e619b0fed4c51
train,i_473_png.rf.a71f42fdc48b671b6bee88c25f143e7d.jpg,1,0,0,True,120,80,1.5,JPEG,True,False,b04a2307ec4af4619cb8067e01a2851e
train,i_474_png.rf.7e9f79a0ee7f98f38f6f81c354b8c7e8.jpg,1,0,0,True,120,80,1.5,JPEG,True,False,980fdf24beb6004c1b43ec478ee2e39a
train,i_475_png.rf.d4ad53dd9b55805f586295e15726fabf.jpg,1,0,0,True,120,80,1.5,JPEG,True,False,c0b8a61f8fa7f4efe445790b605e517a
train,i_476_png.rf.c6c4b4c847483a8a16e862a61f369e1e.jpg,1,0,0,True,120,80,1.5,JPEG,True,False,c7e495224e078ccf5ccb785be320cc2f
train,i_477_png.rf.90425df26272c4c3c15859971b84c2c7.jpg,1,0,0,True,120,80,1.5,JPEG,True,False,fc257f3811d4c80d6a992a30d64523c1
train,i_478_png.rf.667fdff54e371901ad79756ec16aee9b.jpg,1,0,0,True,120,80,1.5,JPEG,True,False,352d681e9a4caaa8b12e6ce417fd173b
train,i_479_png.rf.d9446e5fe0e5c9740d69783b40c65f9b.jpg,1,0,0,True,120,80,1.5,JPEG,True,False,bf2a5c3721e66a3ad21c323c598ba40f
train,i_47_jpg.rf.0d2f8ed726c2d0463d3c2099d89a3596.jpg,1,0,0,True,278,210,1.3238,JPEG,True,False,7713d30ef0d847f45b2661cc2b08821a
train,i_480_png.rf.e421394f66bf1325242ee8b75268d2b7.jpg,1,0,0,True,120,80,1.5,JPEG,True,False,e43633ac6831345f3aba2246ec881e7c
train,i_481_png.rf.5ce4122235490a90edbd598328950fa9.jpg,1,0,0,True,120,80,1.5,JPEG,True,False,fdeb2650fe71f6442aa2c0140cf3e991
train,i_482_png.rf.004e280121279769ca96be009f45c4f6.jpg,1,0,0,True,120,80,1.5,JPEG,True,False,fd60282284a18870d2b4d085da17882e
train,i_483_png.rf.7f697e28616ced42c98fc651f89805cd.jpg,1,0,0,True,120,80,1.5,JPEG,True,False,54b872bcbd503ef2296ba7c8a4c274c8
train,i_484_png.rf.c53c142335ee78b8b57a8e03953b5d28.jpg,1,0,0,True,120,80,1.5,JPEG,True,False,e4e32fcc665e8af71afba192afa54540
train,i_485_png.rf.1aa9264b77a7bfe0ae0de0172c4dfd34.jpg,1,0,0,True,120,80,1.5,JPEG,True,False,1870aa4b29f43c6f7da92bcdaaf85198
train,i_486_png.rf.7bdfa3b01f5775f3d3a51789048339a1.jpg,1,0,0,True,120,80,1.5,JPEG,True,False,a51adb2e0444c99902b874bd5c3a01ed
train,i_487_png.rf.5fec126c90edd98753dbd4efaf507f8f.jpg,1,0,0,True,120,80,1.5,JPEG,True,False,502b9ec5f93800216c67125d2588b3d8
train,i_488_png.rf.155e60deaaafde080a348922c05e78f4.jpg,1,0,0,True,120,80,1.5,JPEG,True,False,fd7528a1b671da4316ef5207dcb14d4a
train,i_48_jpg.rf.ae6454757ce0c11b4bfcf317a8c1b901.jpg,1,0,0,True,176,203,0.867,JPEG,True,False,d6c53938897fbbac6294445adebd6562
train,i_491_png.rf.f78cd4e400d923f263e5d34c97e63804.jpg,1,0,0,True,120,80,1.5,JPEG,True,False,2ca513b9df7bcb9488d6fcd2e0919bbf
train,i_492_png.rf.c2036761409112590e300989ba9f3c65.jpg,1,0,0,True,120,80,1.5,JPEG,True,False,c0f58b8ba210006c7bbebd63630ea64e
train,i_493_png.rf.353d9b1ced641a717022ab8287bbb08b.jpg,1,0,0,True,120,80,1.5,JPEG,True,False,a60153461b5d6b943576f077916edbdf
train,i_494_png.rf.79bad5e72aa5094bb30ad6761d599056.jpg,1,0,0,True,120,80,1.5,JPEG,True,False,241bc493e3edd08e69b36425caec236a
train,i_496_png.rf.74c550e28c64a0d4435dd11592692bb9.jpg,1,0,0,True,120,80,1.5,JPEG,True,False,5bfcc074630d411e614a4addacb67d51
train,i_497_png.rf.4d5ab5cd434b7569799b0e1ed1f7d2cf.jpg,1,0,0,True,120,80,1.5,JPEG,True,False,85f7abf181f3977a9c53f267e5b6c193
train,i_498_png.rf.bdc8a9df1c8fdaa7ad8f18c3c704de11.jpg,1,0,0,True,120,80,1.5,JPEG,True,False,a9e1a8b9caf767546b04bf56f4bbe8eb
train,i_499_png.rf.46a6eb1be0c9eef0ef4cdf52afa42953.jpg,1,0,0,True,120,80,1.5,JPEG,True,False,a4f17d7df7768cd5085f97807d23741b
train,i_49_jpg.rf.51bbf5ef8e67f1c02c58496eeeec0517.jpg,1,0,0,True,294,250,1.176,JPEG,True,False,679589ff3aaf805a0ef7cddfd150f0a8
train,i_4_jpg.rf.5b5074640367a3ac316b2fb0b544ad80.jpg,1,0,0,True,470,319,1.4734,JPEG,True,False,574d25113e272fc095e8f6f91d349f3f
train,i_503_png.rf.b9830067ad8a24dc2fcb5db89c1b33e4.jpg,1,0,0,True,120,80,1.5,JPEG,True,False,18911db55cd093506d94601d7f7a4d6c
train,i_504_png.rf.d1a153e5bbd7a238ee54d00a8531e068.jpg,1,0,0,True,120,80,1.5,JPEG,True,False,ed6262a928518c49d6241f99c2a6385a
train,i_505_png.rf.795fbd35b0846bc7b36a21866ba10346.jpg,1,0,0,True,120,80,1.5,JPEG,True,False,da03473205e85a4eaae0119acf5ba97d
train,i_507_png.rf.fcf8098ded0a63459fd1dbd301fa6c47.jpg,1,0,0,True,120,80,1.5,JPEG,True,False,08d790018e7f49a849c78c91a48891dc
train,i_508_png.rf.6891e096178ec4cbefdbba26bda9979a.jpg,1,0,0,True,120,80,1.5,JPEG,True,False,53c2aad40a096887897cd4cd6a0ec946
train,i_50_jpg.rf.398a6a8940f38e1de3e752a5eafb20d2.jpg,1,0,0,True,264,215,1.2279,JPEG,True,False,6b7a97744db0047a7e2b6cf72ae7eea8
train,i_510_png.rf.561f52a3260087e056454992ae4a0407.jpg,1,0,0,True,120,80,1.5,JPEG,True,False,940998a18be9f4c0d7fc6c14bb45605d
train,i_511_png.rf.921979dcee2219316a02c4801d92ea76.jpg,1,0,0,True,120,80,1.5,JPEG,True,False,91a7a71e0ec849bd74905834ef2eabb2
train,i_513_png.rf.a509108631fc85fe847fc6e648fd3a0a.jpg,1,0,0,True,120,80,1.5,JPEG,True,False,d9372c6ae9a6f1e8dcc29237b6ccb194
train,i_515_png.rf.2057c2192c4ffb9b9044435012330b11.jpg,1,0,0,True,120,80,1.5,JPEG,True,False,6eb6790b4fbe4c311a0a7dcce9c4320d
train,i_516_png.rf.b2038fcc5468f00a2e698e8ad1c2e53b.jpg,1,0,0,True,120,80,1.5,JPEG,True,False,785c106368713b73e506b3b512478acb
train,i_517_png.rf.a1557604b431920d1ced0010a4c3ff96.jpg,1,0,0,True,120,80,1.5,JPEG,True,False,c2d37cd75a84c6d4232047a0f853e9f5
train,i_51_jpg.rf.5385418437901c163760918ed0e41b36.jpg,1,0,0,True,286,197,1.4518,JPEG,True,False,8bdb286e44f7a6ce14035d7949bb1f87
train,i_520_png.rf.c6f45759e691da0abf104530a841866b.jpg,1,0,0,True,120,80,1.5,JPEG,True,False,79f4848f174b1385b13362ea54bd1301
train,i_521_png.rf.93b9fff9d2b932b7431cd3721408ceb0.jpg,1,0,0,True,120,80,1.5,JPEG,True,False,b123b058e121e6172e21ad7029a595ce
train,i_522_png.rf.512bbb98441e77d551ed6d49e2a9f711.jpg,1,0,0,True,120,80,1.5,JPEG,True,False,8a54ecb43a39d11631599f9b2c5925a7
train,i_523_png.rf.5182aef318eb854b0669e4ebd96b95e3.jpg,1,0,0,True,120,80,1.5,JPEG,True,False,8395b463b7108b1f7068d76985a2c5b6
train,i_525_png.rf.9208b99912b78b9cee8a22aa67186b7a.jpg,1,0,0,True,120,80,1.5,JPEG,True,False,7034cc68729ff94fc61caff9b6e4e6c2
train,i_526_png.rf.b6d290a6375c9bd60f41a5428b91173a.jpg,1,0,0,True,120,80,1.5,JPEG,True,False,e71f4489a0318bff278533e365807259
train,i_527_png.rf.809ee2d72adc3c9a304c714b5d14d834.jpg,1,0,0,True,120,80,1.5,JPEG,True,False,9c5b42c2e653211a95e090ecb1041a3b
train,i_528_png.rf.50ed3a35f55cc81b02da9f6ea305ce68.jpg,1,0,0,True,120,80,1.5,JPEG,True,False,f86eb9b21d21c9399401dd72a6eb906a
train,i_529_png.rf.9e174eac632a54cf719071660d614f22.jpg,1,0,0,True,120,80,1.5,JPEG,True,False,a9eb4a78532bd7b07e57eeb316967bd4
train,i_52_jpg.rf.7b9587c28e995012a20214944f7c167c.jpg,1,0,0,True,178,188,0.9468,JPEG,True,False,20b94e50520885f7ebf8cddc76a8ab79
train,i_530_png.rf.745a4d2e64b4ae531c30ff2bc15146cb.jpg,1,0,0,True,120,80,1.5,JPEG,True,False,7d65cac7bf3fd8e2e6b50116f44bede6
train,i_531_png.rf.49651e5bbe47ac7a55ef49b3f97bce9d.jpg,1,0,0,True,120,80,1.5,JPEG,True,False,a7e4d40ceb978310a2a98db73c3a2134
train,i_532_png.rf.a613012f1866e3054bfa66ef5bbd8c0f.jpg,1,0,0,True,120,80,1.5,JPEG,True,False,d41ccfcbb3c2c7a21dbb5debd44b5faf
train,i_533_png.rf.40d734283c42ea1c245abee705090209.jpg,1,0,0,True,120,80,1.5,JPEG,True,False,327c71de13e6cabcc807110b90f0fa64
train,i_534_png.rf.1548e4eb9edfc11513764af858546335.jpg,1,0,0,True,120,80,1.5,JPEG,True,False,fad04047c55e3888fddc87db2a419fea
train,i_536_png.rf.9998274e7ef4dcab7a61a73aaa8a4e4a.jpg,1,0,0,True,120,80,1.5,JPEG,True,False,736234d5c523ea1d0e1db6ff7be7d18c
train,i_537_png.rf.66314fa829537ec600e6302a3f114f08.jpg,1,0,0,True,120,80,1.5,JPEG,True,False,86f36ee0cc78c27866de286d8be28592
train,i_538_png.rf.a794c4c47859067eed6e46dad5af0c67.jpg,1,0,0,True,120,80,1.5,JPEG,True,False,6bc6742fa489b883f3e713573eef9070
train,i_539_png.rf.9d55c520ef39a0d30f8072f8fd02bed8.jpg,1,0,0,True,120,80,1.5,JPEG,True,False,ec37508bae5f2a711a33e9d5c3de7f4b
train,i_53_jpg.rf.845b8a62700a8d14f7bb743b39be423f.jpg,1,0,0,True,304,163,1.865,JPEG,True,False,c801b26e7f5db9aa878e7194817dcbf2
train,i_541_png.rf.6ca220da37d5bf37922395ca7730e333.jpg,1,0,0,True,120,80,1.5,JPEG,True,False,3a9c1074bde74c600bffe374568a959a
train,i_542_png.rf.98598406593c7ea3f91bea8ec2f3b4f7.jpg,1,0,0,True,120,80,1.5,JPEG,True,False,12f58c0b2eed6829fd7966dea6ebaa01
train,i_544_png.rf.5a43ec564712c005a474780a8a1055d1.jpg,1,0,0,True,120,80,1.5,JPEG,True,False,c2c3dac4c66eb0aa8a903de6246d6d37
train,i_547_png.rf.824abe2cc2fa81324a20b76ce2446476.jpg,1,0,0,True,120,80,1.5,JPEG,True,False,757e6aeb0c1354347da9aa1e87a56b0c
train,i_548_png.rf.b1ba46a7eb47d65dbe79abed6d6e736f.jpg,1,0,0,True,120,80,1.5,JPEG,True,False,00cc8a3518a90c188c64c63a09220b8c
train,i_549_png.rf.711cc29dc6d7abb5032f56142d77f18d.jpg,1,0,0,True,120,80,1.5,JPEG,True,False,34e442a248ca75428875c35acc8a213f
train,i_54_jpg.rf.49f7386a1a1f10168efdcac208b600b5.jpg,1,0,0,True,244,138,1.7681,JPEG,True,False,b6b0728c1a3492c017af875f3285eee7
train,i_550_png.rf.90cf052a03fc0b1e8463c34710e281fc.jpg,1,0,0,True,120,80,1.5,JPEG,True,False,bf1989004ed5d7ba5adf302f92ee6cc0
train,i_551_png.rf.af60779bea4894c483c692f424054a4f.jpg,1,0,0,True,120,80,1.5,JPEG,True,False,c6e492460a1d9a47ef9573e0bea56303
train,i_552_png.rf.29cfe7169cfba94b1734bb843aa872e0.jpg,1,0,0,True,120,80,1.5,JPEG,True,False,76681c4de25c282dd1dd476120879ca0
train,i_553_png.rf.ee6370acd9615fc87f238b68890f797b.jpg,1,0,0,True,120,80,1.5,JPEG,True,False,b81693d06fc7f892d5c98678aeb66e10
train,i_555_png.rf.377be3e02c9b206e522b0e203c2e4e5e.jpg,1,0,0,True,120,80,1.5,JPEG,True,False,2d9ae383004806f5795ced74e55aa465
train,i_556_png.rf.a9f759309bdf78d2012c6614fb862720.jpg,1,0,0,True,120,80,1.5,JPEG,True,False,0daa158ce8ba82351ac0d41773654cfa
train,i_55_jpg.rf.a85eaa85275dc1f212544126f0b0c64b.jpg,1,0,0,True,272,183,1.4863,JPEG,True,False,3920fe2ba2ca454ee55bbf1687f353ce
train,i_560_png.rf.22920cdd4fcab0f41bda3f21d681b81b.jpg,1,0,0,True,120,80,1.5,JPEG,True,False,3637aa55e567579fc9a2f017542f9a19
train,i_561_png.rf.cad904a329781e909842606d2e95e5b2.jpg,1,0,0,True,120,80,1.5,JPEG,True,False,5203658203960f33dc2a8845c154369f
train,i_562_png.rf.b46e8be185f0f8508d628b0e1ea1bf5c.jpg,1,0,0,True,120,80,1.5,JPEG,True,False,4a4a8eafac31a522d0d3167b6811dfeb
train,i_563_png.rf.c70b98d3fe43baa884377868ff184c08.jpg,1,0,0,True,120,80,1.5,JPEG,True,False,0f07fcc3413e9786ca7684f04c125ea3
train,i_564_png.rf.2a0e04e00def6be4d6ceff3b1901354e.jpg,1,0,0,True,120,80,1.5,JPEG,True,False,066ebd1669762a1c8b0d7e6f9eb52063
train,i_566_png.rf.1fe3e487323b32a21d0ebc8030a25a3f.jpg,1,0,0,True,120,80,1.5,JPEG,True,False,64ad5325ff419e0e80fc6235ad823dd8
train,i_567_png.rf.13f52f9599c51ad617a60feeea51c1fd.jpg,1,0,0,True,120,80,1.5,JPEG,True,False,0d4fa95424ed38c12e4c68f66a8ec5e1
train,i_568_png.rf.9db340ef9899971210ea6348f222f393.jpg,1,0,0,True,120,80,1.5,JPEG,True,False,16d67795d536ac9d227d50e09bfb8c35
train,i_569_png.rf.16b97a4a9a2492e423b0562cbbfd077f.jpg,1,0,0,True,120,80,1.5,JPEG,True,False,a46268bec667e7f881d68bc86f80fdb9
train,i_56_jpg.rf.dd5769d241158d318fd9ad9aecbe2838.jpg,1,0,0,True,270,128,2.1094,JPEG,True,False,c2fde539524a276383f92c3b9bf25bbb
train,i_570_png.rf.63cfefdfbcb5941d8e3f7e1cd94d5cb0.jpg,1,0,0,True,120,80,1.5,JPEG,True,False,e6b8430ff9f46a79c067dc2fdb8dba4d
train,i_571_png.rf.2e12ce82ef8270c1d1ed9b278d95792a.jpg,1,0,0,True,120,80,1.5,JPEG,True,False,ab4b082b982009ca1c5a0135cef2906b
train,i_573_png.rf.9faa5dded6afb50d909bfa882bf587c0.jpg,1,0,0,True,120,80,1.5,JPEG,True,False,7a7882bc3a25567fe40b06c8122fcad0
train,i_575_png.rf.71e98e096fcc1b23cb562025b74c2539.jpg,1,0,0,True,120,80,1.5,JPEG,True,False,9b6f66013daad231748590947c2fbd66
train,i_576_png.rf.9c2a4a1a916bc280d729515b7993e640.jpg,1,0,0,True,120,80,1.5,JPEG,True,False,ffc23408994f79b09da0a16a1689aa81
train,i_577_png.rf.a2a0c9680d048dfdf3fb945ce12e2d4c.jpg,1,0,0,True,120,80,1.5,JPEG,True,False,6195df1eda9017276282b5df6502cfae
train,i_578_png.rf.b8bc91980b84f087d8668e80bccbd62a.jpg,1,0,0,True,120,80,1.5,JPEG,True,False,00c86fd02f48a17682f3da8d96cf996b
train,i_579_png.rf.11ed244185a83d616c1fd5556d48f604.jpg,1,0,0,True,120,80,1.5,JPEG,True,False,819e29d8e7b8914a283f5e821569cf80
train,i_57_jpg.rf.4f01a22bff561914feec9622cb92fe04.jpg,1,0,0,True,244,203,1.202,JPEG,True,False,a83e5f94d125379c21de1f64237366e5
train,i_580_png.rf.293e2e6d23ba3596878d348828520525.jpg,1,0,0,True,120,80,1.5,JPEG,True,False,fbd47f8fdc58b9f77f2f95002769083e
train,i_581_png.rf.39a15c34dfc0b80cfc7a7d2e018a917b.jpg,1,0,0,True,120,80,1.5,JPEG,True,False,d3ee06e9c31fefd7ebd905ca2dbb0c06
train,i_583_png.rf.96bd46471956ca136c1ad2b90f6f9b6b.jpg,1,0,0,True,120,80,1.5,JPEG,True,False,d176d8126fb86382792292999e88ac2b
train,i_586_png.rf.b8f18e6aa32c4726fd8558c2862901d6.jpg,1,0,0,True,120,80,1.5,JPEG,True,False,7f385b284f02dc9b7c976feea5dd4b4a
train,i_587_png.rf.c2db13729917a3d933986fc302f16e6e.jpg,1,0,0,True,120,80,1.5,JPEG,True,False,53041a0c14ade2cf3de753bd95e511c8
train,i_588_png.rf.286ad6366c3a67f679984ef96b21be02.jpg,1,0,0,True,120,80,1.5,JPEG,True,False,4c988251886f84cd15040b300f8b4622
train,i_589_png.rf.8eccd6f14dbd5d7603b2f74009bf9384.jpg,1,0,0,True,120,80,1.5,JPEG,True,False,821dfa004c0f2e6e02da17c248c0ba7b
train,i_58_jpg.rf.b4884abcfb1b605163002cdca0ba4851.jpg,1,0,0,True,277,168,1.6488,JPEG,True,False,0f3cc1be0b657061a57eb8b05db97015
train,i_590_png.rf.c13b4f0f51f2f6daedc0f98c40066204.jpg,1,0,0,True,120,80,1.5,JPEG,True,False,d0956f68c8e5ffaadd3962a02a027442
train,i_591_png.rf.ee7540baefd4c21c05bf0ebb9adb3763.jpg,1,0,0,True,120,80,1.5,JPEG,True,False,a4ac717bb15118dafdad0035196bf121
train,i_596_png.rf.9bc99644d7a21d064ab88691cb0f5054.jpg,1,0,0,True,120,80,1.5,JPEG,True,False,94b4a730d97c1312a82eea6c69207b6f
train,i_598_png.rf.373d20eb8634afcfcede402408346e55.jpg,1,0,0,True,120,80,1.5,JPEG,True,False,054ab2448a1bd030a138585e915891ed
train,i_599_png.rf.8533ccaddbc33db50836646cd26da007.jpg,1,0,0,True,120,80,1.5,JPEG,True,False,4b8f661dcf71abec060480b3435e3f75
train,i_5_jpg.rf.8698ba780974e7c5e1c9ac5c75e4450d.jpg,1,0,0,True,379,227,1.6696,JPEG,True,False,a8fbb61b6211a25e0f0aa9fc84d7736e
train,i_600_png.rf.44b73ac7d68c321d803786944d41981d.jpg,1,0,0,True,120,80,1.5,JPEG,True,False,c96b29d9a00adc68efbd5360df0088ea
train,i_602_png.rf.fe7f99e43197a65de30ac3731a459ae3.jpg,1,0,0,True,120,80,1.5,JPEG,True,False,403699ff4412e3a68a1d77d64c1f70fa
train,i_604_png.rf.da0fa688d35550289a721e3fb1a83b30.jpg,1,0,0,True,120,80,1.5,JPEG,True,False,91f7f68d7921f1f77162080472a8a767
train,i_606_png.rf.f21623281280a6dafb46066587185770.jpg,1,0,0,True,120,80,1.5,JPEG,True,False,45dbca757d2097b37f0c2c473c55cac6
train,i_607_png.rf.aab6eed92e397f40b5c756cda970bdb1.jpg,1,0,0,True,120,80,1.5,JPEG,True,False,aca79336c7c78e42edab15ba0c48eb49
train,i_609_png.rf.ca2dae0b5dbfa384de8faa882bb359cf.jpg,1,0,0,True,120,80,1.5,JPEG,True,False,b9f124298529ae546ab06a4e49abd736
train,i_60_jpg.rf.e82fcea147599ccf8b6edc0091911a3c.jpg,1,0,0,True,141,130,1.0846,JPEG,True,False,744d52db44568bc6140510d5b14238ce
train,i_610_png.rf.f54dcc7f0376f746e028ba50865e2501.jpg,1,0,0,True,120,80,1.5,JPEG,True,False,fd0f4854b434a87d98d4b3d3738213ec
train,i_611_png.rf.1c3bf104d96cac330074bbac8b485e00.jpg,1,0,0,True,120,80,1.5,JPEG,True,False,e1538ad2fa702f7db1afe11737126ecf
train,i_612_png.rf.8975a956bb61cfbdbc1b55423122e4df.jpg,1,0,0,True,120,80,1.5,JPEG,True,False,55c1ef63f0aa8a3cbdd7fb9271750eb6
train,i_613_png.rf.051199c8ca89870b688e85d469da2b21.jpg,1,0,0,True,120,80,1.5,JPEG,True,False,e04cff48bc7fd197a5c33007e2eca13e
train,i_614_png.rf.1140ef4661e354e18e3b624144dcb6b4.jpg,1,0,0,True,120,80,1.5,JPEG,True,False,d31c0967e957586c02e14bc3900740ec
train,i_617_png.rf.47a58c5c406fca7c1b39f634ebaf43e6.jpg,1,0,0,True,120,80,1.5,JPEG,True,False,cefb72138936f4404d6f6c8746446f01
train,i_618_png.rf.c52d2246e760175e886193892f857a24.jpg,1,0,0,True,120,80,1.5,JPEG,True,False,1f51967d01ad9e8a5f9c2eb4e8a99c64
train,i_619_png.rf.7e1f35f91a717c2ad30c12cbe84dda13.jpg,1,0,0,True,120,80,1.5,JPEG,True,False,352670773ef4ddc43306fe1cbce40044
train,i_620_png.rf.c8ebab73bf6684a81f9c2ea6a0d9e61c.jpg,1,0,0,True,120,80,1.5,JPEG,True,False,73b83e2b34cfca969e1eed748d130d1b
train,i_621_png.rf.6aff9279aed619f38b8c07645a0d2318.jpg,1,0,0,True,120,80,1.5,JPEG,True,False,1ed250ddbd101eecfb08b3c843e7ca69
train,i_623_png.rf.fba0bf1105e45bc0b99bf6a0d9297511.jpg,1,0,0,True,120,80,1.5,JPEG,True,False,343b9c1778c9e28a2d947be06e98e0e4
train,i_625_png.rf.5c83e7d45cb2cd8655b2b90e58e823f7.jpg,1,0,0,True,120,80,1.5,JPEG,True,False,bd4bf5558f748bb125ac9e67a04e707b
train,i_628_png.rf.effe7a753331dfb1c6be855f9ab481d7.jpg,1,0,0,True,120,80,1.5,JPEG,True,False,f539458133cd4a99aa9578c93c1105ac
train,i_629_png.rf.fe64f38a8138000d29e9537010d95dc8.jpg,1,0,0,True,120,80,1.5,JPEG,True,False,6b134e3c2aac60775c9a9d8ee0c29582
train,i_62_jpg.rf.f91709c02f3d8c0c8da7699486bcbfc1.jpg,1,0,0,True,154,132,1.1667,JPEG,True,False,2464bae01fd24c726fee45ec8e15b392
train,i_630_png.rf.3869cb1d5cbd67021e872dcad5a278b4.jpg,1,0,0,True,120,80,1.5,JPEG,True,False,e5712acad142bb2770bbb0407f49f897
train,i_631_png.rf.a210560e26b7dea150daceed0313b77f.jpg,1,0,0,True,120,80,1.5,JPEG,True,False,a77e42e4073ace4628d7c36fda198c30
train,i_633_png.rf.ae804f06306da15b5bd3eabab1864151.jpg,1,0,0,True,120,80,1.5,JPEG,True,False,060d3281edf755efe3d7c30c10bf7125
train,i_634_png.rf.59b3efe3be33ab9d81e927aa11aaa765.jpg,1,0,0,True,120,80,1.5,JPEG,True,False,7d1887e740742ea9138061cc345b139e
train,i_635_png.rf.e7932a442ee568b9597e680b84e337a0.jpg,1,0,0,True,120,80,1.5,JPEG,True,False,5dcd90311d8e2d1632567611a27ac816
train,i_636_png.rf.c660fc1782e5916b98fb7a2a3b128f41.jpg,1,0,0,True,120,80,1.5,JPEG,True,False,a10cdb5e60654b1f6fcb373c707d0ffe
train,i_639_png.rf.ea7f7b5029fb03379466108c28eddd14.jpg,1,0,0,True,120,80,1.5,JPEG,True,False,b62a8e32e586d07cbc3f7ff2b06511a7
train,i_642_png.rf.5af186a4107bc08e5abf390c42e60265.jpg,1,0,0,True,120,80,1.5,JPEG,True,False,efe07b5e551cde39f2f1f774ae3598d0
train,i_644_png.rf.298e4598a525f4682e624a4a1bc89a85.jpg,1,0,0,True,120,80,1.5,JPEG,True,False,bd0699aeba89d75559fcb0d3e3016d0e
train,i_646_png.rf.680508a2898dece5adda3425a0e219a9.jpg,1,0,0,True,120,80,1.5,JPEG,True,False,cfd43bc92f754a6af15ee756643661a4
train,i_647_png.rf.98d66a1600f18ab1b3b7ca7b614c5962.jpg,1,0,0,True,120,80,1.5,JPEG,True,False,370251c329747077f6b83e66cff7a0bd
train,i_648_png.rf.3f2fec0dbb8e77e3dbdff9595d4c9e16.jpg,1,0,0,True,120,80,1.5,JPEG,True,False,48c9f00249de6a85873913e0e6a1473c
train,i_649_png.rf.c5a086b73a23f01fac124cd6daf3cadd.jpg,1,0,0,True,120,80,1.5,JPEG,True,False,4d6ff08db67609c946f4aec620fc8df2
train,i_650_png.rf.11fc7c87ccae682db570f41787c75a2b.jpg,1,0,0,True,120,80,1.5,JPEG,True,False,6ed9a3cbe0b06efccaf0efdeb621536b
train,i_651_png.rf.1ab8a7a7639680784930e9e6df6c0ebb.jpg,1,0,0,True,120,80,1.5,JPEG,True,False,6f0cccbeba83cb84de8d85ac9e6a3050
train,i_652_png.rf.424358787b8fd2732a65f52f41809e84.jpg,1,0,0,True,120,80,1.5,JPEG,True,False,6cde37909a2b8571e5d8ca51d53e063a
train,i_654_png.rf.af9a31ae1d91442f4999c44f7d94ad80.jpg,1,0,0,True,120,80,1.5,JPEG,True,False,d0207890534f82eedf97e637698d1f51
train,i_655_png.rf.4dc5c3b5ec6b35c918acec392ec99d7a.jpg,1,0,0,True,120,80,1.5,JPEG,True,False,4247b4b0c02e3fce62184440e1e486fb
train,i_656_png.rf.9e685e3f39880fc5d44ac46fbc8ebd47.jpg,1,0,0,True,120,80,1.5,JPEG,True,False,61f9f753c1429943779bcc1aa671463b
train,i_657_png.rf.16d341e7e29496ae44457eeb822505ad.jpg,1,0,0,True,120,80,1.5,JPEG,True,False,fbc7303e55a6f2bd1262275ff49c59a4
train,i_658_png.rf.8cfeb01733789c91eba82eab758b5cbe.jpg,1,0,0,True,120,80,1.5,JPEG,True,False,f854b516eeca186e2adad3923ff1376b
train,i_659_png.rf.29ea576dcafee7b4e5ffe33771b1aac0.jpg,1,0,0,True,120,80,1.5,JPEG,True,False,0ecfbaa99b14d6386abb998d02e2408b
train,i_65_jpg.rf.bec3f0175620191263770c9c7af53b6b.jpg,1,0,0,True,358,217,1.6498,JPEG,True,False,a09d6241a359dea5e73778cb003ddf89
train,i_660_png.rf.0c9253ef76084023b5cbe33622e8df14.jpg,1,0,0,True,120,80,1.5,JPEG,True,False,46cbbba16fa8a52dfc56e2c8ccce4337
train,i_662_png.rf.e0ceebadc5fb2a75f0ad6cf5d0eb6459.jpg,1,0,0,True,120,80,1.5,JPEG,True,False,f62be1f5d122dd588b758976b28fa1ab
train,i_663_png.rf.890c8c7b666e613812b297c0819671b1.jpg,1,0,0,True,120,80,1.5,JPEG,True,False,acdb9234c068ff9cf446bbb09ffbb90f
train,i_664_png.rf.a851934e35192c8c936a5810ef91fa77.jpg,1,0,0,True,120,80,1.5,JPEG,True,False,6f1c0149d61dc7504414c48e8cfa0585
train,i_666_png.rf.f76444613c1d377deb418d9c1cd58033.jpg,1,0,0,True,120,80,1.5,JPEG,True,False,abfb2a2abae55d74c62c37814678078e
train,i_669_png.rf.a6b6fcd94c985f104c96e85d4717022f.jpg,1,0,0,True,120,80,1.5,JPEG,True,False,8b88ad8063cd05e6db0a14a6a2a745a5
train,i_66_jpg.rf.05b405d31e33aeefe211b7152f4ffa51.jpg,1,0,0,True,300,246,1.2195,JPEG,True,False,cda809af9ea950f96d67b664997eb2cb
train,i_671_png.rf.243291ba8c7c984ec4ae50b7c7e58e8c.jpg,1,0,0,True,120,80,1.5,JPEG,True,False,3a58ff6f242e2286f16294805e871c86
train,i_672_png.rf.f087499d8b078c63e2aedc59f1e89d85.jpg,1,0,0,True,120,80,1.5,JPEG,True,False,2992ac34a2e098b149e0af2df560a13b
train,i_674_png.rf.3785b8a0e10d1996ec9797427b483d99.jpg,1,0,0,True,120,80,1.5,JPEG,True,False,24aab3cd3cf25df86ec2874d3ba5be0c
train,i_675_png.rf.5bd416261645b884b9a63135fb590bbf.jpg,1,0,0,True,120,80,1.5,JPEG,True,False,0a9e1b334339f628b5bde144a78b5742
train,i_676_png.rf.b7ade8d72c425bf22e5895e891f5cfa3.jpg,1,0,0,True,120,80,1.5,JPEG,True,False,622118f2f61bd609ab7671dff32779fb
train,i_677_png.rf.2dfde4d71c8745ede8c453715857a13c.jpg,1,0,0,True,120,80,1.5,JPEG,True,False,5aa409e4173dab639531fe171bfd0d04
train,i_678_png.rf.65acd3519b2cbaa00bf05b96153f33f7.jpg,1,0,0,True,120,80,1.5,JPEG,True,False,38bfdc0c616c1e86d49d044799a9e505
train,i_67_jpg.rf.a3a4f1979f1e8d66015696660565ffc1.jpg,1,0,0,True,328,218,1.5046,JPEG,True,False,80d8d85e7d5e4d2c58fb8c50a77011de
train,i_680_png.rf.770e11fd643379fc4093f9b0e088bef2.jpg,1,0,0,True,120,80,1.5,JPEG,True,False,0344e392009617f8d394c7fa694caab3
train,i_681_png.rf.bdeda45ec78db0992727afff81efa37b.jpg,1,0,0,True,120,80,1.5,JPEG,True,False,4b20074b333661bdb424a95c240487da
train,i_682_png.rf.eea5d1bc1e72fa4d5b0ee2d8b61b48c7.jpg,1,0,0,True,120,80,1.5,JPEG,True,False,5b6a9e9e3f652f34c822204c5599c02f
train,i_686_png.rf.a030644b8eec04ffbcf576711cd338f8.jpg,1,0,0,True,120,80,1.5,JPEG,True,False,8bf2cc073d756e6450101ad9ae4f6245
train,i_688_png.rf.8912b0d0777fb7906bf56b4b7746d507.jpg,1,0,0,True,120,80,1.5,JPEG,True,False,ae377c72849b85b4a7bf17be7b201e6f
train,i_68_jpg.rf.eba3671dca27dbf85075886ced7d2e87.jpg,1,0,0,True,311,226,1.3761,JPEG,True,False,73e4f10fd9df30c665829d37c2c73f42
train,i_690_png.rf.eab8e645b36e38cff9d8f8e72610e5ff.jpg,1,0,0,True,120,80,1.5,JPEG,True,False,0455da916137017e9adae618b946e00c
train,i_691_png.rf.75b8fbc764d217dbbf3ad9e6f2b6c2af.jpg,1,0,0,True,120,80,1.5,JPEG,True,False,504005235b542fd3ba99f793d59f40bc
train,i_692_png.rf.ca00a5ebbb17500c27041a02014f009f.jpg,1,0,0,True,120,80,1.5,JPEG,True,False,0c856fa78abc2e561f390dac389ee928
train,i_695_png.rf.08657216aa53a6038ad95378c8ee4009.jpg,1,0,0,True,120,80,1.5,JPEG,True,False,e158050d03c50eea6ab54f53aa51645d
train,i_696_png.rf.21e2ec94ae6c9a25f7bc0dbc30605e22.jpg,1,0,0,True,120,80,1.5,JPEG,True,False,5e7a4f7c34e545395a26c401eb5be887
train,i_697_png.rf.2b51841a72c7e28721d45f7719cfd88f.jpg,1,0,0,True,120,80,1.5,JPEG,True,False,93163d988515a9503ef0dd7d05603854
train,i_698_png.rf.1b2f9e76bfd253ba87da18dee6434af9.jpg,1,0,0,True,120,80,1.5,JPEG,True,False,f1e8319775754880c76a021d7a058b05
train,i_69_jpg.rf.bc9c8c610981ebce30f773e075e9b588.jpg,1,0,0,True,301,238,1.2647,JPEG,True,False,a8d6494701fca9cd7720c756e3535791
train,i_700_png.rf.d939ceaa018390ed0ae902d05316db94.jpg,1,0,0,True,120,80,1.5,JPEG,True,False,947bdd15a122f3734a60fb704761b2ab
train,i_701_png.rf.f9885c085f86e2f67402787ad8fba60f.jpg,1,0,0,True,120,80,1.5,JPEG,True,False,fc9d1a46357f1c1ad5f6209dc2d9fec1
train,i_702_png.rf.4c5ebc1825c010bedf1a4a07faf9783a.jpg,1,0,0,True,120,80,1.5,JPEG,True,False,c120989a8d0b451c4d87b4ff261c7705
train,i_703_png.rf.42a39b3c3e1cb8ef57e5064e52ba005f.jpg,1,0,0,True,120,80,1.5,JPEG,True,False,2da267cb53864fed26fde2aa0a7b9333
train,i_704_png.rf.ac877d64d9b8530ac91d35353fa4b676.jpg,1,0,0,True,120,80,1.5,JPEG,True,False,e76abffe84904786d3e99af5dd16ef58
train,i_707_png.rf.d46b5e1596d81cafce808f578c576736.jpg,1,0,0,True,120,80,1.5,JPEG,True,False,af472be370b35bc4551723539a172ba7
train,i_708_png.rf.b640b180900814c40c6ad6470c596b70.jpg,1,0,0,True,120,80,1.5,JPEG,True,False,815217f064221000fc87e9fd75d4d3d4
train,i_709_png.rf.7661dbe0396c54b5969a091d02422187.jpg,1,0,0,True,120,80,1.5,JPEG,True,False,2823e93e9fdd9006f5d3d3fca77f04fc
train,i_710_png.rf.a6b72efed49438c9a5341788bb88dcf1.jpg,1,0,0,True,120,80,1.5,JPEG,True,False,4b91e7da517cb76dc29f8d47153ffbe4
train,i_711_png.rf.571293e5a8c2ed6073e276428f69955d.jpg,1,0,0,True,120,80,1.5,JPEG,True,False,4136879277a27b357e309237a5caeaa6
train,i_713_png.rf.d6652d6fa50d95b3a16c4787a0da874e.jpg,1,0,0,True,120,80,1.5,JPEG,True,False,3f04830f1aa22b6890d2e961dca1b78b
train,i_714_png.rf.b2a8303a513f1e5544cb4777d235892c.jpg,1,0,0,True,120,80,1.5,JPEG,True,False,e61b3b447bc1da733770bb8eb57f2f98
train,i_715_png.rf.b6c1238f7bf1e7d280354bf582b5bff1.jpg,1,0,0,True,120,80,1.5,JPEG,True,False,f5b9145829ab74ff9aa4e54ba6e1ab70
train,i_716_png.rf.0f50889f22a8caf573331288e729452d.jpg,1,0,0,True,120,80,1.5,JPEG,True,False,d1fa31e45cf21e4eda4885315ab91ca5
train,i_718_png.rf.86d6f352d056001f8300102d9d98bf82.jpg,1,0,0,True,120,80,1.5,JPEG,True,False,6d82e93442b12c6eecf731a21001ad5c
train,i_719_png.rf.ff97b12e2e07a327e8455f644086c333.jpg,1,0,0,True,120,80,1.5,JPEG,True,False,220c5ef473e0f5f78ef79695668dca54
train,i_71_jpg.rf.77fa95e72de554de7813f2ecf859180c.jpg,1,0,0,True,204,189,1.0794,JPEG,True,False,b838f3baf45248ecc9b12b93f0fc19da
train,i_723_png.rf.cb96e600e4f9a0c8297d861b3a77065d.jpg,1,0,0,True,120,80,1.5,JPEG,True,False,aae360cfef8af4e60daa500c1e213599
train,i_726_png.rf.e06cea9299e8797a8091589beef07b0f.jpg,1,0,0,True,120,80,1.5,JPEG,True,False,d42d92701592e1425d32a86b945dcdc9
train,i_727_png.rf.d2d8b7d4469c35e871f3288bd4ed2348.jpg,1,0,0,True,120,80,1.5,JPEG,True,False,a0554c0c80698a3ef4dd89f3c4df4092
train,i_728_png.rf.0f6646260838e03b22257ae575fda674.jpg,1,0,0,True,120,80,1.5,JPEG,True,False,de9823f72b243b7c6e489ea0a86854ce
train,i_72_jpg.rf.d377381fcc6915cb28226f96413a9710.jpg,1,0,0,True,291,244,1.1926,JPEG,True,False,df218916fe4ccba5028d5562d0a86d9b
train,i_730_png.rf.837f6d89b514bcfc53a2e7d263545486.jpg,1,0,0,True,120,80,1.5,JPEG,True,False,c44213f2bb1a2568fed79e4ea807a54d
train,i_731_png.rf.8182aea8c30d54f526b23cbcdee52aa3.jpg,1,0,0,True,120,80,1.5,JPEG,True,False,91281f834ee8a69ea52bb088049744cf
train,i_732_png.rf.9b488c6bf88af8ba0549b692d84e6772.jpg,1,0,0,True,120,80,1.5,JPEG,True,False,afb9040abdd264900fc3d7b5440ecb32
train,i_734_png.rf.3c004904a77347b25b9e5b0b760d2991.jpg,1,0,0,True,120,80,1.5,JPEG,True,False,500e383a2ac1721ddbd90bdbd043954a
train,i_736_png.rf.57a5c81b5495a56198c7a93b7acf5997.jpg,1,0,0,True,120,80,1.5,JPEG,True,False,fe8e2e0f35a64cfcc4633ebe4d037597
train,i_739_png.rf.21ec2a289b8875678313d8d6db250298.jpg,1,0,0,True,120,80,1.5,JPEG,True,False,68524357a7158f7e2ffd4d47516d4860
train,i_73_jpg.rf.27ed0acb06029c6f92d673d3ad4b19e8.jpg,1,0,0,True,168,128,1.3125,JPEG,True,False,f5460b3cc3b4a9fe8b188d5d32b979b2
train,i_740_png.rf.4bc614d7f166d482e1bd29158d2ef115.jpg,1,0,0,True,120,80,1.5,JPEG,True,False,61b9ab0b3691a9f9ba6fe6bf8e384cf8
train,i_741_png.rf.02898e5f2e504a1bd1c63e9cb264cb24.jpg,1,0,0,True,120,80,1.5,JPEG,True,False,b6db5bd315847c5859ea1dd585a6e356
train,i_742_png.rf.af6a111588ed71e2190d655126e24be6.jpg,1,0,0,True,120,80,1.5,JPEG,True,False,e0adcdc0b3e30fe203397ee548e7eebb
train,i_743_png.rf.244cec08b9e5916cd39f257ca8e0f716.jpg,1,0,0,True,120,80,1.5,JPEG,True,False,1f617687c68137b4842ef3a3d1d5cdda
train,i_745_png.rf.bedeb2d9b92436f7dfec7fb400791e68.jpg,1,0,0,True,120,80,1.5,JPEG,True,False,b5c23a88e0c3ab492d30522dd070cd3b
train,i_748_png.rf.71f5ded469695eefb2c302e4bc0ad9f8.jpg,1,0,0,True,120,80,1.5,JPEG,True,False,af4005180fa6ec05ffd2186d3309dd7c
train,i_749_png.rf.3b6383a122fe1c8cf4b830b37e16f358.jpg,1,0,0,True,120,80,1.5,JPEG,True,False,d0ba05e0d9d334fb297cfa6a41a41d30
train,i_74_jpg.rf.7503a3ac3695ff57955f1d50c0052981.jpg,1,0,0,True,308,192,1.6042,JPEG,True,False,5c61f2571af2863ee012e51e8e5ae992
train,i_752_png.rf.900b6909316b6a56013b7c3c8099f004.jpg,1,0,0,True,120,80,1.5,JPEG,True,False,5550da175617951582602e242b6a25c2
train,i_753_png.rf.082066a55f47ebff2da85d3bcd8c64e2.jpg,1,0,0,True,120,80,1.5,JPEG,True,False,ef0e69863f416e3645336ed7a571262d
train,i_756_png.rf.a94863044a4f7c7339a3ab9ff0b989cc.jpg,1,0,0,True,120,80,1.5,JPEG,True,False,07b820307afa4c0139445e83be2b7e30
train,i_757_png.rf.75a647de108d493c4f138394cd867963.jpg,1,0,0,True,120,80,1.5,JPEG,True,False,619dd1fbb2edabc6fd23ca6893c815b2
train,i_75_jpg.rf.a26ddda18f91e3c0100c40370ca0e0a0.jpg,1,0,0,True,183,158,1.1582,JPEG,True,False,3e95d0c93ac7842302717c8408cc904e
train,i_760_png.rf.a39c08c33818d1bda5c6232b3bb42eda.jpg,1,0,0,True,120,80,1.5,JPEG,True,False,01ae61c1a10a398960aa04a68c3713a9
train,i_761_png.rf.0d20790ada7b08bfb75f93444fc7de01.jpg,1,0,0,True,120,80,1.5,JPEG,True,False,8b085b36b0c493fb12ebaf45807e7ae8
train,i_762_png.rf.ae5c7d1217d1d429d040819615bae9c2.jpg,1,0,0,True,120,80,1.5,JPEG,True,False,c62d8a7ab7ac7838f6af2ecdd359e2e8
train,i_763_png.rf.92042bc3fe4ba604ab21039f8c00676c.jpg,1,0,0,True,120,80,1.5,JPEG,True,False,e68f27c070c46b7135742316c5c0711a
train,i_765_png.rf.69547d5907dc6d449ef7583640b319b2.jpg,1,0,0,True,120,80,1.5,JPEG,True,False,47dde3d1086d654076a996ba380d8633
train,i_767_png.rf.82c146fcb15a63d3768f7f775947e28b.jpg,1,0,0,True,120,80,1.5,JPEG,True,False,d786512cd307426bacd138b74f76e0c3
train,i_768_png.rf.027b5e645a8b3f3d498756205b469fae.jpg,1,0,0,True,120,80,1.5,JPEG,True,False,6cadabc94eedd76eee328327f9ca145e
train,i_769_png.rf.99aeabb59c03ce5835e1d2f2bfab2dec.jpg,1,0,0,True,120,80,1.5,JPEG,True,False,83d9929916251cccbff2c0df5ec65bdf
train,i_771_png.rf.ef8f3e21f0f6522cbdd03c73a76c4050.jpg,1,0,0,True,120,80,1.5,JPEG,True,False,261b5a9b30acc7c0174e201e03a9cf99
train,i_774_png.rf.7409e26ff1cc4b3ece3ca93c71fc0d5f.jpg,1,0,0,True,120,80,1.5,JPEG,True,False,9d2b1fc2d2b35287ab1256da25ef1bfe
train,i_775_png.rf.48a23cb0fff6034a399ee40c8800f09a.jpg,1,0,0,True,120,80,1.5,JPEG,True,False,f1306f6c23f5746722021a434baefbea
train,i_776_png.rf.06da03925afbb42a0961f8588ca15f68.jpg,1,0,0,True,120,80,1.5,JPEG,True,False,e076be995c7bda0840411f4540b32ccf
train,i_777_png.rf.980d5844c8eeb62ef3d19e3731e5480c.jpg,1,0,0,True,120,80,1.5,JPEG,True,False,a75ca5f7406073fb4c9168a000a230f7
train,i_778_png.rf.63359fa3328f36038d1cc2e9e3d251af.jpg,1,0,0,True,120,80,1.5,JPEG,True,False,6002412c475a5107fbbb4fcfb4ad0841
train,i_779_png.rf.3b8d1ee0312ada748090041eaf526434.jpg,1,0,0,True,120,80,1.5,JPEG,True,False,0f3105f5ed123b241289e51643129032
train,i_77_jpg.rf.398a410fb8e08ebf08736cc694f71b62.jpg,1,0,0,True,327,249,1.3133,JPEG,True,False,f6841aecfddd75bd5c9a61e1f20f9d59
train,i_780_png.rf.2d13defb1cead6d7989749afd2b136ec.jpg,1,0,0,True,120,80,1.5,JPEG,True,False,91df27f964c0a004832e26de6a7f6bb3
train,i_781_png.rf.cdb448d113526fc6a25bc8940e6c9ddd.jpg,1,0,0,True,120,80,1.5,JPEG,True,False,3bbc7b5f777149fc150418d3830576d1
train,i_782_png.rf.1c9da4d23982ec915070155973459686.jpg,1,0,0,True,120,80,1.5,JPEG,True,False,c5511e1708a8f221566bf2ac79d0d99c
train,i_785_png.rf.ecb532725d55585a6bbd2a425c339aed.jpg,1,0,0,True,120,80,1.5,JPEG,True,False,f233d52f700a6c84d6abee5f4b95b638
train,i_786_png.rf.e6086c93d656d3631d9960ebc20a7d6c.jpg,1,0,0,True,120,80,1.5,JPEG,True,False,830defc4f2d1f84e0286f8bab164f346
train,i_787_png.rf.557f3376a70c5e794322bcfe0966e83a.jpg,1,0,0,True,120,80,1.5,JPEG,True,False,33d100b457e507e80affd3df2c7ff991
train,i_789_png.rf.60f1f617f4ac3529a7a141012c47fb65.jpg,1,0,0,True,120,80,1.5,JPEG,True,False,4ce30b099f70cf9d190a9bc2797fbcc9
train,i_78_jpg.rf.1851950330b5f1d3bf1b0e08d2984c92.jpg,1,0,0,True,292,196,1.4898,JPEG,True,False,e10a6f734a9a4803c0ec0e7488e9a27a
train,i_791_png.rf.def8cdc5b7ff9bdaaba6711e5e89603f.jpg,1,0,0,True,120,80,1.5,JPEG,True,False,1335e1430a469ee08d3844d048859b0e
train,i_792_png.rf.3a57720e2a48ebde39823f38bdea946d.jpg,1,0,0,True,120,80,1.5,JPEG,True,False,daa8a302627b64e6f2373c41ed78cf97
train,i_793_png.rf.7d698071b18a0909b3c8e07103c9b0f4.jpg,1,0,0,True,120,80,1.5,JPEG,True,False,b8bb957bfc142f35eb1e715c298254a6
train,i_796_png.rf.b72714d9a8be774c1353f79d22278ffb.jpg,1,0,0,True,120,80,1.5,JPEG,True,False,77a0faea6bd49c4095a4af50c11b8e33
train,i_797_png.rf.0be13b9d87b01f411df2ebe1adbdb68e.jpg,1,0,0,True,120,80,1.5,JPEG,True,False,1f4eaf41f90ec8a54b499b68d4d53327
train,i_798_png.rf.ea156ba6492c091566ce63bc7e074766.jpg,1,0,0,True,120,80,1.5,JPEG,True,False,1c01f7a6854e076b6e0a954bcf27219f
train,i_799_png.rf.b9f26b9d2cae26502e49e174cc489c3b.jpg,1,0,0,True,120,80,1.5,JPEG,True,False,ed6e8a30b4f3b516431ae2a2a7f17fcd
train,i_79_jpg.rf.c161ee2b07b03b7b7e0257a9de09ad0c.jpg,1,0,0,True,180,194,0.9278,JPEG,True,False,cebbc9e91bd4130b2544e0825f875b4c
train,i_7_jpg.rf.716e3d2fc01efa45f34ee1fe60992fef.jpg,1,0,0,True,388,439,0.8838,JPEG,True,False,dd066aa4f382d8ca819e46cc0cbce36b
train,i_800_png.rf.023fa07ac93431ba3d5664084379af84.jpg,1,0,0,True,120,80,1.5,JPEG,True,False,8c666336857e8f22d4778a3a2611bbd7
train,i_801_png.rf.c9e6ad6a70c137edb464a3ed24df0965.jpg,1,0,0,True,120,80,1.5,JPEG,True,False,425ba7b12ab987c62d203a32e6f833c1
train,i_802_png.rf.3f6428d7d971ffeeb6fe7189e0c2a29e.jpg,1,0,0,True,120,80,1.5,JPEG,True,False,81017ece765e656d300740dd886cc50a
train,i_803_png.rf.418500155da293133097f3a8672fc370.jpg,1,0,0,True,120,80,1.5,JPEG,True,False,39df7aa2d09e279202a67450de25b752
train,i_806_png.rf.58330801a491198c7c449db199ea45db.jpg,1,0,0,True,120,80,1.5,JPEG,True,False,6f1bd8a184ba7c5af559e31f6521675a
train,i_807_png.rf.eeb27ba08bf2c85d7d1a4f6f470ef5f3.jpg,1,0,0,True,120,80,1.5,JPEG,True,False,236f2f0deafe1ecefce23b7b50c58c60
train,i_808_png.rf.3587288472b319dc7768034612473d89.jpg,1,0,0,True,120,80,1.5,JPEG,True,False,3bb526c031c29bae399a0e0725dd3a09
train,i_809_png.rf.3ae8149bbfdbbc7a1770e7adb3732388.jpg,1,0,0,True,120,80,1.5,JPEG,True,False,cf77a0f109da4e9089b8a65891c10af7
train,i_80_jpg.rf.544e1dcbf5dcffccfc016853c7cbaabe.jpg,1,0,0,True,197,183,1.0765,JPEG,True,False,563203f66953a4d6fafcc2439dcf92e1
train,i_810_png.rf.b3fe6b8fc678f8e354568f7ce641625f.jpg,1,0,0,True,120,80,1.5,JPEG,True,False,f55b1daac6e0dcc2c40ade54ab01cb5e
train,i_812_png.rf.cdf75d6ff589b415c1b2ad254a626c75.jpg,1,0,0,True,120,80,1.5,JPEG,True,False,7e0bcf17068006b74faf7af7ecf290fc
train,i_814_png.rf.8c6146deba67f152ac2254b9df4c736e.jpg,1,0,0,True,120,80,1.5,JPEG,True,False,3f5db46fcdcfc4fc01e8a523dc0923a8
train,i_815_png.rf.bdf734cc8b0cb459b79f9d58f31a9397.jpg,1,0,0,True,120,80,1.5,JPEG,True,False,4b768e4d38ef9d17a3c508fcfc285497
train,i_81_jpg.rf.8715b1a8a6b3a3ce68cadfd640e7c28c.jpg,1,0,0,True,282,192,1.4688,JPEG,True,False,0beb6b50bae1c3756189d26bde5c6a87
train,i_821_jpg.rf.8e960154ff9475a6dc28113510da08a9.jpg,1,0,0,True,640,465,1.3763,JPEG,True,False,918f0b02847c0e3d87311c7c9ccb2d14
train,i_822_jpg.rf.a7d564d7f5777fa60af0cd2f80a079fb.jpg,1,0,0,True,640,352,1.8182,JPEG,True,False,fe6023b9c3bfffad1a01cda539e236e5
train,i_823_png.rf.43cd20a1124f6f62ee81058436da80d6.jpg,1,0,0,True,120,80,1.5,JPEG,True,False,92d9e222a4b3f443b46eead7f9b5fd4e
train,i_824_png.rf.9ebbb9491a80c8924ab07af49bc72ace.jpg,1,0,0,True,120,80,1.5,JPEG,True,False,f6c8832eb50503477c1f8251cb4f7bc5
train,i_825_png.rf.9b8c43879fd539d4797906efb040bb1b.jpg,1,0,0,True,120,80,1.5,JPEG,True,False,6772a13e7859968a90ba4f84f4e14721
train,i_827_png.rf.b431d048b69d4eaaf80f0b44c27ffaba.jpg,1,0,0,True,120,80,1.5,JPEG,True,False,1d87eb333f11a5bac7851858c94afd7c
train,i_828_png.rf.cf6626d5c0238277c58e53c98dc2bfe0.jpg,1,0,0,True,120,80,1.5,JPEG,True,False,a81b47e10030432bd052f419de88243f
train,i_829_png.rf.a3d2fdd716c01894a42ba9e488b51388.jpg,1,0,0,True,120,80,1.5,JPEG,True,False,c79dc38e263d2181c2b75bcf5cce4deb
train,i_830_png.rf.7a18ca3d1ce6712f91e4c3883ad0848a.jpg,1,0,0,True,120,80,1.5,JPEG,True,False,8c87b07bc4cc15bf9967760578026553
train,i_831_png.rf.f17a29287cc3d135dafd3dc334a4f5ca.jpg,1,0,0,True,120,80,1.5,JPEG,True,False,fb7144bca7968b87bd382cb131af965f
train,i_832_png.rf.f145701c6cd087dba334a322287a1b73.jpg,1,0,0,True,120,80,1.5,JPEG,True,False,a699fc94abc29e2b2415b32b97e751a2
train,i_833_png.rf.a9cdfa8aafc3baaa64837ab690a74eb8.jpg,1,0,0,True,120,80,1.5,JPEG,True,False,e86e1d0e4a1a98112be2f59a638197f8
train,i_834_png.rf.99fdb09e05fe4d677b60fddb2729ab78.jpg,1,0,0,True,120,80,1.5,JPEG,True,False,63881f7be0cdc8011e3575f7b273c63a
train,i_835_png.rf.f9d2575b647cd323285cbfdacd010de3.jpg,1,0,0,True,120,80,1.5,JPEG,True,False,4d871a1dd67b930f1c2d8426ee100afa
train,i_837_png.rf.f668f530ca92f42e8c7c8ddd31be2c62.jpg,1,0,0,True,120,80,1.5,JPEG,True,False,554a075146709e5fb1898a8b61ad0c8c
train,i_838_png.rf.8cf4f15428485b8d3b23cada4981d6cd.jpg,1,0,0,True,120,80,1.5,JPEG,True,False,888ed6128cf69d5464c2623c925a8575
train,i_839_png.rf.ca02fdf1d23acf9a15c18fa47b363d8a.jpg,1,0,0,True,120,80,1.5,JPEG,True,False,319dc0e42ad56459c24352fbaf012791
train,i_83_jpg.rf.3f2e24ea9ebbf697a9cc3e3966dc9d8d.jpg,1,0,0,True,246,226,1.0885,JPEG,True,False,014163e0a7e75b2511c8b92519defc3f
train,i_840_png.rf.d24ea2469f104eadeab0748cfd346a42.jpg,1,0,0,True,120,80,1.5,JPEG,True,False,8bf90a837c316bb3371a60659f9bae7e
train,i_841_png.rf.fe2277f74e3eadd9303a0227178a7209.jpg,1,0,0,True,120,80,1.5,JPEG,True,False,1124dab5ba0498c4c92bba2e067ac898
train,i_844_png.rf.7e1e9f622a9374389253b220410b4d69.jpg,1,0,0,True,120,80,1.5,JPEG,True,False,9a56aa54cb515c1d3be659e01f021839
train,i_846_png.rf.e494cb0d34197a01631b26a6688015dd.jpg,1,0,0,True,120,80,1.5,JPEG,True,False,ad3ad44ff0ef88b0d87def7973b9c4d9
train,i_847_png.rf.36a3ac2734c025ddecb3dbf85e9e2b60.jpg,1,0,0,True,120,80,1.5,JPEG,True,False,00a29217439148b08492b708d280534b
train,i_852_png.rf.7e9dd6a519dd24a2e4c14f21df52abe8.jpg,1,0,0,True,120,80,1.5,JPEG,True,False,9dd02b6216caba3b23166deefd65c894
train,i_854_png.rf.a8d53a469ca38b87665160008f5d73fa.jpg,1,0,0,True,120,80,1.5,JPEG,True,False,7b7f09c975bcc85d0381b981221a500e
train,i_857_png.rf.cd71f76ea598642f677852725b0a795f.jpg,1,0,0,True,120,80,1.5,JPEG,True,False,8d697d79a522d6464b69a979642ab220
train,i_858_png.rf.bf45d795328bb666d62c4b1a3b9c6c45.jpg,1,0,0,True,120,80,1.5,JPEG,True,False,7ac647a7b674fc15a3ad89aedb158720
train,i_859_png.rf.aa8eab262bacfaca8b8c046995881e94.jpg,1,0,0,True,120,80,1.5,JPEG,True,False,8c5c3b5919b6fdf7c4dfc500459137a2
train,i_85_jpg.rf.c183219c7bf12f07b60f2ee638a2a268.jpg,1,0,0,True,230,187,1.2299,JPEG,True,True,1e3b3a03e3da6fe722a7806e8ff00e0b
train,i_860_png.rf.92a0bb66168bf7653b64d3e542ad5b42.jpg,1,0,0,True,120,80,1.5,JPEG,True,False,f108177535c4de40c8f4caf8664a4bc7
train,i_861_png.rf.023ca421f3d64d22436dc976a9480579.jpg,1,0,0,True,120,80,1.5,JPEG,True,False,8689b233af327e75238990b05e2587c1
train,i_862_png.rf.d0c68cb36eed9a3b2493f0291853689f.jpg,1,0,0,True,120,80,1.5,JPEG,True,False,69e20e3551034bed02b47c5ba7b90e07
train,i_864_png.rf.880bc3bb2a2fb0c78d21b6f19582151c.jpg,1,0,0,True,120,80,1.5,JPEG,True,False,c89f6e3e054352d8ece03a814bc1b22a
train,i_865_png.rf.d39b554f07f3f55c0cfd39abeff59549.jpg,1,0,0,True,120,80,1.5,JPEG,True,False,a02cd2e036443a592e8aba849ed09912
train,i_866_png.rf.f65d37b7ef4bbcd8c146f022faa000ed.jpg,1,0,0,True,120,80,1.5,JPEG,True,False,e93d6d254768c0f0e8a3c106b984b633
train,i_869_png.rf.f430711a428fd1c68a74ba906d91cce5.jpg,1,0,0,True,120,80,1.5,JPEG,True,False,9ae17e2b469ad20ffd0df8b4d0f68f53
train,i_86_jpg.rf.7af63856b46e5ac6c5b85dd0548a71e4.jpg,1,0,0,True,238,238,1.0,JPEG,True,False,1f6b3e7ef7a62943676b984b9d5b4e0e
train,i_870_png.rf.88978953f9e90f12287c6442dbecc2d4.jpg,1,0,0,True,120,80,1.5,JPEG,True,False,35d87fd31fc43476c5b8bd08e2aa5f6a
train,i_873_png.rf.862490263987d0585ca884215cbdb552.jpg,1,0,0,True,120,80,1.5,JPEG,True,False,49fbbe68901a934938915c34c7035318
train,i_874_png.rf.92895b36e525d5b34a66c033287bd1df.jpg,1,0,0,True,120,80,1.5,JPEG,True,False,6329bd6d23dd9b7c545ad9988bbd607a
train,i_876_png.rf.6adb5915f6dde397e2146b68173c7e76.jpg,1,0,0,True,120,80,1.5,JPEG,True,False,10052e158d24dcb750bf7fd4b066f46a
train,i_878_png.rf.05d2c4c32c3f40a2ef032d62f21def41.jpg,1,0,0,True,120,80,1.5,JPEG,True,False,0d3c5e93da7d7569eade7c224a95fc43
train,i_880_png.rf.0ff3aba474abc1e3b84888487d569b28.jpg,1,0,0,True,120,80,1.5,JPEG,True,False,6bfa2620d64681288e81ff47c9ba6632
train,i_881_png.rf.5380667ec9e8a20d6a4ccc86f4378b48.jpg,1,0,0,True,120,80,1.5,JPEG,True,False,458342c1d8f90648368210d5c11ba990
train,i_882_png.rf.6c5b3f54a91010068fb5b1732328429b.jpg,1,0,0,True,120,80,1.5,JPEG,True,False,931f462948091b1114007945ef319ed4
train,i_884_png.rf.b1c9aae989c46604939ec550fa1a6907.jpg,1,0,0,True,120,80,1.5,JPEG,True,False,f00cc0e306e9e37f3a38512965831413
train,i_885_png.rf.b438074bc95b7833d7ebd366d12fb44d.jpg,1,0,0,True,120,80,1.5,JPEG,True,False,a07a2ef9da75e83150f5b7715992b155
train,i_886_png.rf.8e19fc723b5a1fafe420fb9dabd14ce3.jpg,1,0,0,True,120,80,1.5,JPEG,True,False,bc3f2908561d984fba72c605529f2fa0
train,i_889_png.rf.c3984d19a6681f0369daeeba74ebad1b.jpg,1,0,0,True,120,80,1.5,JPEG,True,False,38fd2bd360e045d440deaa7de639b815
train,i_88_jpg.rf.ff0f75e2218b89406d084267089e5573.jpg,1,0,0,True,299,239,1.251,JPEG,True,False,875b708dc748aef12180ab1a722c50ad
train,i_890_png.rf.ded2595b817d732939c143f81eb2ff9b.jpg,1,0,0,True,120,80,1.5,JPEG,True,False,c05cd3de01d0a03458da96c8aba664c8
train,i_893_png.rf.dd3578297d5187974b432bf1d0473726.jpg,1,0,0,True,120,80,1.5,JPEG,True,False,9a89b4b4b85fc6d0e1696fec46f48b44
train,i_894_png.rf.9d0e95e3eac23b94cd747511ed1a387e.jpg,1,0,0,True,120,80,1.5,JPEG,True,False,ee91e4930d951b4e217463089c0768ad
train,i_895_png.rf.779cea19d7e814c26dd1e8d4bf752511.jpg,1,0,0,True,120,80,1.5,JPEG,True,False,e19a71e3e6343da582b2da44e07f719a
train,i_896_png.rf.373e7cc0613bf761aa6746c0098354be.jpg,1,0,0,True,120,80,1.5,JPEG,True,False,765aa1519601e9fa608b236ca978736c
train,i_897_png.rf.0affc198b2bbcb832cae0229990ea3df.jpg,1,0,0,True,120,80,1.5,JPEG,True,False,1a6cd7f93ef2d631af72a069fde4d95f
train,i_898_png.rf.ad81e4e3ce96c73861352ed067788fec.jpg,1,0,0,True,120,80,1.5,JPEG,True,False,2518c2ca21ee5542da06d83b8e81c741
train,i_899_png.rf.8288b70dd3c314b855327323b188b31d.jpg,1,0,0,True,120,80,1.5,JPEG,True,False,4b0c76ecf4984e878298c66218b8b074
train,i_89_jpg.rf.8b07dcc7c7a68651c2e7f0fe5175bc88.jpg,1,0,0,True,298,208,1.4327,JPEG,True,False,251d0d36af739ffa2c4ade42c38cfa1b
train,i_8_jpg.rf.233f0c5a687da4aca4ec6e90fc6d3898.jpg,1,0,0,True,525,440,1.1932,JPEG,True,False,92105fd99f38d83b6b32674279f42f13
train,i_900_png.rf.58c6fce3298a41838e96f8efa43efdbe.jpg,1,0,0,True,120,80,1.5,JPEG,True,False,cc67877e298fde5721ead9fb8110c378
train,i_901_png.rf.6026b3b7e2f3bd9883924e40a88d3d79.jpg,1,0,0,True,120,80,1.5,JPEG,True,False,127ff47ef30ce106171cd80c7d4917d8
train,i_903_png.rf.1f29fe1f416bc55472da292a2d935a90.jpg,1,0,0,True,120,80,1.5,JPEG,True,False,1d10f401820663741e86b181a2ee844f
train,i_904_png.rf.3cd17a45bc3d60fbe952934fa245f39b.jpg,1,0,0,True,120,80,1.5,JPEG,True,False,c8725a218c4a672de2f848eb80723aa1
train,i_905_png.rf.b76deb57be7ddcb85d60f8665ce37d61.jpg,1,0,0,True,120,80,1.5,JPEG,True,False,2f3ec5b4057946cee69141b6cee87481
train,i_906_png.rf.425c1d35b3f729d5784ea12ec125d0d7.jpg,1,0,0,True,120,80,1.5,JPEG,True,False,282833b0fb43fafcdf08a9e6f3aca5ce
train,i_908_png.rf.ece0a9138714572cab4446f6f9ed14a9.jpg,1,0,0,True,120,80,1.5,JPEG,True,False,d9440a4ee9c177e77190bcc7a6e2990c
train,i_909_png.rf.c17808f339efce065e0881460460972d.jpg,1,0,0,True,120,80,1.5,JPEG,True,False,502d9fecc901fd92f7a480814609ea01
train,i_910_png.rf.2774557b92909594102cce94773c2efb.jpg,1,0,0,True,120,80,1.5,JPEG,True,False,d23e63cf67d4a1e31972a1bb7e69f20c
train,i_911_png.rf.10f46d497860be0b4e70f44ac94ec1fd.jpg,1,0,0,True,120,80,1.5,JPEG,True,False,9122db7e022c7e2129232681fa714269
train,i_912_png.rf.e4f7f49b132376f233ff2053a27c3094.jpg,1,0,0,True,120,80,1.5,JPEG,True,False,b87bcd275b383f5488b7cf54fd354aa5
train,i_913_png.rf.cff954db8a779bdd62afe589397865bf.jpg,1,0,0,True,120,80,1.5,JPEG,True,False,4fc545f73e1d9143f7152ae0735e3979
train,i_916_png.rf.91b523a1e78913ccbb3071d175faf260.jpg,1,0,0,True,120,80,1.5,JPEG,True,False,f4733987a5cde5166b09a7408585a062
train,i_917_png.rf.757f062b02df21f20ff2a539a35279fe.jpg,1,0,0,True,120,80,1.5,JPEG,True,False,574bc61009a6fe9507371afd65632f6f
train,i_918_png.rf.b8d07aaa6615b19a8366e36f32df4abf.jpg,1,0,0,True,120,80,1.5,JPEG,True,False,860185ea21e250ff9682e39eafcd0a01
train,i_91_jpg.rf.3a7797eca0bb621fd54db743cd3a0b3c.jpg,1,0,0,True,258,212,1.217,JPEG,True,False,5eb28b6955c23d1e3b27c532331766ec
train,i_920_png.rf.e88be379c15082eb8e86ac00b4acfadc.jpg,1,0,0,True,120,80,1.5,JPEG,True,False,028ea19df4d04d7cc2c5060568df236e
train,i_922_png.rf.8c51d693bca3ae436ac74b1bbcb87a9f.jpg,1,0,0,True,120,80,1.5,JPEG,True,False,61e1a82cb3ce2618c3572fad4d2fe427
train,i_923_png.rf.9655bdd260b967bd50615f30ec94d980.jpg,1,0,0,True,120,80,1.5,JPEG,True,False,c88a95ffe7553f97af7ca5d2b3533906
train,i_924_png.rf.5166e791c028cb1107bbfae27152094d.jpg,1,0,0,True,120,80,1.5,JPEG,True,False,c6359ae9bcc526ba88f286d0efdc67d7
train,i_925_png.rf.e322721a13c48366d22bb41fbcc81ebf.jpg,1,0,0,True,120,80,1.5,JPEG,True,False,8bb619c61bbf840162cc0cc0adc5eb51
train,i_928_png.rf.91ae93ca45edff3bcf260411e268519a.jpg,1,0,0,True,120,80,1.5,JPEG,True,False,0ba8c39529825ad536c1ab86895253af
train,i_930_png.rf.0151a046f2fcf57209c7f05a0dc7088c.jpg,1,0,0,True,120,80,1.5,JPEG,True,False,b341e269cb33c24df9549e4001408e7b
train,i_932_png.rf.f4c5440547d6362f04f21642f5e021c1.jpg,1,0,0,True,120,80,1.5,JPEG,True,False,128b2cc5646647ccf4cfb77085e75347
train,i_934_png.rf.b0391a9f61513c28c09458e6381c53f6.jpg,1,0,0,True,120,80,1.5,JPEG,True,False,c6ba6445c578701407ef60941a72633d
train,i_938_png.rf.f798fcd8d3f4cf65faf046489f43d2bd.jpg,1,0,0,True,120,80,1.5,JPEG,True,False,e20b56895a2b4d562e4ee65ff7e52cab
train,i_939_png.rf.68b484080fee969861b1ef297f984c0b.jpg,1,0,0,True,120,80,1.5,JPEG,True,False,a431de972b105aa30937606714c90a73
train,i_93_jpg.rf.b12f38c2af3603458fce7196c113f4ec.jpg,1,0,0,True,227,224,1.0134,JPEG,True,False,273effd699c547824d4a596efec70ecc
train,i_940_png.rf.282d3f2dfb7c3355176f9ea81d282658.jpg,1,0,0,True,120,80,1.5,JPEG,True,False,2fff9f5dbe059a18cfe476d6638f3d53
train,i_942_png.rf.7bdeb6a798b4ab0c92c0df7a791b9211.jpg,1,0,0,True,120,80,1.5,JPEG,True,False,08a6365311b352ecee24517fb5c00b2f
train,i_943_png.rf.e51f0bf0321a479c6812075e243f77ad.jpg,1,0,0,True,120,80,1.5,JPEG,True,False,41024cbcd756e4022cf00def520432b4
train,i_944_png.rf.6453e2eb9c6af1867a388a0100732c3b.jpg,1,0,0,True,120,80,1.5,JPEG,True,False,600c7fef690235b121f1cce82d4761e6
train,i_945_png.rf.006a8af5b7ddcb9c2c345b0bc24afd70.jpg,1,0,0,True,120,80,1.5,JPEG,True,False,5e3a807e6f8b0927272c6976c3359964
train,i_947_png.rf.243186e6443c958c4c1ba47d3cc7be27.jpg,1,0,0,True,120,80,1.5,JPEG,True,False,c8ce10071e1e5a70cb98e866a7617a6f
train,i_950_png.rf.4776f40b8bd32a6116882cda89d5edf1.jpg,1,0,0,True,120,80,1.5,JPEG,True,False,04719c6b8468ac2d7dfa97390ec4c82b
train,i_952_png.rf.13e2d9081bcc57e8a9be51864922d811.jpg,1,0,0,True,120,80,1.5,JPEG,True,False,c91022ec77e4cddb112672c4c1dbca3d
train,i_953_png.rf.cdf2a78d84315b6f00f483474b35440c.jpg,1,0,0,True,120,80,1.5,JPEG,True,False,2e517507824e3ee7d032509121ddecce
train,i_954_png.rf.53b4fa83abc7c47bba1f0fdc8513498e.jpg,1,0,0,True,120,80,1.5,JPEG,True,False,22c3e0bc6ce8e3746a60e4ddd83363a0
train,i_956_png.rf.b4ae6606190dc205a95aa06211faee41.jpg,1,0,0,True,120,80,1.5,JPEG,True,False,7d758ff7c1b9d8a4908ef64d145b4cb5
train,i_957_png.rf.c83ec1fe0ae467408b2a6b362b73727d.jpg,1,0,0,True,120,80,1.5,JPEG,True,False,d4b66c57e843155dd10c63ace0cbe86d
train,i_958_png.rf.031e682530e75c6287cbf08ae8720662.jpg,1,0,0,True,120,80,1.5,JPEG,True,False,c1c139057e66fa2ce0ad8ede9394d6ed
train,i_959_png.rf.40d0697e937c00fbf1644ddc8cbb2717.jpg,1,0,0,True,120,80,1.5,JPEG,True,False,31f839b4bbcea64180797d5275f87f42
train,i_95_jpg.rf.9f9977e68b9cd8e7550f71a88f129ce7.jpg,1,0,0,True,384,237,1.6203,JPEG,True,False,38f4687792ac88fd3b262b720cffe156
train,i_960_png.rf.f60ad31a96d1939582f1c5c0d5dfb7cf.jpg,1,0,0,True,120,80,1.5,JPEG,True,False,ce78d30b967512b209644b2aa5a329dc
train,i_963_png.rf.9c107328bda5029c135f55dbf9d4707c.jpg,1,0,0,True,120,80,1.5,JPEG,True,False,d4697c5ed09babdfb80e288aed56f9f7
train,i_965_png.rf.22d7dd513921264ce4098a729331c49b.jpg,1,0,0,True,120,80,1.5,JPEG,True,False,37045d5605c990bab210f7b62e4dc072
train,i_966_jpg.rf.256cc37c0497cffb14aa83585e04ca6f.jpg,1,0,0,True,47,47,1.0,JPEG,True,False,be6912c3b7b2be2f976e9045fc6c64a5
train,i_968_jpg.rf.974218c59656b15ed4ff1d0c3fd59483.jpg,1,0,0,True,50,50,1.0,JPEG,True,False,9ffdde7fd1e88dd5e88246c1c620b117
train,i_969_jpg.rf.2c187a50b01f55299d6c3880951c6afb.jpg,1,0,0,True,66,66,1.0,JPEG,True,False,96bd829b2551bc1115fa16301418c24c
train,i_96_jpg.rf.24fc75534bf3df173911773fad782731.jpg,1,0,0,True,427,277,1.5415,JPEG,True,False,30e837910f342c31afea4dd6652f3a4a
train,i_970_jpg.rf.66fde54fcbe0247cb8e67bbd17834244.jpg,1,0,0,True,51,51,1.0,JPEG,True,False,d260a4ab7412347c039a85ab227e5395
train,i_974_jpg.rf.4a34fa38022fe32d4222ffb07dfa609b.jpg,1,0,0,True,43,43,1.0,JPEG,True,False,0986b1963c7dbc8b74b0d959758831c2
train,i_975_jpg.rf.9427e5112f503fd5a30fa5bbef396e98.jpg,1,0,0,True,48,48,1.0,JPEG,True,False,2718f829bc750389ccf9259a13885469
train,i_977_jpg.rf.b631763f34ca926a956bef8711e79506.jpg,1,0,0,True,56,56,1.0,JPEG,True,False,67a838f09d844bb9206f5acd788e6893
train,i_978_jpg.rf.1c3cf3b00df48e33db4895aa84b94d9a.jpg,1,0,0,True,52,52,1.0,JPEG,True,False,d138946536968c7b67e3f61a23774498
train,i_980_jpg.rf.a6392c17b80fabc32436368cb328f79d.jpg,1,0,0,True,56,56,1.0,JPEG,True,False,071a7605dcb802641db58b53abd6ab11
train,i_981_jpg.rf.0544e6bc38a4d293ea39cded1e288c93.jpg,1,0,0,True,55,55,1.0,JPEG,True,False,bbf1b7b474eb46d7527dc78707685355
train,i_983_jpg.rf.398d1b27cbfe9b67f9fdb19176387020.jpg,1,0,0,True,63,63,1.0,JPEG,True,False,0575cfc43a83004344de531dc84a08c7
train,i_985_jpg.rf.0152112cf76c96136fd4966a7a3c1cae.jpg,1,0,0,True,58,58,1.0,JPEG,True,False,1f68bcb8cf21d5feb532ae87cd1a2a71
train,i_987_jpg.rf.fb1e296d9870709e62d7a66b62a39b0d.jpg,1,0,0,True,54,54,1.0,JPEG,True,False,b27a67e9eb5537d33dd6cc5b6e6ff2d8
train,i_988_jpg.rf.138946f0963f349b32fe54097e72eda7.jpg,1,0,0,True,48,48,1.0,JPEG,True,False,5887b5eb9a0a38ce0fb91802b442c1e4
train,i_98_jpg.rf.99eff72a46b9b7fba29f1b47aacbce50.jpg,1,0,0,True,375,283,1.3251,JPEG,True,False,0707a61831358bbf5bde601f8174c0a3
train,i_990_jpg.rf.40bae780b0a429de01182f667411845c.jpg,1,0,0,True,61,61,1.0,JPEG,True,False,716a61e6f968fdb334911f4d5ed431eb
train,i_991_jpg.rf.31b5f9f5a9ee87e68a831fc8ae4f959b.jpg,1,0,0,True,51,51,1.0,JPEG,True,False,f5193e3fad2ed01cb2fd8c1ed655ab19
train,i_992_jpg.rf.b3da98684000759f6f1d8c7f682a5f6a.jpg,1,0,0,True,65,65,1.0,JPEG,True,False,d31d48e3318773516636336ce53be092
train,i_994_jpg.rf.23f978725dae27586e20afb35cce1785.jpg,1,0,0,True,55,55,1.0,JPEG,True,True,d19be4f1227c2bb231a263a737844f8b
train,i_995_jpg.rf.0add29a483af0db9cb99a0a6a658ecd7.jpg,1,0,0,True,47,47,1.0,JPEG,True,False,67ec1935d66693eead9455decdcdcaca
train,i_996_jpg.rf.928f26d0cb01dbea48a13fc041209388.jpg,1,0,0,True,58,58,1.0,JPEG,True,False,f52efcd6c577ac165d7b4588973ab168
train,i_998_jpg.rf.3d04855dba792280c62a9208cca4e03e.jpg,1,0,0,True,48,48,1.0,JPEG,True,True,a2af209498cfbf21920bb1993d642ed2
train,i_99_jpg.rf.42821da6a2c16c8a459caed020f76daf.jpg,1,0,0,True,442,265,1.6679,JPEG,True,False,5d2fbb0b05420af16c6efd7c123e68df
train,PHOTO-2023-07-27-12-08-36_jpg.rf.5e2b7aae13bde64a4613048f6b1a8aef.jpg,1,0,0,True,288,640,0.45,JPEG,True,False,688fb76961001237dc47207d55500267
train,PHOTO-2023-07-27-12-41-24_jpg.rf.801c68d38adb092b1f9dc0364c1584c7.jpg,1,1,1,True,640,640,1.0,JPEG,True,False,454c3ec820fe85457e21bd05e7822107
train,PHOTO-2023-07-27-12-41-25-1-_jpg.rf.b4bf9c5cb1701882147b61f45f98ffdf.jpg,1,0,0,True,640,640,1.0,JPEG,True,False,2af7ef8ab00851dbee8577785649626c
train,PHOTO-2023-07-27-12-41-25-2-_jpg.rf.945906016fade168a4b16cd72878c997.jpg,1,0,0,True,640,640,1.0,JPEG,True,False,542af3afa80ccf102de3fc2f7032926d
train,PHOTO-2023-07-27-12-41-25_jpg.rf.c98d9c8aae6603ed3b36bec4bfc17697.jpg,1,0,0,True,640,640,1.0,JPEG,True,False,d92ec6152c95563d4fb8793bb3c291d5
train,PHOTO-2023-07-27-12-41-26-1-_jpg.rf.c198c3181be9a1706c0a8eaa4214106c.jpg,1,0,0,True,640,640,1.0,JPEG,True,False,0386c1246611783768180dfd3ca8ab01
train,PHOTO-2023-07-27-12-41-27-1-_jpg.rf.805b546fefea133ae2e5993506ee7ab7.jpg,1,1,1,True,640,640,1.0,JPEG,True,False,806f6a62ee3008045883550373e39bfd
train,PHOTO-2023-07-27-12-41-27_jpg.rf.1cdead130d161f1c887caf9b7ae6efce.jpg,1,1,1,True,640,640,1.0,JPEG,True,False,18d7bbca40beb90887efdef70d35ff43
train,PHOTO-2023-07-27-12-41-29_jpg.rf.417a4885d82532b7dfff49ca4e439489.jpg,1,1,1,True,480,640,0.75,JPEG,True,False,76cacf8a28be164c2e739e9cca4a77c4
val,image_101_png.rf.81a1800a8fb2260429656a9fdc0e479f.jpg,1,0,0,True,640,426,1.5023,JPEG,True,False,99bebdd9a30d2c05a98b500c925a9952
val,image_102_png.rf.2b2587f09eaf681fe559abec04d2e000.jpg,1,1,1,True,640,432,1.4815,JPEG,True,False,850a7060966187aa6e902e40b267ecac
val,image_10_png.rf.077bcd5778bc98181cc250777cea8c81.jpg,1,1,1,True,640,278,2.3022,JPEG,True,False,5be5f1f8647e762e8cbe8410bc76da7f
val,image_110_png.rf.15b3a3bbbf082b2d232d7b649964f4b2.jpg,1,0,0,True,640,443,1.4447,JPEG,True,False,1ce30bb72d78d51bfb9969f6fe3bf4ac
val,image_115_png.rf.078f1b70c6026ea807a52bc15b447f3d.jpg,1,0,0,True,640,461,1.3883,JPEG,True,False,0c8a43a3033ac0f7c18e822226a966b0
val,image_116_png.rf.c060ed3a0dc0f586a5d094c98a394c1e.jpg,1,1,1,True,640,485,1.3196,JPEG,True,False,138892baecb4fcdcd5aebc8afe81735c
val,image_117_png.rf.1f3c5e3161ddf1ae38ffc171dd5b5ed8.jpg,1,0,0,True,640,426,1.5023,JPEG,True,False,c1769be09710dba12e3438b49686d1ad
val,image_123_png.rf.c6dd07eb3007307d3e2ef0240665aad7.jpg,1,0,0,True,640,566,1.1307,JPEG,True,False,fdd22caeba97c928c155585a7aa20971
val,image_127_png.rf.6e54a5d879a89ea30bfa4d1028d64fdc.jpg,1,1,1,True,640,385,1.6623,JPEG,True,False,b28fc5828219d4f87ec1281e5e571379
val,image_134_png.rf.97c12cdfcf036d2377643b9a59f7be37.jpg,1,1,1,True,640,449,1.4254,JPEG,True,False,4402a7761ab3b7b422165b7357b8b2c4
val,image_13_png.rf.298b4cb4d7a3388dfc6a35429af2d9b9.jpg,1,1,1,True,640,485,1.3196,JPEG,True,False,0ff1bb0914982949e8b3b02e35cfedd3
val,image_145_png.rf.3198e992197f49f195ac6baf0bcb163e.jpg,2,0 0,0,True,640,213,3.0047,JPEG,True,False,83c544ed0cae3cdf75edefd7d7b2d607
val,image_148_png.rf.0aba86a2a7f13a99773127f5caa2c0c9.jpg,1,0,0,True,640,319,2.0063,JPEG,True,False,02ffcfa8997471ee6bd24cd6c9a5c340
val,image_14_png.rf.7c37102be36f6a5f22d5efefb4b49a4d.jpg,1,1,1,True,636,640,0.9938,JPEG,True,False,6b355f7cb563a4910224a35c63a79fc2
val,image_150_png.rf.f0c99abfb2294fbdacd7c33368381263.jpg,1,0,0,True,640,434,1.4747,JPEG,True,False,c548be58b66d6e6600081b10055e5f39
val,image_153_png.rf.914398483080d5ab65d45e258cec5e05.jpg,1,1,1,True,640,342,1.8713,JPEG,True,False,37e2bbb5543145404a2eb76dbcd48e01
val,image_155_png.rf.8aab80515d54e737fba32867048dfe87.jpg,1,1,1,True,640,521,1.2284,JPEG,True,False,734ded526ee7d5e936fa4d54a745504a
val,image_157_png.rf.ffe3bfc3df0877214db3aac61d423ac9.jpg,1,1,1,True,640,506,1.2648,JPEG,True,False,cb6858fb779c92ac973d8e6dd65cf7f3
val,image_165_png.rf.ee17f45ad44b97c14c43faf3c805d80a.jpg,1,1,1,True,640,337,1.8991,JPEG,True,False,a85f1c09e5053456a79c3dbb0212c777
val,image_175_png.rf.73065e8c7403d858e20fee956410ffbc.jpg,1,1,1,True,640,426,1.5023,JPEG,True,False,9012e7d84797703b1265f932bc4d534b
val,image_17_png.rf.82add86eb562328f95d7a0fa7992c862.jpg,1,1,1,True,640,384,1.6667,JPEG,True,False,2bfbd9e305e3eb39c7f5921e95778c89
val,image_186_png.rf.ba7d9be87a5d88ac6ba2b89df832f99f.jpg,1,1,1,True,640,426,1.5023,JPEG,True,False,0dd7b537bbf017dccc9eef21193897fd
val,image_191_png.rf.50637e4c55b0819828ec832ecccdba4c.jpg,1,0,0,True,640,426,1.5023,JPEG,True,False,cdf36a692cacc2b98688c822b9a35a54
val,image_197_png.rf.3f12ca5996b4eac3bba33a3b3ba010db.jpg,1,0,0,True,640,468,1.3675,JPEG,True,False,8535052355192990d86bfaedb71039af
val,image_202_png.rf.7f819377a09612cf4669dae25979db90.jpg,1,0,0,True,640,439,1.4579,JPEG,True,False,71f49ae108a7fc412b95f6968092b509
val,image_207_png.rf.5b6474925349e2fd57f22356c0e44ea3.jpg,1,0,0,True,640,443,1.4447,JPEG,True,False,9701136b4e8adcc8503393d2bd9ed026
val,image_209_png.rf.e71b2761478e50bceec37172f479682e.jpg,1,1,1,True,480,640,0.75,JPEG,True,False,358d4f70240ace89b596ae332b220c4c
val,image_211_png.rf.622ea8317c3e41f1a367cc51e3bb38dc.jpg,1,0,0,True,640,425,1.5059,JPEG,True,False,e2a87692ac05dc795c0e8242a908fb2a
val,image_220_png.rf.116e4a33be52c4909f3e3f1d04b17c08.jpg,1,1,1,True,640,359,1.7827,JPEG,True,False,263faa200126872122437c82dca0e38d
val,image_221_png.rf.ca2dce2ac4ce5e1e94308bebf8bfe758.jpg,1,0,0,True,640,426,1.5023,JPEG,True,False,63ef561e91cbc064d6ae62946ee8589c
val,image_222_png.rf.a94905ddf64721a177f5eec89d9d79d0.jpg,1,1,1,True,640,626,1.0224,JPEG,True,False,c686eff07d2350af0cb60a436f730d1c
val,image_226_png.rf.1f2d2358a00b60e5db2b431bde68f8e3.jpg,1,1,1,True,640,360,1.7778,JPEG,True,False,3a0f3e424fd3a5b68ec13f92fa9497f6
val,image_233_png.rf.2b69d74617815d05e871d60f66063c62.jpg,1,1,1,True,640,426,1.5023,JPEG,True,False,a180ec64c94db743f958dd8e634a5362
val,image_243_png.rf.95569546b01e784a1c9578a93dc11ad8.jpg,1,0,0,True,640,420,1.5238,JPEG,True,False,04199c3a3cbdb39fd92b5528ccef086a
val,image_246_png.rf.03dba1682f3434ab45d2ba4112526646.jpg,1,0,0,True,640,489,1.3088,JPEG,True,False,4b733b0fc1c489696d75835dd7f88ff4
val,image_247_png.rf.d29bb7d6ab538aad22712b4eff7baeae.jpg,1,1,1,True,524,640,0.8187,JPEG,True,False,3291a0beac15d85557ffea33900b8723
val,image_250_png.rf.cc7d5b464a623e23aa46b531a2fe7fa5.jpg,1,0,0,True,640,426,1.5023,JPEG,True,False,fcff9f707bd4d713515a46fa23c0bf61
val,image_255_png.rf.4fdcb878b4489b880d71cd9c5d1063e9.jpg,1,0,0,True,640,416,1.5385,JPEG,True,False,78125de39956042b35afb2ad17fc10f9
val,image_255_png.rf.bc470ac5126ea66e738ed07b28f57443.jpg,1,1,1,True,640,496,1.2903,JPEG,True,False,3b398c535717cfa5270a7b4c813b6a4b
val,image_260_png.rf.59bb5b9f4d330d88b5a1ae997109f60d.jpg,1,0,0,True,640,436,1.4679,JPEG,True,False,9c3be0cbb470160f89d359ec6d3f8918
val,image_261_png.rf.e38aa6c7300cc73e7360f46086f8db25.jpg,1,0,0,True,640,426,1.5023,JPEG,True,False,d3fa3aea4b6fe670ce22b70fbb78f321
val,image_262_png.rf.25d097a91dd2d4954cb4f802ededfdd1.jpg,1,1,1,True,640,551,1.1615,JPEG,True,False,ea9eafa374a2fb75ff6fb125bc2346c2
val,image_277_png.rf.448b40f8e2f396c4033dbca9d5b91af2.jpg,1,0,0,True,640,562,1.1388,JPEG,True,False,f766714fad58e5e2e76ec61533bb19c3
val,image_28_png.rf.b9efb99b7931c3c0534128fe627230a8.jpg,1,0,0,True,640,408,1.5686,JPEG,True,False,d9768e2e1449ae73f561c6f6ddbe486c
val,image_291_png.rf.9839d309c21b2a81275dc2e9a3c34533.jpg,1,0,0,True,640,360,1.7778,JPEG,True,False,64ae6e16d4e41b526224b42035378bad
val,image_292_png.rf.7baa892b68f528d0da0f009abe12653f.jpg,1,1,1,True,512,640,0.8,JPEG,True,False,e5b181b753fb5548ef97b8e219ca03b9
val,image_293_png.rf.87be5a381a8aab8e8fd5639fc457c218.jpg,1,0,0,True,640,640,1.0,JPEG,True,False,8a17f595d82b0c88a53f8a10c4e873ae
val,image_295_png.rf.925fd64821c2494f3f038cf144310a6b.jpg,1,1,1,True,640,424,1.5094,JPEG,True,False,029dd6a207844d2b44fa0ba0ac8fa8b5
val,image_300_png.rf.a8a12c71a1d6adc88bb269bda7a9d355.jpg,1,1,1,True,640,267,2.397,JPEG,True,False,6da4bef92ddbd8df31e6596a8f1bb9bd
val,image_302_png.rf.74d04eb9fb5730f3f0d82649c88eccbd.jpg,1,1,1,True,640,632,1.0127,JPEG,True,False,d8e09479946f97a0e3b32ddb2e7a0381
val,image_303_png.rf.e72fab382817e247ad289218cc0cf4af.jpg,1,1,1,True,640,605,1.0579,JPEG,True,False,d98cbd760d75c982797d1e5aa7a4c213
val,image_36_png.rf.9b626c266a9959a9b5c35bcefd8ca017.jpg,1,1,1,True,640,583,1.0978,JPEG,True,False,2ed84f9c46e77f558213c9ff77b5d8c4
val,image_39_png.rf.678847af5b56039d9539bd9eb6d998db.jpg,1,0,0,True,640,427,1.4988,JPEG,True,False,f224dcf56c833bbf7ad72b8e3df3ee68
val,image_44_png.rf.691dc3d17d732727f488c5c9387deb53.jpg,1,1,1,True,640,315,2.0317,JPEG,True,False,0d357c51202f4af40bd0299d92f959d2
val,image_47_png.rf.cd9a188b92b826dff8bf8a1eaa2dc230.jpg,1,0,0,True,640,493,1.2982,JPEG,True,False,bd265365a22c6c950c8917e2d3f57efc
val,image_49_png.rf.68adacb68b2c177b522b3a9f68b3b358.jpg,1,1,1,True,640,377,1.6976,JPEG,True,False,11db45f7e69238b9b7342878eb3f3da1
val,image_52_png.rf.927ea4e4d9909cff992a284e46724c02.jpg,2,0 0,0,True,640,329,1.9453,JPEG,True,False,3938b2c912cd8d1517e616102a6d2ce5
val,image_52_png.rf.f712911199a7eaddd29527b918fbb529.jpg,1,1,1,True,640,355,1.8028,JPEG,True,False,0b4e1e59e948b643690640e9abae2283
val,image_57_png.rf.f08e3191f20188288469ecdfddc3b7f4.jpg,1,0,0,True,640,438,1.4612,JPEG,True,False,4fceb5274adad674a14cb616f002bc21
val,image_58_png.rf.a35806acdddc36c04d4f39e40860b57b.jpg,1,1,1,True,640,335,1.9104,JPEG,True,False,89c60eba35bddd8d221f00cea50e4d6f
val,image_61_png.rf.7db65c1f6399ac718f4debf40c8bffa6.jpg,1,0,0,True,640,417,1.5348,JPEG,True,False,8825a18efa71e5a97200de56d9eed9d4
val,image_65_png.rf.fff6662f1a33366336831cef5538efeb.jpg,1,1,1,True,640,493,1.2982,JPEG,True,False,55e999db67ad45ca948c76e8db508639
val,image_67_png.rf.6791c001f3c38296f55038d7894d9937.jpg,1,1,1,True,640,256,2.5,JPEG,True,False,df09403f29dff8646591f4d8338d395d
val,image_69_png.rf.dd7eef34b77795ec975d0e0c5c074194.jpg,1,0,0,True,640,426,1.5023,JPEG,True,False,603b00238911857dc2ba994a5075438f
val,image_71_png.rf.bdfa91df2e90721d4f071b425260511e.jpg,1,0,0,True,640,435,1.4713,JPEG,True,False,a2944e417507fa099de3250a9e2704a1
val,image_71_png.rf.d4815dea0942eb2374e6c2dcadfcb6e9.jpg,1,1,1,True,640,314,2.0382,JPEG,True,False,2a68d38dc8cb54cfcb02353e0692b785
val,image_79_png.rf.a86c9359ebee4ab996ef880d4fef9ad0.jpg,1,1,1,True,640,373,1.7158,JPEG,True,False,c094e446cfea517c3bb2219337f60d58
val,image_7_png.rf.73ecffef68ac6d91828de04a39ca7532.jpg,1,1,1,True,640,337,1.8991,JPEG,True,False,3a3b6f417e7db4ca3470a9c9a7d526e8
val,image_81_png.rf.21799aa0885646985e5ee5c7ff506ba1.jpg,1,1,1,True,640,306,2.0915,JPEG,True,False,b0597d889d7fe99d94ae7d091176516b
val,image_85_png.rf.ee81477ea9e185fc7966f0a020b2b2ea.jpg,1,0,0,True,640,422,1.5166,JPEG,True,False,b0bf6946743df7de745ee7bd127dcd73
val,i_1002_jpg.rf.7cd8d85a8fb4d7eb314d3059595b6ab2.jpg,1,0,0,True,60,60,1.0,JPEG,True,False,acd05ebddc27dcc231193784875bb613
val,i_1004_jpg.rf.99fbe2b6756b9d1adc85c95a0cf3f03a.jpg,1,0,0,True,54,54,1.0,JPEG,True,False,99c3309fc8b6d73b6ff02dd0eff4e77b
val,i_1008_jpg.rf.7ddb021ff2f3e470f1100f7897722797.jpg,1,0,0,True,47,47,1.0,JPEG,True,False,343103e56219c8bd839733377aa35148
val,i_1009_jpg.rf.c4b994a38427a7f52fe1e5e49f02d25d.jpg,1,0,0,True,75,75,1.0,JPEG,True,False,4d1395f2c31db31019763debb102d09f
val,i_1012_jpg.rf.439778dfd7d49bd37d85c49f679c2079.jpg,1,0,0,True,45,45,1.0,JPEG,True,False,4344260bf3cb13aa675721856ae40250
val,i_1013_jpg.rf.e1822694f395ae4464481ff02c20e0fc.jpg,1,0,0,True,55,55,1.0,JPEG,True,False,e19bc537d53aa0d3b51cfe8ad4a1513e
val,i_1015_jpg.rf.a927ae1db54e0823db15f6ae033cddfb.jpg,1,0,0,True,67,67,1.0,JPEG,True,True,b7a36fcc1093705cfdab28d2cf50631d
val,i_1018_jpg.rf.ba57a4f0dc2a7373d7b84bd1c7604806.jpg,1,0,0,True,56,56,1.0,JPEG,True,True,9acdb30a6f9047624638d87bc0b2a3a7
val,i_1021_jpg.rf.d0ad4cc72e8a7c91beef99ee7e8a3a08.jpg,1,0,0,True,56,56,1.0,JPEG,True,False,cfa4e7ee4e8bddd0d507e16ed2f565e8
val,i_1025_jpg.rf.41751aabb0411f2b012ef22588b8a8f3.jpg,1,0,0,True,52,52,1.0,JPEG,True,False,c8fa8de133cdf9091be37d989b5efd3c
val,i_1026_jpg.rf.b1fcc0f9a8f8488537a58f5ed107d7d9.jpg,1,0,0,True,59,59,1.0,JPEG,True,False,c1e3181f7d5dcb8498bb14d1c6346281
val,i_1031_jpg.rf.d254df4c3829eab22fb699090879dedf.jpg,1,0,0,True,48,48,1.0,JPEG,True,False,cf451e8f9e6e996ace34f8f8a1271d06
val,i_1048_jpg.rf.1ba2ed85d9fc43c1b55c6f60a7eeba51.jpg,1,0,0,True,52,52,1.0,JPEG,True,False,768aedcf0736d8fe160120ab4e542460
val,i_1049_jpg.rf.b2455babd50356648aa1f51e383ea471.jpg,1,0,0,True,61,61,1.0,JPEG,True,False,529c4a9b3128d415b5d7a1a6984e9d71
val,i_104_jpg.rf.49438d2652c978c82e8a2a83c67f4f0a.jpg,1,0,0,True,306,199,1.5377,JPEG,True,False,67590621410dd69d0783b913cc851286
val,i_1053_jpg.rf.77127ea6ace823a91fc0d85f48eab6d6.jpg,1,0,0,True,49,49,1.0,JPEG,True,True,0b5fc196c7295a9a9f77369ae06d2629
val,i_1054_jpg.rf.a4e431177a7f99c729de2acafafeea22.jpg,1,0,0,True,62,62,1.0,JPEG,True,False,0903fb4ba60ead8b29f5a0ee0a14ed98
val,i_1058_jpg.rf.1132d9d16d902d2b6fd84acb9b7d5b68.jpg,1,0,0,True,42,42,1.0,JPEG,True,False,13cc2aa297c0a5e6720a17e5b18299cd
val,i_1072_jpg.rf.ecf350304681d0a05f11dd7bd4df81f9.jpg,1,0,0,True,62,62,1.0,JPEG,True,False,4e08f7f43b7c95b4ed74b53acdd5cae6
val,i_1080_jpg.rf.6dee041e6eb25952c6d22c3d829db1a6.jpg,1,0,0,True,54,54,1.0,JPEG,True,False,d98831672bc8d549bd29e2f103643425
val,i_108_jpg.rf.bb645bb9cca5071cd5b2aa99158a8632.jpg,1,0,0,True,260,252,1.0317,JPEG,True,False,a27e54321685a7894d2336615e4e9521
val,i_1100_jpg.rf.22a9521713b407b8dc2ae3c092bd4ae3.jpg,1,0,0,True,63,63,1.0,JPEG,True,False,eae874aa1606815861e2112b5f1aedc0
val,i_1102_jpg.rf.ccc1cb211dab7e21917b47fea1a3122d.jpg,1,0,0,True,59,59,1.0,JPEG,True,False,f82ffe14132591105ff7fff8f9cef050
val,i_1104_jpg.rf.f2f491d3c8613f86f1c3f9a28226ea44.jpg,1,0,0,True,52,52,1.0,JPEG,True,False,86a01278620cbfdd117f058abc38623b
val,i_1105_jpg.rf.e4e637a16e717cbc462124253b190c53.jpg,1,0,0,True,50,50,1.0,JPEG,True,False,d978fb5e6bd358a7c7c9b5da1d0cebe8
val,i_1111_jpg.rf.0e3a7ced33b092b25b1c011bb748a3ba.jpg,1,0,0,True,59,59,1.0,JPEG,True,False,3de0bf4adb22a3a5605d762148119f29
val,i_1114_jpg.rf.1ecce34f77c84021e69e12799eb0b5bc.jpg,1,0,0,True,63,63,1.0,JPEG,True,False,077bf5360af9b3d8f9c76e672e248a51
val,i_111_jpg.rf.86ad81f3056f73b9ca6649a9e705e709.jpg,1,0,0,True,358,320,1.1187,JPEG,True,False,bd0d149d5a7d7c3b77ab9b9aca1af475
val,i_1121_jpg.rf.3cfc0701de6c51d6801cfe73f5be3d16.jpg,1,0,0,True,48,48,1.0,JPEG,True,True,56eabf2760973b95a38538d24e22935a
val,i_1129_jpg.rf.977e10fbe1468a971794b881f1806028.jpg,1,0,0,True,60,60,1.0,JPEG,True,False,c5e495363aa8f56b43aef851ad35ac0d
val,i_1136_jpg.rf.de07720ae4f6878b99b63a669d3b2607.jpg,1,0,0,True,58,58,1.0,JPEG,True,False,a736d27adc7e6107bd65d501a795ebb2
val,i_1139_jpg.rf.017e692c444f53c25353e98f224d4c72.jpg,1,0,0,True,57,57,1.0,JPEG,True,False,85bd7265731d7151d14a04224ca4f6e9
val,i_1148_jpg.rf.b291a8898703329bd59c15b41b7432af.jpg,1,0,0,True,64,64,1.0,JPEG,True,False,3e8333959683a04620e2dd10aa1ccf17
val,i_1153_jpg.rf.968b9a93dc8e74b5cdd6fb9c7af0dcb4.jpg,1,0,0,True,55,55,1.0,JPEG,True,False,460548f36e36ceb4f243c52108f1eef1
val,i_1161_jpg.rf.5416aa90dd613d22c5d337910295e052.jpg,1,0,0,True,49,49,1.0,JPEG,True,False,50f7c900dfbb3557cc0388d3716ed62a
val,i_1175_jpg.rf.9be7a12a6f371acc3bfbfcc77b45e360.jpg,1,0,0,True,62,62,1.0,JPEG,True,True,327ce5c7fdf7334bae7116f23dad39e6
val,i_1184_jpg.rf.f949a40e4bddc4a04c1b235488dc8595.jpg,1,0,0,True,58,58,1.0,JPEG,True,False,e2dc5061a7878df9fed082cc4d7df3ce
val,i_1191_jpg.rf.b82ac8dd8bb36adff02ba5be0dd239af.jpg,1,0,0,True,56,56,1.0,JPEG,True,False,700f25e9612835b50411378933a7b800
val,i_1192_jpg.rf.f15d8c38427d9526066be0f91474a730.jpg,1,0,0,True,52,52,1.0,JPEG,True,False,5e5a7edfdadf26600e1960f975a1cdcb
val,i_119_jpg.rf.a659bde59524814b066ef50f9ecf1221.jpg,1,0,0,True,150,140,1.0714,JPEG,True,False,befdbc2662543b0acebf3b2c9bbca995
val,i_1201_jpg.rf.943ea9a8c3e5cd0fbe0c3e8abfb97d00.jpg,1,0,0,True,75,75,1.0,JPEG,True,False,3cf03162c8a7c5c229c2b8780e7789fc
val,i_1202_jpg.rf.8517639b8570b51939679c79c2063bdb.jpg,1,0,0,True,61,61,1.0,JPEG,True,False,2f50d15037a331da7b90e54c0074175b
val,i_1219_jpg.rf.b1b013a9d3e1f2bd429b7cc13f981f18.jpg,1,0,0,True,74,74,1.0,JPEG,True,False,8f9fb8b696207e2c4b5add5d8a1d81c4
val,i_1220_jpg.rf.05179132aad2440284e9d73597054a11.jpg,1,0,0,True,89,89,1.0,JPEG,True,False,6cbd04743ac413a2212f0f86c7148db4
val,i_1222_jpg.rf.0b685fae0e9b341c48934a6dc3d6c66a.jpg,1,0,0,True,57,57,1.0,JPEG,True,False,3e5445fdfa927b8733c9f8412789455b
val,i_1226_jpg.rf.a43f98d9212e13f4b9c7e8b730123f58.jpg,1,0,0,True,72,72,1.0,JPEG,True,False,a6d0f7f4992748d868fafd003bf9b433
val,i_1235_jpg.rf.cc2410b66853d26aa4ca488d29cc52d5.jpg,1,0,0,True,52,52,1.0,JPEG,True,False,1ba9d6d4e6938972d95bbd51f223fedc
val,i_123_jpg.rf.f51b12a0bef43f733ad6f974cbb99e5b.jpg,1,0,0,True,369,245,1.5061,JPEG,True,False,e1e0600016321931b90e4216aad6c483
val,i_1251_jpg.rf.8fa6ed97cac12c6d607d20e7eeec6f25.jpg,1,0,0,True,66,66,1.0,JPEG,True,False,e85b986f04f119fd8c758a74f345c9fb
val,i_1254_jpg.rf.e14caead5d9f44f61d9132ec2b52e2a2.jpg,1,0,0,True,63,63,1.0,JPEG,True,False,b1ae940dbd58f34796e9f8543884d8f6
val,i_1255_jpg.rf.12fcc2c1667350f1588c6b302d874dcd.jpg,1,0,0,True,52,52,1.0,JPEG,True,False,4ec011f955172ad8484fbe3fed9adff9
val,i_1256_jpg.rf.f72f0df0feb6b10a1840913005671d4c.jpg,1,0,0,True,51,51,1.0,JPEG,True,False,b49d83c19e46cd3c87b7b3cfaed8bc10
val,i_1265_jpg.rf.9c3daca4566cfffde8f1266ad6554368.jpg,1,0,0,True,63,63,1.0,JPEG,True,False,c4841c9e02595a45400c0743f43c856c
val,i_126_jpg.rf.81c249f3c4c5840d3c08c603b97158ca.jpg,1,0,0,True,133,140,0.95,JPEG,True,False,69aadbd1803f9c6a56ee7db2350282a7
val,i_1272_jpg.rf.fed34cbf2938e66d3b103d3de96eaa27.jpg,1,0,0,True,59,59,1.0,JPEG,True,False,90dc81f033b86e31607964af68120837
val,i_1275_jpg.rf.c026a8b1e5f04ed5930512891dd42a06.jpg,1,0,0,True,53,53,1.0,JPEG,True,False,bfb844832ed383ce4cf8d79fe177a325
val,i_1277_jpg.rf.dcf7402aeb64de0b707471d92a5e0449.jpg,1,0,0,True,60,60,1.0,JPEG,True,False,df21f9d6307fe10762cbbb6e7a742f98
val,i_1278_jpg.rf.13c213968ccb79e3d1d600f1637be9cb.jpg,1,0,0,True,55,55,1.0,JPEG,True,False,5e77efc79746d71ae454fe62660aa796
val,i_1298_jpg.rf.8880455e23e0e1093912e3edec50b347.jpg,1,0,0,True,51,51,1.0,JPEG,True,False,7f809d7bafff3b1af72235ce0fe5bfc4
val,i_1299_jpg.rf.fbbd975b6ab1936db7fb7d81faaa0b85.jpg,1,0,0,True,52,52,1.0,JPEG,True,False,8b409d59006e69d493696330501b8278
val,i_12_jpg.rf.63af522ab62569ecf43fad928d0224e7.jpg,1,0,0,True,416,341,1.2199,JPEG,True,False,9da915633f7d5e8f4b81033e1b3b4c54
val,i_1300_jpg.rf.a2cd4497abb87f77c05bfdccd33adc36.jpg,1,0,0,True,44,44,1.0,JPEG,True,False,0cbd8b0ffff44140a308ee6625a6292a
val,i_1303_jpg.rf.d794012bebe6af19034216db6e304c69.jpg,1,0,0,True,64,64,1.0,JPEG,True,False,d30e7ada175744222d398e48b28abd8d
val,i_1305_jpg.rf.a48bb24aa0de152e07bf59995931c00e.jpg,1,0,0,True,45,45,1.0,JPEG,True,False,9de0c2d0c6f51ef059eefeb10af20d1b
val,i_1310_jpg.rf.61fade6f0c56ac6143020f6eda4ffca6.jpg,1,0,0,True,50,50,1.0,JPEG,True,False,19a545f362ed2945ec4abb0715ac2d72
val,i_1311_jpg.rf.4a40a3794788135284d6fc898028f6fd.jpg,1,0,0,True,53,53,1.0,JPEG,True,False,67188664b4f96c3c8a1b1abc3fc810da
val,i_1313_jpg.rf.cb6dfea220e61796d8e0b525fb930ed7.jpg,1,0,0,True,55,55,1.0,JPEG,True,False,ffbcc9d3d935997abe6a3a4b53976834
val,i_131_jpg.rf.f1bb635d7bfc1800c09544c3b6f10d1a.jpg,1,0,0,True,324,258,1.2558,JPEG,True,False,958f0a7e75c9f8a1eda56d91c552cc5f
val,i_1324_jpg.rf.d73b11c8e3973bafacf0dd7fc8ca13d5.jpg,1,0,0,True,59,59,1.0,JPEG,True,False,1a94396b394d52cb87904722f28c04f9
val,i_1325_jpg.rf.19838ecf60bbc55f8b502b60b95bd9d3.jpg,1,0,0,True,59,59,1.0,JPEG,True,False,a82c242702b7eb424512f502de387b21
val,i_1331_jpg.rf.661ea36ed5ef069e4cc2fe549a50650c.jpg,1,0,0,True,55,55,1.0,JPEG,True,False,c45b8809e4315393ec266591ad440813
val,i_133_jpg.rf.e87f45cde29a8e76cbfc9b8390ed0b76.jpg,1,0,0,True,417,287,1.453,JPEG,True,False,b1f64c407b24d579dd2e8882bfdf6646
val,i_1343_jpg.rf.bb4f60f76fb0f11a5e4a1d9fdc43c5ea.jpg,1,0,0,True,52,52,1.0,JPEG,True,False,c7ba9c11a8bf4111fea4882796171e9c
val,i_1356_jpg.rf.bb7cb0fb8e6b6b45b1d943314c18298f.jpg,1,0,0,True,53,53,1.0,JPEG,True,False,542b3dfe39c4b0da68beb51cc2139525
val,i_135_jpg.rf.2f45a5f6f6482d5d125cede3401b1065.jpg,1,0,0,True,270,204,1.3235,JPEG,True,False,716ec9d5d582f6cf994213a4bc19e592
val,i_1364_jpg.rf.731415b6cb4d4c254636e34a1f9ef454.jpg,1,0,0,True,51,51,1.0,JPEG,True,False,3242f0b0c23f6a2541773c10a4af89d1
val,i_1369_jpg.rf.ba9deeffd8aef584b47d2dbd941f340f.jpg,1,0,0,True,54,54,1.0,JPEG,True,False,3647701784bb33ead926430f581e1325
val,i_1372_jpg.rf.a75af158d7e7c7afb5fca7d8dbe21944.jpg,1,0,0,True,53,53,1.0,JPEG,True,False,a5ca6ec4a327d0f572d8f720244474d8
val,i_1375_jpg.rf.067e08f9f44cba00518dcf1046eff3ce.jpg,1,0,0,True,58,58,1.0,JPEG,True,False,5265df1ed809e256e30b0f42eaf21da2
val,i_1376_jpg.rf.45e76e3f983ab59359b95349c6401728.jpg,1,0,0,True,67,67,1.0,JPEG,True,True,40a8d1454f118c9103d839cecd4c9e67
val,i_137_jpg.rf.74753efc7f478f3edb0410d4fc5eade3.jpg,1,0,0,True,173,144,1.2014,JPEG,True,False,bc36f140568678de601b1c734ce3371d
val,i_1380_jpg.rf.225acd2f14030976c0aa3644b2f3e225.jpg,1,0,0,True,54,54,1.0,JPEG,True,False,25b1e66696f3850fd787fae0cdfe5a6c
val,i_1384_jpg.rf.7157f9aa711902d55fbe0fd3f04536fc.jpg,1,0,0,True,55,55,1.0,JPEG,True,False,0837b0995d1d8175065b879dfd41a39d
val,i_1389_jpg.rf.073290f5ebebf0d3f2300cd0b517911f.jpg,1,0,0,True,63,63,1.0,JPEG,True,True,1f23a049fb3052d07ba4ab8a49baf8e4
val,i_138_jpg.rf.37a35702cef9b1d532884e85962acd11.jpg,1,0,0,True,163,172,0.9477,JPEG,True,False,4a273ff473cded277a16c2cb64ee2379
val,i_1396_jpg.rf.f6b4e72af95bab9756e74b1fbf43db71.jpg,1,0,0,True,56,56,1.0,JPEG,True,False,f9bec37d15951d8c4e20ef27d6b125a9
val,i_1399_jpg.rf.a17153063062e7869413e8dcdc62e27c.jpg,1,0,0,True,75,75,1.0,JPEG,True,True,bce49d817e1bed69f599e626e8d28928
val,i_1402_jpg.rf.858fbe292d7927f5170964aac4caa873.jpg,1,0,0,True,63,63,1.0,JPEG,True,True,5401bf3bca055704cd233076a80c7aee
val,i_1403_jpg.rf.8f5c6812375e61cb08f5e6d2e4422ddb.jpg,1,0,0,True,58,58,1.0,JPEG,True,False,a275111bf3e92a388ed8429b5392f46d
val,i_1417_jpg.rf.edbf4135edb2911c7b975a03256fc212.jpg,1,0,0,True,53,53,1.0,JPEG,True,False,1153e353b9cc2be52d66790f1ac8b549
val,i_1418_jpg.rf.3962f48f98022e059a61f834dcae91f2.jpg,1,0,0,True,57,57,1.0,JPEG,True,False,29d63edbafd826531a2b8b761b8de3ab
val,i_1422_jpg.rf.b0d3a4241ac1fd5f5742062192c40715.jpg,1,0,0,True,47,47,1.0,JPEG,True,False,44b27529579c66ab5a97c5ed97afa380
val,i_1427_jpg.rf.d84afc593f00bf0c7b174c2b8afb5dbc.jpg,1,0,0,True,53,53,1.0,JPEG,True,False,8d568953c21a4a740494d5b6410dc500
val,i_1428_jpg.rf.613daaa3d86085541ea194fa36ff6bb8.jpg,1,0,0,True,55,55,1.0,JPEG,True,False,6e19a41c06266a726239d514621de027
val,i_1435_jpg.rf.a09df60f84830823924e7e73af038353.jpg,1,0,0,True,63,63,1.0,JPEG,True,False,c74d39e371d75d6267e1993a2c23b78a
val,i_1441_jpg.rf.b5fa2e51de79a7be60c72121167dc4db.jpg,1,0,0,True,45,45,1.0,JPEG,True,False,f01d1daf3df4bbcc42e4d2ac29603ac2
val,i_1444_jpg.rf.97ac18cb2cc7d0a91ec0c8073cbf5371.jpg,1,0,0,True,64,64,1.0,JPEG,True,False,6f5aa88e2c49ff4e3ff13d31d6e334fe
val,i_1447_jpg.rf.8f359784e2d924356ac78bfac0465c9d.jpg,1,0,0,True,54,54,1.0,JPEG,True,False,197f8dd421faf1719a01f19c02ff9bd6
val,i_144_jpg.rf.2b4b836f27c046147c65580818f5f653.jpg,1,0,0,True,263,176,1.4943,JPEG,True,False,528ec4fdf39dbb8e218867863fa6e3d2
val,i_1450_jpg.rf.b9028a58255a1e0798b8ee73fb56537e.jpg,1,0,0,True,62,62,1.0,JPEG,True,False,673a08f5e1f41186d222cc2f0888e51f
val,i_1451_jpg.rf.d17a54ef9f8a3646683a12ed4915158b.jpg,1,0,0,True,64,64,1.0,JPEG,True,False,e8fddc234f04b4b9e6d2a525a1104e6c
val,i_1453_jpg.rf.7192eed85b4594bc070c43bc4456a8f4.jpg,1,0,0,True,61,61,1.0,JPEG,True,False,a0c724692d2f073f9dd84b457c10405a
val,i_1455_jpg.rf.529099d432a8c7643714a58be481616e.jpg,1,0,0,True,77,77,1.0,JPEG,True,False,96eb7c0b2cee17e6151905a97943819d
val,i_146_jpg.rf.75fc4b8d2d90d5db2b4b201425ad056f.jpg,1,0,0,True,221,196,1.1276,JPEG,True,False,1b6e6ec2894d02062f9f0ad1655918bb
val,i_1492_jpg.rf.46e60a9942afd17685f5e5c75769bbef.jpg,1,0,0,True,56,56,1.0,JPEG,True,False,d077e0fbafda68e57bf1499434fe31ad
val,i_1493_jpg.rf.3c0a8ecafd59878056b44489df2b1e91.jpg,1,0,0,True,46,46,1.0,JPEG,True,False,f0c1754606a368405d699d8e2c1dd831
val,i_1494_jpg.rf.2f275ad29ee8b9a0d185df89c92ad030.jpg,1,0,0,True,57,57,1.0,JPEG,True,False,acfdddcc1f8445f525e87f22844f2584
val,i_1498_jpg.rf.82af0a323a785a0e90b7597f834ab854.jpg,1,0,0,True,49,49,1.0,JPEG,True,False,c8e3a2a3e24badee05841edded90b527
val,i_149_jpg.rf.5ad71df31cbbeeb9f2f2749d469ab7eb.jpg,1,0,0,True,193,174,1.1092,JPEG,True,False,3551bed8b29491b0f77b6aa3aa97c2fd
val,i_1503_jpg.rf.54e702c54ea17cb1e862bca08f39dc5c.jpg,1,0,0,True,53,53,1.0,JPEG,True,False,8773987c7b007e78bfea8884c54be68c
val,i_1509_jpg.rf.4eca6cdcf256490ab984715dea553d7a.jpg,1,0,0,True,63,63,1.0,JPEG,True,False,a84600008c3fb4bd769e98fe53f22f4c
val,i_1512_jpg.rf.76bf9b394d73e4c32306dadeeba9ed7a.jpg,1,0,0,True,60,60,1.0,JPEG,True,False,70835fa973749bf72e967891f4fa757b
val,i_1513_jpg.rf.6b5babf3ac79f5f742e616c481e2cd24.jpg,1,0,0,True,51,51,1.0,JPEG,True,False,a3a546b85c7cf7e6d6509608f35e1b4f
val,i_1517_jpg.rf.a1274d003b8bf1114365eb2a9cf23700.jpg,1,0,0,True,51,51,1.0,JPEG,True,False,7d6289fac2551f4ca46e7639b2d35ac6
val,i_1518_jpg.rf.1c917e3caae16c9b8b38981790c2dfb0.jpg,1,0,0,True,59,59,1.0,JPEG,True,False,454e4791ee11b361d54d6910324dd8c8
val,i_1534_jpg.rf.fe50db8650a03c4c0efb245462bacad9.jpg,1,0,0,True,61,61,1.0,JPEG,True,False,fec9a8dd4226cac43361afffe8a77c43
val,i_1539_jpg.rf.42ffb73074ffeff524b15c877af8ad24.jpg,1,0,0,True,51,51,1.0,JPEG,True,False,e278fe3f8544c5d8543815e98aa40c16
val,i_1540_jpg.rf.d9ef8036ae7278fed587538d631ce1cf.jpg,1,0,0,True,54,54,1.0,JPEG,True,False,f615b3bd045a91fec17ad2946b153575
val,i_1552_jpg.rf.00e6104decbe51ca855517cc086ed9a5.jpg,1,0,0,True,52,52,1.0,JPEG,True,False,dabaf616967840e594f8e3e5860ae7f5
val,i_155_jpg.rf.cbf9c2f45b1f7eb13c97c87f50991683.jpg,1,0,0,True,250,188,1.3298,JPEG,True,False,78ace5651863df5c3d3e1d9616362c7a
val,i_1561_jpg.rf.441d892d7c162d24293f886d2995a9be.jpg,1,0,0,True,51,51,1.0,JPEG,True,False,ba43712a10ee79adacbc9a5559d81eaf
val,i_1566_jpg.rf.9e81f8912c0338c67ba11d966db37dd2.jpg,1,0,0,True,63,63,1.0,JPEG,True,False,9bfbc2f6290f792cf8b658f5db7d2f16
val,i_1575_jpg.rf.775a9e352b578bc5cd9561e2946ee76a.jpg,1,0,0,True,69,69,1.0,JPEG,True,False,304ccd8bab240a54249ecc346ce46e31
val,i_1576_jpg.rf.dadca03884fdd75ca4bb83d83448516d.jpg,1,0,0,True,47,47,1.0,JPEG,True,False,d01ed9cfcc28cff1430ac210d0180d8a
val,i_1580_jpg.rf.a0a073e12c68e6f6d101123b38ffc6b5.jpg,1,0,0,True,50,50,1.0,JPEG,True,False,787574f2a3e797fc4daee4e8dc324509
val,i_1591_jpg.rf.a6e034316fba3d998c02631daa730ac6.jpg,1,0,0,True,59,59,1.0,JPEG,True,False,9f299517ef07ffaeb9618efdd2273b4e
val,i_1594_jpg.rf.422bac5318ce36738f9ee6f39774bb70.jpg,1,0,0,True,62,62,1.0,JPEG,True,False,edef34c72354894fcdf65f879aea1d6c
val,i_1599_jpg.rf.46bfd272ff08e7399ed534ce05d2ffe1.jpg,1,0,0,True,62,62,1.0,JPEG,True,False,a9d6c0ee8adae5150e4f2195322a498b
val,i_1600_jpg.rf.fd29c86a48965aa1a824cc253fe01f2f.jpg,1,0,0,True,72,72,1.0,JPEG,True,False,87f64d181c51cfdd870a57587f7388a1
val,i_1603_jpg.rf.cc8e566c2f5a824e735b79128a75f110.jpg,1,0,0,True,60,60,1.0,JPEG,True,False,7344a907e41d0b0138c7ff2a5cbdb121
val,i_1607_jpg.rf.2d63cccb33c5ff9127d29d4917ed7988.jpg,1,0,0,True,79,79,1.0,JPEG,True,False,8cb71be2c66491fae828f5e43f1bacc7
val,i_160_jpg.rf.a316ff8f0d22e79ea249f825ce7d985a.jpg,1,0,0,True,196,177,1.1073,JPEG,True,False,a163513e245a5fa58b9d7e50cfb04e5c
val,i_16_jpg.rf.557d64b1559e190acabf817adb5ca077.jpg,1,0,0,True,354,207,1.7101,JPEG,True,False,34f088a8aa20b589d11b6c08df0f60a2
val,i_177_jpg.rf.ac025baf622229c65cce32e4f8b3780f.jpg,1,0,0,True,135,147,0.9184,JPEG,True,False,24a6394dd7d50356cca12c737c9a4ee7
val,i_179_jpg.rf.510f646f599f8072e1a57971bb2a2229.jpg,1,0,0,True,245,191,1.2827,JPEG,True,False,4b393a42da81cef8e32c8e323dd186e9
val,i_197_jpg.rf.89917808142c62651d7c6900823e690d.jpg,1,0,0,True,307,156,1.9679,JPEG,True,False,bd35c80a6e46db406f75b62e2ba03ab6
val,i_206_jpg.rf.dcc772e778628b2a32fff97a428f6072.jpg,1,0,0,True,162,104,1.5577,JPEG,True,False,06b1ee444efb9826a66c10c817212b5e
val,i_218_jpg.rf.5279a3de345b17cdb39492753b5aac7e.jpg,1,0,0,True,200,110,1.8182,JPEG,True,False,b19b2602423765b5adaa7475e1780e62
val,i_225_jpg.rf.b66f81c0d830d129d8ebe58bd818ad64.jpg,1,0,0,True,170,123,1.3821,JPEG,True,False,3b3c311790a5b588e08ee0dc758c98b9
val,i_227_jpg.rf.ed093f121424c7fdbf632980a48b69a2.jpg,1,0,0,True,259,178,1.4551,JPEG,True,False,9f90c5ec9c9bf85c8feec0597a1cd5d1
val,i_229_jpg.rf.146ddb946b60ebdd5deed1a1130e009a.jpg,1,0,0,True,174,138,1.2609,JPEG,True,False,99a4a0471b7e68204322527f3c0d82ae
val,i_230_jpg.rf.fa84d0563d75b05af85ef7f546ddfbbf.jpg,1,0,0,True,238,156,1.5256,JPEG,True,False,255f369d0b64417bd7a9b5a62c7ef7d1
val,i_232_jpg.rf.76444640d6b296cd7a9421aac97f823a.jpg,1,0,0,True,190,132,1.4394,JPEG,True,False,05cd20e010a2641a1f3d6ed02811cbf1
val,i_233_jpg.rf.1dc58a5be20a57df66b81e3363423f5e.jpg,1,0,0,True,228,123,1.8537,JPEG,True,False,1dd6d50016142dd6839dfb36a5d69194
val,i_23_jpg.rf.50f3afb8725eca1ceaf2530bc38d7b21.jpg,1,0,0,True,327,249,1.3133,JPEG,True,False,dbd083d70d2dd2daefe67761a2a47800
val,i_242_jpg.rf.8100ca4f1597fd4aacaa8e93b9b267f0.jpg,1,0,0,True,203,164,1.2378,JPEG,True,False,15d60965654930d43273888769615b0b
val,i_244_jpg.rf.6e2826f6c5a4501e6b7f96e7738d7f7f.jpg,1,0,0,True,328,218,1.5046,JPEG,True,False,eae54fc85fdb523536c63e2eb995c265
val,i_247_jpg.rf.889951af515dab0ba6897c67800a65bf.jpg,1,0,0,True,178,188,0.9468,JPEG,True,False,d68eb432d30dcc0fda283e6e3202ee88
val,i_24_jpg.rf.0b450bac53bb638bf7661b10259e3a1e.jpg,1,0,0,True,397,300,1.3233,JPEG,True,False,b7e150ec95b7e39c484819fd991f89a8
val,i_254_jpg.rf.a7b1b22080a05c520beb428333068dcd.jpg,1,0,0,True,268,157,1.707,JPEG,True,False,dca7bb5a4a88922ac3353b60005d224a
val,i_263_jpg.rf.72b5572aa7b9fc2ec753d3433b403967.jpg,1,0,0,True,197,183,1.0765,JPEG,True,False,692010b2d30cf5d7773abc6a0cbce8c3
val,i_271_jpg.rf.ac698376178a42b0298c008ddb649494.jpg,1,0,0,True,223,159,1.4025,JPEG,True,False,7aa8bde89d304a02c1c3169d86b6ae75
val,i_280_jpg.rf.452cf1f5d71786707c8ffd52fafc1fa7.jpg,1,0,0,True,324,280,1.1571,JPEG,True,False,00583f824e44801ecdaf496fffc9f903
val,i_286_jpg.rf.bd9a24cf62d4009fd7ab5f23114e4d8b.jpg,1,0,0,True,427,277,1.5415,JPEG,True,False,cadd7ccdbf56f63b3850f5d6fe4c73eb
val,i_299_jpg.rf.300de59a110f170eecc4450fff4eedd1.jpg,1,0,0,True,306,199,1.5377,JPEG,True,False,92df3d1c85ae2726ec321e62ec4e2f48
val,i_302_jpg.rf.909fcf63ab709ec1afbe978d3665567b.jpg,1,0,0,True,150,140,1.0714,JPEG,True,False,004dfd01b7f01fd4868927bcf512dcba
val,i_309_jpg.rf.45aa9c2357387c076b690f4e7b9fd807.jpg,1,0,0,True,260,159,1.6352,JPEG,True,False,14986daa7d1296ac30869312351dacdf
val,i_315_jpg.rf.71a10fce600af89ccf8f0c8eeb1ec464.jpg,1,0,0,True,273,152,1.7961,JPEG,True,False,6c96a3978fd7b6119b2e85e2cf4172b5
val,i_322_jpg.rf.e0501a1783351601c22e6c39243eb338.jpg,1,0,0,True,147,128,1.1484,JPEG,True,False,4b866e1bec1af53270b7bd261816dbc2
val,i_326_jpg.rf.0fab64727a0ca1e9d9231c17a6a5f22b.jpg,1,0,0,True,254,173,1.4682,JPEG,True,False,36a047c16c4220c09bd1ccea192e24e7
val,i_337_jpg.rf.906f599e04003b11f541f71ece7f4bb0.jpg,1,0,0,True,276,190,1.4526,JPEG,True,False,4a76387f0a2ff04090eca4358e0f6640
val,i_341_jpg.rf.7a180604f7e36d551192d2bcac9648b8.jpg,1,0,0,True,299,239,1.251,JPEG,True,False,7c048435fefdc8b28709e10a73751d06
val,i_343_jpg.rf.f279d213638f60fe29fcc49f45069d15.jpg,1,0,0,True,159,145,1.0966,JPEG,True,False,bd19a7711370c90a9c46a5576fe9cd4d
val,i_348_jpg.rf.bfb5326ca79dd43d115d107630013453.jpg,1,0,0,True,305,190,1.6053,JPEG,True,False,63c3be0693faa57ad3180e087c68b4b8
val,i_349_jpg.rf.b68ce2476dcfbb76fba177121943e2a5.jpg,1,0,0,True,227,224,1.0134,JPEG,True,False,12e1b10c133a3abca79636e63ed75c5b
val,i_350_jpg.rf.4c78df6694c821c874633a13f1625f93.jpg,1,0,0,True,339,168,2.0179,JPEG,True,False,d6fb14b92b2d83bd4ea3eaddad18a940
val,i_351_jpg.rf.4dce7838255679e9244e8d1c9ac5ac25.jpg,1,0,0,True,245,193,1.2694,JPEG,True,False,c86eff50bfead029938e0054808bacc2
val,i_352_jpg.rf.98d9bc5cbb8ad418922bff27b1296ec6.jpg,1,0,0,True,259,178,1.4551,JPEG,True,False,70a84739300150198fdc108a3465f07b
val,i_362_jpg.rf.1ccfd7523bd31574719b0ca581935232.jpg,1,0,0,True,298,208,1.4327,JPEG,True,False,10c73588d17d776b4e2830807d9a3415
val,i_372_jpg.rf.5015ed41716449b283ea8f25ee7eaabc.jpg,1,0,0,True,291,200,1.455,JPEG,True,False,b1bde6fb0eedf360c0f6737014c07cb7
val,i_373_jpg.rf.98cdd7c01b55268ce6705b870988ad4d.jpg,1,0,0,True,474,326,1.454,JPEG,True,False,65bc76e8778ab6e2a97d866ca9124e75
val,i_375_jpg.rf.0921e17804ea0a35450fa7b45ac629c4.jpg,1,0,0,True,133,140,0.95,JPEG,True,False,e4668ec79887cb2cd1ca0831dd3c313b
val,i_379_jpg.rf.e4899cd40a60ffd2e43c3aa23f0ccff8.jpg,1,0,0,True,269,137,1.9635,JPEG,True,False,91e716de7a9bccb634b49da8a627d909
val,i_387_jpg.rf.89ab9819a5753d39488930f6217fad7c.jpg,1,0,0,True,248,276,0.8986,JPEG,True,False,29966a16aad3a64b3fa1bb87f97f3e5b
val,i_392_jpg.rf.4b170adf734e086c88ec0cfdf82ea6a4.jpg,1,0,0,True,511,324,1.5772,JPEG,True,False,835125318e101a6ee13bbf6388e156d4
val,i_396_png.rf.9b5ef9d19c4a47f06512abc1d9eb38a5.jpg,1,0,0,True,120,80,1.5,JPEG,True,False,41d9f58e3373df06ee4d82e53cc3b249
val,i_412_png.rf.4e7120e1dfed7049727e12a6175144ea.jpg,1,0,0,True,120,80,1.5,JPEG,True,False,d127e55825ffa5f4500f188d973aac2a
val,i_414_png.rf.ac20e33c375d4b6b31871a17e7da4a82.jpg,1,0,0,True,120,80,1.5,JPEG,True,False,cd2feaf76df8401483e6c5f77dabed58
val,i_416_png.rf.9ee8b376c357411e7d508f73f52a9a8e.jpg,1,0,0,True,120,80,1.5,JPEG,True,False,0dd4c3281839ba214de221d381a11277
val,i_418_png.rf.a07be6565bfec072fd048d91b7c8f549.jpg,1,0,0,True,120,80,1.5,JPEG,True,False,1b20f5d43f75fee2450785d0bc66d585
val,i_419_png.rf.b2c5ee75895bd530d7c2962ad6415b57.jpg,1,0,0,True,120,80,1.5,JPEG,True,False,d995c288f992aff940b4beee95e6d8c6
val,i_420_png.rf.0fc08653fa356f9391877ca83018c476.jpg,1,0,0,True,120,80,1.5,JPEG,True,False,12e59f62e8c439ac9eab78ece5bf383b
val,i_422_png.rf.6f6221c6ba22be9af4041daabdcfe09f.jpg,1,0,0,True,120,80,1.5,JPEG,True,False,e6d08bfd16640cf6a355720f8d7dec35
val,i_423_png.rf.8b237210843ba5889df39f8ecd59aaaf.jpg,1,0,0,True,120,80,1.5,JPEG,True,False,b7ec5c976b3245d68936f46f48c9a1eb
val,i_426_png.rf.997e06abf3c24b7a562b525e1d8cfbb0.jpg,1,0,0,True,120,80,1.5,JPEG,True,False,36279a3ad4490e5610a8da99389b01d9
val,i_427_png.rf.42a62b6b22c6344ba89876f04808c288.jpg,1,0,0,True,120,80,1.5,JPEG,True,False,2f45a04a031a87f199c18f514146c539
val,i_42_jpg.rf.9b348281762bf86728e5cff90b958f3e.jpg,1,0,0,True,299,213,1.4038,JPEG,True,False,a826d6bdcfc7e362c84a25d380b50d62
val,i_433_png.rf.e69811b1ec7ccdbabfa3424b039d9c7d.jpg,1,0,0,True,120,80,1.5,JPEG,True,False,e0e7200e7819c8e91b5f0e4d35d40631
val,i_435_png.rf.adf38373a4f72865be2ba9a5dfec3cb2.jpg,1,0,0,True,120,80,1.5,JPEG,True,False,284c9fed3a76a82a1ed58c2bc50a4cc6
val,i_442_png.rf.da2fbed61c5fe83a828a2992d4c6b83e.jpg,1,0,0,True,120,80,1.5,JPEG,True,False,cf6fb111ee0d5ea33b2afc3827360ae5
val,i_449_png.rf.4aa162f0bffb0eb34390d9c9a28f17a2.jpg,1,0,0,True,120,80,1.5,JPEG,True,False,7ed47535876deabd5628e6c62adb78ec
val,i_457_png.rf.d2d4ed6fa127e423ac88cd128f1633d2.jpg,1,0,0,True,120,80,1.5,JPEG,True,False,3c08c81b284cc00585744acb5b2fc2c6
val,i_463_png.rf.2ec21b0072b4089aadede5ebea2dd9bb.jpg,1,0,0,True,120,80,1.5,JPEG,True,False,fbb41ffd47969048d3b272cf59f6f4a6
val,i_465_png.rf.9e2e1285f97e0d7d7721128a702130a1.jpg,1,0,0,True,120,80,1.5,JPEG,True,False,9fe0522a06d88e37e904b7e699c44c20
val,i_466_png.rf.fcc4f66931da3370134a2db1674d13fc.jpg,1,0,0,True,120,80,1.5,JPEG,True,False,81d1c46bed26ae96d5b9af0ff73445b7
val,i_468_png.rf.7b14bc877a3fad74465c374d7870f2a7.jpg,1,0,0,True,120,80,1.5,JPEG,True,False,1055c7580d3679d354181643ddbf11f1
val,i_46_jpg.rf.c7a6db3738736209f4ffb938aacb78c1.jpg,1,0,0,True,252,232,1.0862,JPEG,True,False,295ce2bf156723b21ee705eae06703e2
val,i_489_png.rf.9bb92d85a7d09d4941c75bb5c434bc51.jpg,1,0,0,True,120,80,1.5,JPEG,True,False,d07bf34dca2c79450838b507cfa4f775
val,i_490_png.rf.a1ae5de0640e9a7510c41187ce6a751f.jpg,1,0,0,True,120,80,1.5,JPEG,True,False,693b23fa910ab4811b1cb1c185b37864
val,i_495_png.rf.8d839020c5bb2664bf2c607511c9beff.jpg,1,0,0,True,120,80,1.5,JPEG,True,False,33fdd1bd31cc1b5b4c45bfef66de2caf
val,i_500_png.rf.1978662f6d1379971f2fcc45e0388f94.jpg,1,0,0,True,120,80,1.5,JPEG,True,False,d84d921a79992e3f03b81ed0035b7796
val,i_502_png.rf.d856fc22036afef3175291f425176f7f.jpg,1,0,0,True,120,80,1.5,JPEG,True,False,a4eaa94a9f80904b0480b08c9369ac28
val,i_506_png.rf.84d963ed0f8f427a5468bd74f0635e3a.jpg,1,0,0,True,120,80,1.5,JPEG,True,False,a5400c936e07b13c5cda7ce4c6f78592
val,i_512_png.rf.a5e55018b176d4b0ff4b60ff876ceae3.jpg,1,0,0,True,120,80,1.5,JPEG,True,False,4a263c4c1262bf956579f09a0ab838f5
val,i_514_png.rf.87ad9621a32407f799af4c9efa18b189.jpg,1,0,0,True,120,80,1.5,JPEG,True,False,6875b489c5303d05bf0272396ee60fef
val,i_518_png.rf.21cbe2ab39e0854ff06112cc45eef171.jpg,1,0,0,True,120,80,1.5,JPEG,True,False,8be6ba9c0c3b902f695d2b58c6c6c65d
val,i_524_png.rf.0b0c61c192cd2995fa2060782dafd716.jpg,1,0,0,True,120,80,1.5,JPEG,True,False,81ed0b278ad2cd89623430defe614212
val,i_540_png.rf.3b2069f5dba9dfb311f35856ce92d822.jpg,1,0,0,True,120,80,1.5,JPEG,True,False,66c066ae117a356fba5e2f49e7d85f1d
val,i_543_png.rf.3d264703e60a1945f62a2b02b77fc417.jpg,1,0,0,True,120,80,1.5,JPEG,True,False,760890173a88efae26b072597ddf95d6
val,i_545_png.rf.8cb698598209dec82d12d42382f2fb12.jpg,1,0,0,True,120,80,1.5,JPEG,True,False,69eb2157e11d9d99b948659700c5a4fd
val,i_546_png.rf.19932e5029ecf868ee61285ce721bd01.jpg,1,0,0,True,120,80,1.5,JPEG,True,False,f7d8ee7db8151fbab75f1537b6d32113
val,i_554_png.rf.0b2025e71208717276af97ca17ddae85.jpg,1,0,0,True,120,80,1.5,JPEG,True,False,3963330c8676c2e6b7d9b312545c01f0
val,i_557_png.rf.d84c23df969e15ee59e418bb337d6a12.jpg,1,0,0,True,120,80,1.5,JPEG,True,False,9b523b8fd007741a4a65ee496ef0b18d
val,i_559_png.rf.34fddcb4cf90267d100866a7bbf9f7e8.jpg,1,0,0,True,120,80,1.5,JPEG,True,False,5b2aefefda1eba6a5b56fc5a5552653d
val,i_565_png.rf.6a7a9909899ff0a4221c863a666b5e95.jpg,1,0,0,True,120,80,1.5,JPEG,True,False,9a5210d1c9d2d9b4e968876005932a65
val,i_572_png.rf.37b9d1d54cc1c72aff74f7dd89fc3951.jpg,1,0,0,True,120,80,1.5,JPEG,True,False,0851cdd3a697376a9d3a7d5bc45fec27
val,i_574_png.rf.6bf25971377de4fbb02028b716b6afc3.jpg,1,0,0,True,120,80,1.5,JPEG,True,False,7b3a0aff1d4565d0a794e2f39d5814b1
val,i_582_png.rf.33b8a9925573e8c392f29e775e6c70b7.jpg,1,0,0,True,120,80,1.5,JPEG,True,False,6158ff88b4118aa2a5dc276a4f807cac
val,i_584_png.rf.4045f86889f1445d3f218d409e2194da.jpg,1,0,0,True,120,80,1.5,JPEG,True,False,7ef90495182e7282f576fefead445cfa
val,i_585_png.rf.9b10a9f866719f07d33213e157e13c7d.jpg,1,0,0,True,120,80,1.5,JPEG,True,False,5f458e3aed8483ce687ef5af0abd10c6
val,i_594_png.rf.b40ce8d3f5f8e3104b616a9ef92fcf93.jpg,1,0,0,True,120,80,1.5,JPEG,True,False,47187b7c9661e42ccd74a289a97b811b
val,i_595_png.rf.61fa45db8db21c660eeb8d7a3170c7c3.jpg,1,0,0,True,120,80,1.5,JPEG,True,False,9fa25936e74decd1c33400598ffc7bec
val,i_605_png.rf.3cd655ec7c67d1ca3c24cbf47d2f2b32.jpg,1,0,0,True,120,80,1.5,JPEG,True,False,3ed94e89bdcf2410135251f7991ea295
val,i_608_png.rf.f32a432a92cf9991812d676b5196f171.jpg,1,0,0,True,120,80,1.5,JPEG,True,False,f1f4061c469cd4157bde69ee121806b3
val,i_615_png.rf.4ca0bfc811de47100fdc3ca8aeeb62ad.jpg,1,0,0,True,120,80,1.5,JPEG,True,False,ffe7ee3a156c104e3b34d4a878ad8493
val,i_616_png.rf.fbfce99629afa814b9bf5ec8b9caceb6.jpg,1,0,0,True,120,80,1.5,JPEG,True,False,f0846679b6f99e5eb8c8bccba4ebb23d
val,i_61_jpg.rf.4766d974105cb1692a2178e3593ca8d1.jpg,1,0,0,True,464,233,1.9914,JPEG,True,False,631f0593a2aa9e26812fbeb0bc4179d3
val,i_622_png.rf.1eda743a96d8156269b1375274436e83.jpg,1,0,0,True,120,80,1.5,JPEG,True,False,3becce56c1025cbfe0b5dc65658d4170
val,i_624_png.rf.0d7cf40bea05bf132686b699c469f3e9.jpg,1,0,0,True,120,80,1.5,JPEG,True,False,ee4d4ea2fcf9dbcd5f825c753da556fa
val,i_626_png.rf.ae189e6ef687996689249c8db0d26c72.jpg,1,0,0,True,120,80,1.5,JPEG,True,False,8ac11de311c828cca63d815fedbdd4b2
val,i_627_png.rf.cb7a087b15ab38fc00dae9c989edfc21.jpg,1,0,0,True,120,80,1.5,JPEG,True,False,4a1978b1ce131652247780fa53bdeb73
val,i_632_png.rf.c14375145a6c10b9464ca3f035a07057.jpg,1,0,0,True,120,80,1.5,JPEG,True,False,c9b429b31aa03bdd78792ac26d61eaa3
val,i_63_jpg.rf.6290aab037d47fd9f54bf92760f62142.jpg,1,0,0,True,395,278,1.4209,JPEG,True,False,b18957c90650001383853734e862d341
val,i_640_png.rf.a6ece2db0ec522f6f2d1450b7a1253c0.jpg,1,0,0,True,120,80,1.5,JPEG,True,False,6fe51befdf275399fffafa5d6b0607ea
val,i_641_png.rf.b2d5b0a07145a61a7e0b913bf12b9db1.jpg,1,0,0,True,120,80,1.5,JPEG,True,False,0adc137a1709d66cafdc0cfa73e4db9f
val,i_643_png.rf.d13871f3a78c51d8d53a202c993f5fd9.jpg,1,0,0,True,120,80,1.5,JPEG,True,False,bf8e0a7dd7f9f36fc17c521dd106f3a9
val,i_645_png.rf.28b272ac6941fb138ab0386e017e4308.jpg,1,0,0,True,120,80,1.5,JPEG,True,False,cf348c455ae294de170eed3a0c45254d
val,i_64_jpg.rf.3e527964dceeb590f6402da47f4846ea.jpg,1,0,0,True,402,249,1.6145,JPEG,True,False,12e019b6c400019159a3413e8a5594b3
val,i_653_png.rf.20b177ca2de4311aaebaa1767c969656.jpg,1,0,0,True,120,80,1.5,JPEG,True,False,51035d013ac91e29d18c5cbe7a90d3a4
val,i_661_png.rf.d7a9c12e4f4da587922e5cc09ea40744.jpg,1,0,0,True,120,80,1.5,JPEG,True,False,9add68856635d8b0583362b2cfe16011
val,i_665_png.rf.1649e40bdc888097dbb28a12edd94964.jpg,1,0,0,True,120,80,1.5,JPEG,True,False,af0b766b5ab9a74424daab9ef6ddd4f3
val,i_667_png.rf.f303f2775cae108baa27a143aa3b80ca.jpg,1,0,0,True,120,80,1.5,JPEG,True,False,e7ee491087047ee7ef46f8e956177251
val,i_673_png.rf.a012495583b2e25a270462e3e0dcb628.jpg,1,0,0,True,120,80,1.5,JPEG,True,False,08ee57b1b9f15c8df6dced6c971a93ff
val,i_679_png.rf.37d78a7e9cfb404b46701697b44ecbec.jpg,1,0,0,True,120,80,1.5,JPEG,True,False,ac9d142a0b08daacf7443e442cd45ae2
val,i_683_png.rf.ca8b46d4b11c5d5e2d61437753cd261e.jpg,1,0,0,True,120,80,1.5,JPEG,True,False,4faaa1023c538d25ccd30e63981055c9
val,i_685_png.rf.70b8464e3d5c427ad18f3c2f226a71a6.jpg,1,0,0,True,120,80,1.5,JPEG,True,False,780dab117292306aacff08c4ab594706
val,i_687_png.rf.ecf693a4de06dff00f9f9ec70b02de30.jpg,1,0,0,True,120,80,1.5,JPEG,True,False,301bfa67bd4f7dd51c227aceb2c5b1c1
val,i_694_png.rf.a3e8bbcf2d73122a123dc7eb3e116a92.jpg,1,0,0,True,120,80,1.5,JPEG,True,False,47fa6d7ec7d2b98e97eb6d43ed85effd
val,i_699_png.rf.626dcb175fb0dde62cabdc956b20dc76.jpg,1,0,0,True,120,80,1.5,JPEG,True,False,8facd3150f987b8ad088806ed97185e7
val,i_705_png.rf.4019773566aa8b1d916ceeb94bc434d8.jpg,1,0,0,True,120,80,1.5,JPEG,True,False,fd6ec7b01de42c2f18bf0088d7e2903d
val,i_706_png.rf.3a9508c2342455afc9487f1295467041.jpg,1,0,0,True,120,80,1.5,JPEG,True,False,8df43db8a23f10ed288c3bbcc0f440fa
val,i_70_jpg.rf.f89553d2a7903aaed2c67889e07ec1d3.jpg,1,0,0,True,300,251,1.1952,JPEG,True,False,c8fa427cf78cc2fbc284cd372998e66a
val,i_717_png.rf.8183b6691c3398ff4be4c7e8425b1660.jpg,1,0,0,True,120,80,1.5,JPEG,True,False,400391765f0c3dd4d251d47952aaf856
val,i_720_png.rf.16f79eb00f75af6edfc2d51711d5e3b9.jpg,1,0,0,True,120,80,1.5,JPEG,True,False,aea5ce4c51d48e1e6cf88a4a990747fb
val,i_721_png.rf.bae69cbd5ffa93c8fcfccca144317efa.jpg,1,0,0,True,120,80,1.5,JPEG,True,False,0837e2ef9e7473a29ea2467190d477a3
val,i_724_png.rf.5ccf18d272d799ab5857cb9590f94f14.jpg,1,0,0,True,120,80,1.5,JPEG,True,False,3236fcb5ac851e37a01b72f76624a308
val,i_725_png.rf.bea982185ce42e7250c1a5517f9d9edd.jpg,1,0,0,True,120,80,1.5,JPEG,True,False,17520c96737738deb8f8a72079a25b74
val,i_729_png.rf.ae110d5e1deee0abf7b239a2ee2aa61d.jpg,1,0,0,True,120,80,1.5,JPEG,True,False,e504999610f571b0e97175185b29c694
val,i_733_png.rf.ff8a0dd8e4182c9376b15f2ad9d0434a.jpg,1,0,0,True,120,80,1.5,JPEG,True,False,a935685dfcc572c450c47ee677649c90
val,i_735_png.rf.d44e340f8315fc03a37b51eb51506150.jpg,1,0,0,True,120,80,1.5,JPEG,True,False,c3d2aa972800368810c84ab8f7e73286
val,i_737_png.rf.8a1a5b4644699cfc782c2349384014f8.jpg,1,0,0,True,120,80,1.5,JPEG,True,False,9317a270ff6a83b9dd5216c531dd245e
val,i_744_png.rf.0d6353bfc3f04e55c42105b18e9fbdf9.jpg,1,0,0,True,120,80,1.5,JPEG,True,False,3869bd2c8c384e5487255b0a830235ef
val,i_746_png.rf.d1e0c6f95ef53a91c021c1bdff861263.jpg,1,0,0,True,120,80,1.5,JPEG,True,False,0521bb208cdd6972fbbb5ac37bcdd5cd
val,i_747_png.rf.195fa546bb53ad9e8b55b26143025edd.jpg,1,0,0,True,120,80,1.5,JPEG,True,False,75204ed5ad4a3af96eda637ec3e96ef1
val,i_750_png.rf.5f0f6fa3dd9f618729f6bd9831e39e9c.jpg,1,0,0,True,120,80,1.5,JPEG,True,False,7662171715a711bd8f21489fdccd6cb1
val,i_751_png.rf.5ef3cbf7cae7e116c5395b8023778cd1.jpg,1,0,0,True,120,80,1.5,JPEG,True,False,6dbf37ee6fff01a5b1d4e167d33546bb
val,i_754_png.rf.69fc2ba6b8a0798046b23afaea654e1d.jpg,1,0,0,True,120,80,1.5,JPEG,True,False,083450f860042c14ae8795fd6562dc85
val,i_755_png.rf.515b20f6eaa994a23964fc832df1e20b.jpg,1,0,0,True,120,80,1.5,JPEG,True,False,1b5bc845f5c7d1e97eec2085040cda83
val,i_758_png.rf.45e29cb8502f6d959c5bfdd18e720e16.jpg,1,0,0,True,120,80,1.5,JPEG,True,False,7372bc38fdc747cc7fca220f821a8563
val,i_764_png.rf.4f90d60f232e3b3c716c82faac24c985.jpg,1,0,0,True,120,80,1.5,JPEG,True,False,59e8a057b50115a0a8b10979a260ba59
val,i_766_png.rf.cd501a296c3bbb8d9dff413cce99d976.jpg,1,0,0,True,120,80,1.5,JPEG,True,False,a045b946435fb1715a702e1b3a31dc3e
val,i_76_jpg.rf.157193ac9b5b40e6a3f7f68298b19d12.jpg,1,0,0,True,308,229,1.345,JPEG,True,False,2b9f8e44e61bcc203f240b22a5aaed46
val,i_770_png.rf.4faff2cefae83ef5e0affdefd5618ebe.jpg,1,0,0,True,120,80,1.5,JPEG,True,False,9c78412056bee6268a60aa092456c3d0
val,i_772_png.rf.5fe026649537fb53f20177e592d33742.jpg,1,0,0,True,120,80,1.5,JPEG,True,False,d3eb0f5dfc76feb5dbec942f30b1e5a1
val,i_788_png.rf.724f1e770d7279faddfa9669d720983d.jpg,1,0,0,True,120,80,1.5,JPEG,True,False,6b6bd0ccb583c4ffea04d6f695497b9c
val,i_794_png.rf.cbaa072e63a7b2c2d827533b530115b9.jpg,1,0,0,True,120,80,1.5,JPEG,True,False,952528bc54002a0e140dd39328547231
val,i_804_png.rf.63664ebac24238a16a65b491e5b4bc08.jpg,1,0,0,True,120,80,1.5,JPEG,True,False,075af290938ee796068e019837ac9ede
val,i_805_png.rf.741a6624947c1c404c7a646c490b0e94.jpg,1,0,0,True,120,80,1.5,JPEG,True,False,7b5a15ed77fe1bab1723d1a3c89f551a
val,i_811_png.rf.c2cb38d63b5d35face12a0eec3896bf5.jpg,1,0,0,True,120,80,1.5,JPEG,True,False,f6a31d40642dda7eb3b54737991e234e
val,i_813_png.rf.2bfe7de18a071cae7b8a3016433ad783.jpg,1,0,0,True,120,80,1.5,JPEG,True,False,39a2123570f6b381fd4105410eb4511c
val,i_816_png.rf.9ceba401dfd989e10f5945f4fb6d62d3.jpg,1,0,0,True,120,80,1.5,JPEG,True,False,d542c091115c2ed80d479993a1db867b
val,i_818_png.rf.4d3e68c1ff8163a6e97b8fcef0f652ca.jpg,1,0,0,True,120,80,1.5,JPEG,True,False,a7c6e3682250f4878174deba4cb74b55
val,i_819_jpg.rf.20d6ea9f64bd07e6c76a21ae784114a5.jpg,1,0,0,True,640,321,1.9938,JPEG,True,False,f66c0aff42867adb117c362866cbce47
val,i_826_png.rf.4f14937f024bf375f0fedd14a601fedd.jpg,1,0,0,True,120,80,1.5,JPEG,True,False,47ed42fd9e99a61cc718cd89c4c4ff8d
val,i_82_jpg.rf.7b5655f93e73eed52ee8f3d2039b3cef.jpg,1,0,0,True,334,222,1.5045,JPEG,True,False,0494cc799a2ab8f2065bcfa8cb024632
val,i_843_png.rf.476ddb49d587d823a456d6f9c3658b23.jpg,1,0,0,True,120,80,1.5,JPEG,True,False,ec3a28043c3abe960454aa0058d67dde
val,i_849_png.rf.5405a13fa62db23cf96f9721214e6dc0.jpg,1,0,0,True,120,80,1.5,JPEG,True,False,47cd4dd2498ade9bb42360824acfeb22
val,i_84_jpg.rf.bacaa5520bcf84a2bc847069b8a8aa9b.jpg,1,0,0,True,253,149,1.698,JPEG,True,False,294779cee1bdab4c672c395d36ab121f
val,i_850_png.rf.3e0e35cdf5520bcf4eeeecc448a5a42d.jpg,1,0,0,True,120,80,1.5,JPEG,True,False,65536fa140d201d6f92a406cb707cda1
val,i_851_png.rf.b0b491257f25f5c3304a48c0578f6e8c.jpg,1,0,0,True,120,80,1.5,JPEG,True,False,cd595d59ed0fa218f70cbfb5a3461e10
val,i_853_png.rf.01cd4d76ee6818d8158b18383ae23dda.jpg,1,0,0,True,120,80,1.5,JPEG,True,False,65ce4c4b78844b75819660fc67dd7460
val,i_855_png.rf.27de6e60f6cdcba21fb37e299f4d0cc3.jpg,1,0,0,True,120,80,1.5,JPEG,True,False,893df23ae1a74f9f2cd87869ef79bde1
val,i_856_png.rf.9d1b303695d07c0f651484dbaaa6d547.jpg,1,0,0,True,120,80,1.5,JPEG,True,False,5887787084b0e640883d3f330533bf68
val,i_863_png.rf.5bfdeda1a9aa5cdfd8b12e8dccf57620.jpg,1,0,0,True,120,80,1.5,JPEG,True,False,41386949d4717d9224165d666617899f
val,i_867_png.rf.12918d61204042235c8b63c9232524e1.jpg,1,0,0,True,120,80,1.5,JPEG,True,False,ddf1173bd064f80126f8731f60fb3889
val,i_872_png.rf.28c56f5fb4d11e6550b3af2a9d43059f.jpg,1,0,0,True,120,80,1.5,JPEG,True,False,7c6f350251a720e23770e36845d74482
val,i_877_png.rf.28426abe78ef9ebb5cf91de94c139772.jpg,1,0,0,True,120,80,1.5,JPEG,True,False,b57493c8d7a627fdef099d0943d781e6
val,i_87_jpg.rf.8c862db3463ed1d445b0e66716cfdf0c.jpg,1,0,0,True,351,226,1.5531,JPEG,True,False,8fcd4de3b80fafe1aa1f2781cf4682cd
val,i_888_png.rf.d1d0676f0dd9069ee284b893ccc3ba91.jpg,1,0,0,True,120,80,1.5,JPEG,True,False,bb43d5aa10ca38ef80b082c856cb301a
val,i_891_png.rf.df3cb85cfdc2d2d5cb2282ed42a7594f.jpg,1,0,0,True,120,80,1.5,JPEG,True,False,bfb6941e241c87c30341f00723b28500
val,i_907_png.rf.209312b290593bfd625e767dd9301f62.jpg,1,0,0,True,120,80,1.5,JPEG,True,False,d748ad2faa6f6b0429d7c9df5e406d4e
val,i_914_png.rf.bb65cec209abedaf5c361a557d5bd960.jpg,1,0,0,True,120,80,1.5,JPEG,True,False,9ad1def0601d183078dabe9595ed9d7c
val,i_915_png.rf.176d77c235f543ea538e00341ce9b7de.jpg,1,0,0,True,120,80,1.5,JPEG,True,False,03603f1294f09bddc03de4631a7c463a
val,i_919_png.rf.91935e189bfa066f9f44b03d23834fb7.jpg,1,0,0,True,120,80,1.5,JPEG,True,False,87635c00e8c6117544a2602740c24bdf
val,i_926_png.rf.36ac6b7ce9b87171afe4185ab9dfdcc2.jpg,1,0,0,True,120,80,1.5,JPEG,True,False,639f14f70beb349c8b45190872c566c4
val,i_927_png.rf.79f1187f40b7602fb19e518ee1bdd89d.jpg,1,0,0,True,120,80,1.5,JPEG,True,False,8e3dd4ada3ff60f79afcf7b383fcc57e
val,i_92_jpg.rf.e2b8c06b3470644a7d9cb955f10e7b33.jpg,1,0,0,True,218,201,1.0846,JPEG,True,False,a82788d71386b2cbfc62cd518ad812f4
val,i_931_png.rf.44aed2f618649c6c34c664d287224c9b.jpg,1,0,0,True,120,80,1.5,JPEG,True,False,6ee44e73129b69ab90254e147cf2d791
val,i_935_png.rf.2eb429d083b1b60cdb371f9aff7df7e2.jpg,1,0,0,True,120,80,1.5,JPEG,True,False,855640032e9af938392f5387cb6a3e00
val,i_937_png.rf.3a863a3c5ea3f8b10674283da01649df.jpg,1,0,0,True,120,80,1.5,JPEG,True,False,6adad0c9f32018a95351328a0e232d33
val,i_946_png.rf.f7c0b74c066016f0105cacfe46987c60.jpg,1,0,0,True,120,80,1.5,JPEG,True,False,e5e6cb3a03e49285ce1840f628653378
val,i_948_png.rf.c00ed7dd377634c2d6e23849832c915f.jpg,1,0,0,True,120,80,1.5,JPEG,True,False,9b826e793e0f8c8f171440dc75830ed7
val,i_949_png.rf.e7a8dae61dfd3deca4dc7ff0d3a4a549.jpg,1,0,0,True,120,80,1.5,JPEG,True,False,f27cabe94abd95d7422daa1033ad5b43
val,i_94_jpg.rf.95f331aef428a27000123b196fddf060.jpg,1,0,0,True,228,197,1.1574,JPEG,True,False,101f06bd538eb1debea3df5a45aded59
val,i_955_png.rf.815021b00d6faf735565c580e641313b.jpg,1,0,0,True,120,80,1.5,JPEG,True,False,5346a154388a67422c077e7646638ec8
val,i_971_jpg.rf.56b156f8bae14c01fc5a217bcda2fdfd.jpg,1,0,0,True,63,63,1.0,JPEG,True,False,3e8604f85fe3cdbb8872f3c8a699466b
val,i_972_jpg.rf.7d7397e8d48eba5165eed7a3b2a5df84.jpg,1,0,0,True,58,58,1.0,JPEG,True,False,c42bf667760b8dbc27aedd7d72aede3d
val,i_979_jpg.rf.4feed4fe32f92f9b85e4bb94d23620e5.jpg,1,0,0,True,46,46,1.0,JPEG,True,False,7f9224b1b89794d3b8b1038845d6ad45
val,i_97_jpg.rf.dff94fd31cad6b3c05b0b6fcbdda7b12.jpg,1,0,0,True,328,262,1.2519,JPEG,True,False,4fc44aed3b6370c6dce7f9f26da2bdb2
val,i_982_jpg.rf.ec12759ef24adf5b71508d8917af5a88.jpg,1,0,0,True,54,54,1.0,JPEG,True,False,ecd37b2efb13191217f8f4880d790714
val,i_984_jpg.rf.2d09b02c231c7d58a44c94f533fdd778.jpg,1,0,0,True,64,64,1.0,JPEG,True,False,30db5dc9323f55ec0eacda1b421e55da
val,i_986_jpg.rf.f5c6adc61d86a2cb038c63b98af5a988.jpg,1,0,0,True,53,53,1.0,JPEG,True,False,e136f8194a73e76c9a3ac220ab79d6cc
val,i_989_jpg.rf.c25c20ab927651788ced398f29af8606.jpg,1,0,0,True,63,63,1.0,JPEG,True,False,21b42b41932442079b3ef3e28c8e4148
val,i_999_jpg.rf.56d6f454c265bb8cd6b5a1dff500cd67.jpg,1,0,0,True,57,57,1.0,JPEG,True,False,0aade6129e543af12cb9ce5af29cbdc6
val,i_9_jpg.rf.0a791ce2fd4b9652f50afcaee80e23f3.jpg,1,0,0,True,251,178,1.4101,JPEG,True,False,099a19de8cd2e11998be41287ef6c0f9
val,PHOTO-2023-07-27-12-41-26_jpg.rf.0c54af79d765c863475f99265175fc10.jpg,1,0,0,True,640,640,1.0,JPEG,True,False,994089e470342d8981208a0f20ce36c5
test,image_100_png.rf.99674397331552211665347c473975c4.jpg,1,1,1,True,640,407,1.5725,JPEG,True,False,447301ce987058b9128953910d3861cc
test,image_109_png.rf.e83f373323cbc72b9a855b91f9d823cc.jpg,1,1,1,True,640,460,1.3913,JPEG,True,False,bb1b95ab9620400860873e14560b31ba
test,image_112_png.rf.5389779471f1c01595fa11232a297683.jpg,1,1,1,True,418,640,0.6531,JPEG,True,False,1cb0da5b925086cc0ec5530a63df535d
test,image_115_png.rf.b1d5edb1f3018cdd7ed5a295cbec97d0.jpg,1,1,1,True,640,452,1.4159,JPEG,True,False,687e9e99badfab4ad43414f0003143a3
test,image_118_png.rf.6329041d2d58f9a6df90656dfacdb047.jpg,1,1,1,True,640,473,1.3531,JPEG,True,False,568e1f3dcb7393e0826c683b90cf8175
test,image_133_png.rf.8aefb5dbecf5f5bc0075c56f302a95a2.jpg,1,0,0,True,640,425,1.5059,JPEG,True,False,ca0a544a5512ac257e0296c9f07c2166
test,image_141_png.rf.07509ac502a60aa52eaf9fdde978404b.jpg,1,0,0,True,640,426,1.5023,JPEG,True,False,e96c77eb55d8ff0719a6fd52a90e9c5f
test,image_145_png.rf.4f0c7911536da2fb0558866d41bef491.jpg,1,1,1,True,640,380,1.6842,JPEG,True,False,de09c467925c741b9bc4feea3a74a131
test,image_151_png.rf.39dff4cac3f8d44e4432fa692458d570.jpg,1,0,0,True,640,465,1.3763,JPEG,True,False,a3eb52f014a119efaa278afd6408f3cc
test,image_161_png.rf.fc52818f14791fd3c980d7f0feea1080.jpg,1,0,0,True,640,400,1.6,JPEG,True,False,109e69af2f865aed742b13a08040dde9
test,image_164_png.rf.ed23f21d2f95a36121d208a844f4a0ba.jpg,1,0,0,True,640,449,1.4254,JPEG,True,False,431b1818a6cbe7ad6a8ab6721cdd8074
test,image_170_png.rf.1e3e8dc3ae05b637e5d0103ab018bb92.jpg,1,0,0,True,640,416,1.5385,JPEG,True,False,f0fd7c793401a231f3f993ac69deb3d9
test,image_181_png.rf.fd2c69e43c535920b4992b5722f28e46.jpg,1,0,0,True,640,458,1.3974,JPEG,True,False,044bdaeb2d3ecbcbd20476e47dfa21af
test,image_182_png.rf.72878ad4e1a09f71eff688c13086037b.jpg,1,0,0,True,640,416,1.5385,JPEG,True,False,a11e3bd006432d8547fe1a7f827ba461
test,image_188_png.rf.cf9cc43c00721fbb86fc8ed073824bde.jpg,1,1,1,True,640,424,1.5094,JPEG,True,False,595a521064e638730a3d8e9ccc332f80
test,image_205_png.rf.b6a73addc912d36ba0606769c4a4847c.jpg,1,1,1,True,524,640,0.8187,JPEG,True,False,d6c0b07a10d9e15e2c965921200f18a1
test,image_206_png.rf.b29430585c8159582492a29332ba9dba.jpg,1,1,1,True,640,426,1.5023,JPEG,True,False,1f07f27a63db911b2487a1388e44f1e4
test,image_209_png.rf.5a1bc5e126f106e8cf5a7aa82e2208d5.jpg,1,0,0,True,640,303,2.1122,JPEG,True,False,aa40dda619b21c2465c54be03fe88949
test,image_20_png.rf.e41e360967a19cca8e5862af421b3622.jpg,1,1,1,True,640,438,1.4612,JPEG,True,False,076d7293fec4ff34d76ee2d98bd703db
test,image_214_png.rf.6e4a526b47c985490a3359d210db6737.jpg,1,0,0,True,640,479,1.3361,JPEG,True,False,c5dc890e692383826dbd6b09ec4aa9b5
test,image_241_png.rf.392ba6d7e8360065f420f145c3acf913.jpg,1,1,1,True,640,445,1.4382,JPEG,True,False,942ce8e12e62cb6a7aa1008d347adf42
test,image_250_png.rf.08f3b1e53fcef68af497e9708dc044f8.jpg,1,1,1,True,640,512,1.25,JPEG,True,False,a656d31d8158b94320ea49eaaec99432
test,image_258_png.rf.7f7ad559c52c86667195fdebf8e6f36f.jpg,1,1,1,True,640,387,1.6537,JPEG,True,False,c7c8d7f8ff0cb370e21389af8ff54131
test,image_259_png.rf.322847f5991f124c8ef066c7c6f1de8f.jpg,1,1,1,True,640,496,1.2903,JPEG,True,False,51c0d4f7237b65ed13178d5be92104af
test,image_260_png.rf.fbe9a61b73516a4455116001c5af6503.jpg,1,1,1,True,608,640,0.95,JPEG,True,False,db5f2c5027294ffeb3dc184103cf4e59
test,image_261_png.rf.ba3de21d923ff81d2e40ad4fa29a9dc6.jpg,1,1,1,True,640,640,1.0,JPEG,True,False,89789e65721668b4563cb3f943fa1e8e
test,image_271_png.rf.8ac0ed0601e6c010487beabef1f0b8e2.jpg,1,0,0,True,640,465,1.3763,JPEG,True,False,25ddaa000eee22c748da8c89d39def62
test,image_284_png.rf.b0c13c5aedd315f4f11356116dc61c83.jpg,1,1,1,True,640,640,1.0,JPEG,True,False,929cd1bd93d40634002b400fae9dc99d
test,image_285_png.rf.88e74b3ef56a890c7e62c89fdff0ff7c.jpg,1,1,1,True,640,343,1.8659,JPEG,True,False,181e487fbe71854bbfd6d20fefa703ce
test,image_285_png.rf.f3c8df4c2743321d9e73bad831dbc27b.jpg,1,0,0,True,640,392,1.6327,JPEG,True,False,aa13eb21eb9428f29638c2c1126412d0
test,image_286_png.rf.caf8e01024e7ec0d05eaa15b198e7246.jpg,1,0,0,True,640,439,1.4579,JPEG,True,False,edd727399c5611ab46cb2fdd6dee9a93
test,image_290_png.rf.923277753cee78e39a3add1e0a1f3030.jpg,1,1,1,True,640,436,1.4679,JPEG,True,False,8b501797df13f65d3cb2323299db2c3b
test,image_2_png.rf.d538ac50ef7b9351846999c3e07d1ff2.jpg,1,0,0,True,640,266,2.406,JPEG,True,False,01f9f4945320cb1e08e2f943757463dd
test,image_41_png.rf.15f4b242a45065d81a48cc668a75aae3.jpg,1,1,1,True,640,360,1.7778,JPEG,True,False,cf89e950eae762a44efd831162f9c11e
test,image_59_png.rf.3c290697fc333c6f8bac21babf12db2e.jpg,1,1,1,True,640,318,2.0126,JPEG,True,False,899336c64a03f1bf286df6c33d27aa0b
test,image_5_png.rf.0fe80d7fa842d27d1da883f7f34309f1.jpg,1,1,1,True,640,380,1.6842,JPEG,True,False,de313148f80f6c83a0f143f866db0371
test,image_60_png.rf.69a03e4ef0df22feb12c210e96349093.jpg,1,1,1,True,640,405,1.5802,JPEG,True,False,3b0d1b59e1240e7839f9643c472085e9
test,image_68_png.rf.5b4d3dc0fabaf44669e62d5e2bc23e44.jpg,1,0,0,True,640,640,1.0,JPEG,True,False,a18f264d244c2efa2ebe6b6cb1343db6
test,image_68_png.rf.76c15b89ecb473af5896933a62223ce2.jpg,1,1,1,True,640,466,1.3734,JPEG,True,False,9cc73a1b5505561084770ee99c37ae20
test,image_82_png.rf.9e52e2b4dfab4cc666f26d462000ccd7.jpg,1,1,1,True,640,368,1.7391,JPEG,True,False,b6e623d99f1ec9b0785326d64b7608d9
test,image_97_png.rf.bdfc8e9d76d7e835fd0e181c8ab78f8f.jpg,1,1,1,True,640,386,1.658,JPEG,True,False,d20d253ef3e0d818d4b7f7e01805f432
test,image_9_png.rf.ee1f95ca52c616a54407ae57acf9fae0.jpg,1,1,1,True,640,247,2.5911,JPEG,True,False,eea80edd3d6d548987dac7967dbd19e5
test,i_1017_jpg.rf.2e27af2fc6fe82cbf69299739170e904.jpg,1,0,0,True,63,63,1.0,JPEG,True,True,91255fe47048f4fadefaf0a104dea34a
test,i_1019_jpg.rf.0fdbde19c25d9c8990f1dbe6c1b60baa.jpg,1,0,0,True,49,49,1.0,JPEG,True,False,20970baa55cfd3e77bb751933d96bc45
test,i_101_jpg.rf.5acaaba095b51582aa7e7cdf44e30f01.jpg,1,0,0,True,365,208,1.7548,JPEG,True,False,a9b70dbdbf4c15e8eb5aecd5dfa0e4f7
test,i_1024_jpg.rf.93f2013f96f8aee4793208c0412abef9.jpg,1,0,0,True,48,48,1.0,JPEG,True,False,934666e718e6f0898aefb9c40c22532c
test,i_1032_jpg.rf.8ab16ca807bc1cb4c0f5918d6b7a96ef.jpg,1,0,0,True,57,57,1.0,JPEG,True,False,06cbca6f98194f220ffd1735643efc5a
test,i_1033_jpg.rf.e8e42b31a9f17976effc7a41fde3dea1.jpg,1,0,0,True,45,45,1.0,JPEG,True,False,99a5be9ca6c56c3fa92ae124d20a14ea
test,i_1057_jpg.rf.201596b4c67ea16f6a5d386409630884.jpg,1,0,0,True,61,61,1.0,JPEG,True,False,1a793ba29dd62911c7de8b4aec26d1e2
test,i_1060_jpg.rf.77f266739ab8b2fd3afe10d654ffbf47.jpg,1,0,0,True,60,60,1.0,JPEG,True,False,7b55858f94ee206b10c3d6138eb3d7ca
test,i_1063_jpg.rf.dd5f7d1cc75e22c69123114b10fd35c2.jpg,1,0,0,True,49,49,1.0,JPEG,True,False,94f4869b49520ce4dd4c27cede3e59cb
test,i_1065_jpg.rf.73c38cc41d68fb6d2f64b48cf3f3ca3b.jpg,1,0,0,True,60,60,1.0,JPEG,True,False,345c784b45b72278531840b950f255a1
test,i_1076_jpg.rf.d1417d69f9bd40c191c286cec98bcc6b.jpg,1,0,0,True,54,54,1.0,JPEG,True,False,b4a01e06e405c7b524e2f4e30691179f
test,i_1095_jpg.rf.eb390730ddd0c1118c4ab796418707c2.jpg,1,0,0,True,64,64,1.0,JPEG,True,False,38e9816668e6788f83ca685c971b02fc
test,i_1117_jpg.rf.d523011ac8f5926e284aed0095dacbb7.jpg,1,0,0,True,57,57,1.0,JPEG,True,True,f239f984c21c084de7f61a4ac8189090
test,i_1124_jpg.rf.d24ea323d7e8d3497570d0c9af55521a.jpg,1,0,0,True,54,54,1.0,JPEG,True,False,5b3746e06a60af587b9056bfdc03d28b
test,i_1138_jpg.rf.818b866ca44fed60acce1430f3087595.jpg,1,0,0,True,59,59,1.0,JPEG,True,False,ed004ffa25ce1ca4bf250c7c4e6881d0
test,i_114_jpg.rf.0b03b69f2eb570cf5d812a0b247ff2dd.jpg,1,0,0,True,154,155,0.9935,JPEG,True,False,4885c78f6795f62be78b42770d3ea37f
test,i_1160_jpg.rf.9754a10482318c3ef203a4d1855c968a.jpg,1,0,0,True,46,46,1.0,JPEG,True,False,0f8882655ee831b17982de212c62a0a4
test,i_1164_jpg.rf.f443b1ad8a88b7a1f53545ca5f5ec5bc.jpg,1,0,0,True,57,57,1.0,JPEG,True,False,5cbe4bdd76411cd71875bb6b5528ba0d
test,i_1165_jpg.rf.2c998793919f409e3138d9dfd252afab.jpg,1,0,0,True,48,48,1.0,JPEG,True,False,114db9251b70f68f10c193e3c43c3418
test,i_1166_jpg.rf.eb9a7fa723d06503986597d20398244d.jpg,1,0,0,True,52,52,1.0,JPEG,True,False,c3d08d2a855d263b8a511fcbf21856fc
test,i_116_jpg.rf.74cdbfc152721f1e0088d7e44995e228.jpg,1,0,0,True,295,325,0.9077,JPEG,True,False,0dab8511bb94522331ed7428d3c12ba7
test,i_1176_jpg.rf.324429de1607c7aed7b59b1b080c53c5.jpg,1,0,0,True,53,53,1.0,JPEG,True,False,43dd3906bd6d0c250804ba573316ba44
test,i_1189_jpg.rf.54169d037a0f9f81190387f657245fe5.jpg,1,0,0,True,43,43,1.0,JPEG,True,False,9f7c158de1e9ee9c3c09679ceb94f53c
test,i_1194_jpg.rf.eecda5067da444e52726497491e7824c.jpg,1,0,0,True,51,51,1.0,JPEG,True,False,1ce0384c1b7f63eeba6e51fef415f238
test,i_1217_jpg.rf.eac9a83f0c1f881935b837ab2946a80a.jpg,1,0,0,True,54,54,1.0,JPEG,True,False,213568b4b404556b596259acf28cb6dd
test,i_1259_jpg.rf.97d128bd1e7748f7aa942d38375729ea.jpg,1,0,0,True,53,53,1.0,JPEG,True,False,d56feebe711f6d73543d81ae8f421858
test,i_1260_jpg.rf.578076b098c48f7817be08743f504799.jpg,1,0,0,True,57,57,1.0,JPEG,True,False,ffa152803c240b813cd2e7c686c1a57d
test,i_1269_jpg.rf.1beebc5cbe82efbb8a429ad110626b13.jpg,1,0,0,True,46,46,1.0,JPEG,True,False,4bdb69b50409160446bc957bd7a7a2ed
test,i_1289_jpg.rf.c219d53aaa099c4fea55e27b0cca1bd9.jpg,1,0,0,True,48,48,1.0,JPEG,True,False,94b5e085b54db54467fc48edbac63da4
test,i_1301_jpg.rf.7c871d6df3d2225e935a2acadc6cf35d.jpg,1,0,0,True,55,55,1.0,JPEG,True,False,2b74c6bdb8405f049372ebb2cf5feb86
test,i_1322_jpg.rf.f3132175aa257541f53eaecb70623474.jpg,1,0,0,True,61,61,1.0,JPEG,True,False,04afbbd16e9224f9325da6231044dc0d
test,i_1329_jpg.rf.0d67ef33416d7e601df8da8144a6c769.jpg,1,0,0,True,48,48,1.0,JPEG,True,False,c0b63d8a79ce03741ca411d1874e8ed4
test,i_132_jpg.rf.061a4f711b6a736562e82633e95fb9c8.jpg,1,0,0,True,250,199,1.2563,JPEG,True,False,8ed89630ce40e89f39759fceb45661ae
test,i_1336_jpg.rf.f1dc1ee6621f0dd6db9d857b51152466.jpg,1,0,0,True,51,51,1.0,JPEG,True,False,81205afcbf9ede8749c3f59ee5e25f9a
test,i_1345_jpg.rf.daaa2e04539f1849822438c42432fce2.jpg,1,0,0,True,61,61,1.0,JPEG,True,False,1c968bfe3cb5535441c832dc843914fc
test,i_1347_jpg.rf.ff7d6352f7d22cb5c4433442a56f7c1a.jpg,1,0,0,True,54,54,1.0,JPEG,True,True,52a873f1ce86ff2271adf085086e183f
test,i_134_jpg.rf.f14290af9280db2838dc525a2cbc3aba.jpg,1,0,0,True,250,147,1.7007,JPEG,True,False,f92309168db146fecb5426333721867d
test,i_1351_jpg.rf.93f3db291cd7bab53093772c40c34038.jpg,1,0,0,True,66,66,1.0,JPEG,True,False,6d8000e661cf3d6ee0497def04345152
test,i_1357_jpg.rf.8dacdc1274e863bab576201ed97809a6.jpg,1,0,0,True,67,67,1.0,JPEG,True,False,e27b2a70175d13a73b5b4b6b4ec42bfd
test,i_1385_jpg.rf.38e53d258f5eb4bb2c7ced72f3985a7f.jpg,1,0,0,True,50,50,1.0,JPEG,True,False,49dd22f91ac805c42c102b7b7a3eb46e
test,i_1386_jpg.rf.e6e02e7599bd92a67c5cb76e97a4d407.jpg,1,0,0,True,46,46,1.0,JPEG,True,False,29d6aa3c551d69b8c1ea7fdd0418ac34
test,i_1395_jpg.rf.b3af356b9aa88b7f4314e6edbb263512.jpg,1,0,0,True,62,62,1.0,JPEG,True,False,7571031c53e0028294f7d4ff53f2e728
test,i_142_jpg.rf.0cb3f820a995718da53dcefae2884659.jpg,1,0,0,True,289,169,1.7101,JPEG,True,False,97bc6cd551e435b4dda5ba96c0625244
test,i_1459_jpg.rf.e17adeab1a58671cf0d18f60f1234e92.jpg,1,0,0,True,57,57,1.0,JPEG,True,False,47e2418acb7df358f13ccde983e28340
test,i_1462_jpg.rf.fed92906ece94f8edb9e29ac9da85c15.jpg,1,0,0,True,64,64,1.0,JPEG,True,False,4980c5bfa7434a7e1a2a3519e414d9e0
test,i_1463_jpg.rf.aa4cba2dec2239434198da7c50ea82ae.jpg,1,0,0,True,61,61,1.0,JPEG,True,False,a49c37ab7412c9012c6c7542f1417588
test,i_1467_jpg.rf.c8f3e9026d610c4e36b1bc805e845d49.jpg,1,0,0,True,60,60,1.0,JPEG,True,False,c3d67559bd771f0ad4a5dcd1a43a6c8e
test,i_1474_jpg.rf.139127ad7364f54eebee6792613325e1.jpg,1,0,0,True,58,58,1.0,JPEG,True,False,646b545b8eb77ba267941c7bb3f2770f
test,i_148_jpg.rf.75fc5be846ad17327f73f7ca52868230.jpg,1,0,0,True,232,180,1.2889,JPEG,True,False,b64782d8f581fa1d29675abc07b76bfc
test,i_1490_jpg.rf.7287feadd4074fac4198917221fab84d.jpg,1,0,0,True,60,60,1.0,JPEG,True,False,bd30dac004b6801715db9ee719b4ca30
test,i_1491_jpg.rf.153397a8fb7ee9c2fb902c5e3f6e9b6e.jpg,1,0,0,True,57,57,1.0,JPEG,True,False,7f255369016b5462654de9783acfa4a9
test,i_1496_jpg.rf.095605edd1c62276aa7776b0bdd2fce4.jpg,1,0,0,True,54,54,1.0,JPEG,True,False,832d97fb44e48aa2de8ef4cf15fdbd51
test,i_1506_jpg.rf.4825a4bacca9bc17c964f25810cd643c.jpg,1,0,0,True,70,70,1.0,JPEG,True,False,c29125a6c928f64d66962d6ccf0d715d
test,i_151_jpg.rf.f485c10b7d90a8c32287d04ac6fb8254.jpg,1,0,0,True,295,198,1.4899,JPEG,True,False,f864ace3a4df747aaa88ea50ef0697d1
test,i_1528_jpg.rf.0d843c47ac739832cbdf03e42fdd0519.jpg,1,0,0,True,55,55,1.0,JPEG,True,False,f97bd0dda9194ec020c591306cf487ba
test,i_1529_jpg.rf.ea50651daa38689d4d0610c19e433336.jpg,1,0,0,True,59,59,1.0,JPEG,True,False,a25a0ace362f750664c25ba8ba1a9149
test,i_1544_jpg.rf.a8106feeb5a46a320e25fd451a069693.jpg,1,0,0,True,69,69,1.0,JPEG,True,False,080124dd7cbeb035bb689d4769b66bda
test,i_1554_jpg.rf.2c426fbe5ae3fdfbc3c5222469eef3de.jpg,1,0,0,True,55,55,1.0,JPEG,True,False,d1db502288cdfe4ddbd38bb537a81729
test,i_1562_jpg.rf.4ddd5ecb3e39edefc7326bb7e4e3f825.jpg,1,0,0,True,57,57,1.0,JPEG,True,False,305c72025fbbe0c95f4a6aebbc6b53e4
test,i_1564_jpg.rf.d563fb601c5a62f3a52825b09ab90a24.jpg,1,0,0,True,69,69,1.0,JPEG,True,False,37e02ec2467832fe706512d780d845a3
test,i_1567_jpg.rf.4d3a5adfc258144029c91ed82bec31b7.jpg,1,0,0,True,51,51,1.0,JPEG,True,False,105d74777d1fd13cdefdea99a42b06d6
test,i_156_jpg.rf.e7e8ff67cf345c06c9c5dfde5d49ea50.jpg,1,0,0,True,166,177,0.9379,JPEG,True,False,a4cd9e177e43398dba165d98965061bc
test,i_1579_jpg.rf.2049eb8acb50d7e09d09e78c52368e01.jpg,1,0,0,True,67,67,1.0,JPEG,True,False,90f68560164d3ac33578d719a712461a
test,i_1581_jpg.rf.f314acf8c554076d23faf8f26be9b160.jpg,1,0,0,True,53,53,1.0,JPEG,True,False,eadb28c59db6027be1a2fa60e840b375
test,i_1583_jpg.rf.b6fe9dbaffdb4c0d47a03a017469ed42.jpg,1,0,0,True,73,73,1.0,JPEG,True,False,cea2fca63934733d9900d82978c74495
test,i_1585_jpg.rf.3f3e57682cb1e107cde3377d5d2b9025.jpg,1,0,0,True,41,41,1.0,JPEG,True,False,fa3ed3daaeb521feba0651935ba7149b
test,i_1596_jpg.rf.29bea7fd391686240e7959f7afa5ebe7.jpg,1,0,0,True,58,58,1.0,JPEG,True,False,278a8b766381cabab1cb2e64a0005b75
test,i_178_jpg.rf.f8a52f16319a12affbfea190c5e8392c.jpg,1,0,0,True,146,126,1.1587,JPEG,True,False,63495cfdad8c475db5abf7daa4278cf6
test,i_185_jpg.rf.3e5aa2c4dce162c27e388c835e366baa.jpg,1,0,0,True,268,183,1.4645,JPEG,True,False,6319baa7ee956947391b387d63e48a26
test,i_190_jpg.rf.6f853ec4c6075b9861f942f7006a1cdb.jpg,1,0,0,True,207,171,1.2105,JPEG,True,False,6ea7a8736ecf9b2a370966ae04ae9604
test,i_201_jpg.rf.0692b955c11505e4a7fbac9bf4136914.jpg,1,0,0,True,229,171,1.3392,JPEG,True,False,807d2745c09eced74727f5bed43faf9d
test,i_214_jpg.rf.c18532575284f155142cd3a5c83a3e37.jpg,1,0,0,True,258,148,1.7432,JPEG,True,False,73182f011db976d7a1ff890df97136fd
test,i_249_jpg.rf.fe8cbe1f1fa728a48ba6705f2052baac.jpg,1,0,0,True,205,152,1.3487,JPEG,True,False,08762514f0fca6c9bebae49cc5e277e3
test,i_257_jpg.rf.cede42e27b94110e75e59291bbfa426a.jpg,1,0,0,True,196,177,1.1073,JPEG,True,False,d70179ae239344c64329a1f2ace5acc2
test,i_259_jpg.rf.2677d64fc5d3bc9d3a531872889dae29.jpg,1,0,0,True,358,217,1.6498,JPEG,True,False,48e95a77f320e243f4b180965b7a10cc
test,i_264_jpg.rf.c51e4c555c4e4edcb97482f2a0cd3480.jpg,1,0,0,True,232,146,1.589,JPEG,True,False,e884278357da158e189c4123f2c7c29f
test,i_278_jpg.rf.35a8011b2535eb31ba8deec14df92d6a.jpg,1,0,0,True,247,189,1.3069,JPEG,True,False,4a28fd53a0229a453745d15dbaa117ac
test,i_29_jpg.rf.3861995d251ad471be7dd6bd6e95c982.jpg,1,0,0,True,311,181,1.7182,JPEG,True,False,21897d54c7ad47eaf5d8e0d7c30869b6
test,i_313_jpg.rf.6d349cf24e528e6aae97dceb6bdc357d.jpg,1,0,0,True,301,238,1.2647,JPEG,True,False,12c54448af1bf97ea5e686c3f12112fc
test,i_332_jpg.rf.96b9af83a0ed1033cf1e98bb387d80ee.jpg,1,0,0,True,88,76,1.1579,JPEG,True,False,1455357c436632138589326eb12f0541
test,i_334_jpg.rf.675a62f645ddb1a94a04c727bf237fab.jpg,1,0,0,True,301,238,1.2647,JPEG,True,False,c25729408b4edb6b29883f8ffc2c15d8
test,i_355_jpg.rf.534110e308e5bde0a80a001279b454f6.jpg,1,0,0,True,328,262,1.2519,JPEG,True,False,626c40483bda0574ba5432fe4efcf003
test,i_377_jpg.rf.55f4bb37c19a9357cd8cade0763da564.jpg,1,0,0,True,426,411,1.0365,JPEG,True,False,c23dc36589832b874ffd50b935ee8f22
test,i_38_jpg.rf.4beaf2ceed17ef90f52563ad94c0fa2b.jpg,1,0,0,True,516,368,1.4022,JPEG,True,False,a619418d9ec700969541b641ffdf5ada
test,i_395_png.rf.23dde87f26c1b64946099638b61835da.jpg,1,0,0,True,120,80,1.5,JPEG,True,False,238a26bb54f8ace0bd5bc37b7d445574
test,i_399_png.rf.c2d33f0692018fb6d58a432dab5076ca.jpg,1,0,0,True,120,80,1.5,JPEG,True,False,6441d0414f85e48fe6489fa6da005941
test,i_406_png.rf.9d21875edf805cbc7db769952b9a5d06.jpg,1,0,0,True,120,80,1.5,JPEG,True,False,ba7daa1e5ad7070d319f18205ac18107
test,i_413_png.rf.9f815be07b701ff0d5079813510de3aa.jpg,1,0,0,True,120,80,1.5,JPEG,True,False,36b13a120b9d0e9de4848c8c978b8a45
test,i_439_png.rf.b0b6124329b10a56cc2e0d4093e8d82f.jpg,1,0,0,True,120,80,1.5,JPEG,True,False,d318042fd850b09d8f254d2ddca83746
test,i_446_png.rf.408f471a0bbb2cfe724ab62065e62dc2.jpg,1,0,0,True,120,80,1.5,JPEG,True,False,aa5db97dfad4092b9d4a80aa755de505
test,i_44_jpg.rf.3ab8b4ff83596b25a395095e8031e419.jpg,1,0,0,True,304,272,1.1176,JPEG,True,False,58abd1b6cb7010aaf3a4dde44229581c
test,i_454_png.rf.762d6263905aea5cff8c3822c5f701d3.jpg,1,0,0,True,120,80,1.5,JPEG,True,False,579189793bed1d7895620087774c0a27
test,i_458_png.rf.d24aaa31078c298f1212ae2d482a3677.jpg,1,0,0,True,120,80,1.5,JPEG,True,False,347a78dcdfe1516c6c2a9442feb2b387
test,i_45_jpg.rf.5621c1d59f2363c1d5a53083a77b5fcf.jpg,1,0,0,True,188,156,1.2051,JPEG,True,False,230ae66162d767012cddccb4a56808b9
test,i_460_png.rf.7506b40c5ca53083fd6c42f1ee638bf1.jpg,1,0,0,True,120,80,1.5,JPEG,True,False,a23ff87b2ab186bb70fbbfd7816607a1
test,i_471_png.rf.3131f130ed1a32b41d0936f779bf99ad.jpg,1,0,0,True,120,80,1.5,JPEG,True,False,b424b71ef29bc32998debe605923fa0d
test,i_501_png.rf.f9bfe5d452024dc436a68568bb6ae035.jpg,1,0,0,True,120,80,1.5,JPEG,True,False,4a1137177278e366e6db85d09cc45df3
test,i_509_png.rf.493e8893be77d5d4b633987a5da92b7b.jpg,1,0,0,True,120,80,1.5,JPEG,True,False,49b3916494427221c31ecb66477df6eb
test,i_519_png.rf.a8acd5f5289d0cb0b9e6bb4d1055e7d9.jpg,1,0,0,True,120,80,1.5,JPEG,True,False,c31f66b25d456afbbc47455b5fc7df2f
test,i_535_png.rf.cd9f4b32c8a3d2c3dae41e056d6e972b.jpg,1,0,0,True,120,80,1.5,JPEG,True,False,ddb90507743c5649e0a5f2d926b35d06
test,i_558_png.rf.0d5f10c47904f0992702adbfbd099164.jpg,1,0,0,True,120,80,1.5,JPEG,True,False,48fc7ea4a60e7e6c5ab4fd3b62324ac5
test,i_592_png.rf.76d0d339fae5251350040a4029014eba.jpg,1,0,0,True,120,80,1.5,JPEG,True,False,aec54950229ec7984024cf209c340376
test,i_593_png.rf.f8747b2947c67e5742c41ac2e965e3b1.jpg,1,0,0,True,120,80,1.5,JPEG,True,False,482bb615a9a6a7674cc50a43898e6665
test,i_597_png.rf.a5cd1da72bcecd03fedd891eb6cccce7.jpg,1,0,0,True,120,80,1.5,JPEG,True,False,039be52a6d27f7dbdd748565217b96bd
test,i_59_jpg.rf.8958eecf834beaf79e43d134e44b14d0.jpg,1,0,0,True,179,133,1.3459,JPEG,True,False,489ba2273846a4edb976510da328837f
test,i_601_png.rf.9c53ffc96d700a82425aa564c50409f4.jpg,1,0,0,True,120,80,1.5,JPEG,True,False,9b6de9f416c66747f2af6f95d8cec315
test,i_603_png.rf.2e2c937df86cc6ae8a05e7c1cc218a27.jpg,1,0,0,True,120,80,1.5,JPEG,True,False,144e17a09a60289b2a71a09313022600
test,i_637_png.rf.4bb3542d3bfb42253092233f52cd85d8.jpg,1,0,0,True,120,80,1.5,JPEG,True,False,4524163361e0c189ca3653d1683b27b1
test,i_638_png.rf.8e504683f9d703b24005614ec3a815a6.jpg,1,0,0,True,120,80,1.5,JPEG,True,False,60d756c893ad6d05b68a442da02caf80
test,i_668_png.rf.197537b7b6815ae54f85004458a879ad.jpg,1,0,0,True,120,80,1.5,JPEG,True,False,fbe793f5f5d6e891f5b99452ee7bc9a6
test,i_670_png.rf.abcd9ec1d203bb65f549e3e5785b8837.jpg,1,0,0,True,120,80,1.5,JPEG,True,False,f5e8859eacbefb4be4ad3a1519999a05
test,i_684_png.rf.79900bf58f4248832278682ef8444a17.jpg,1,0,0,True,120,80,1.5,JPEG,True,False,c1a6d87b6356e9ba02f73f13b8d08a61
test,i_689_png.rf.4b8859488db115cfb8cf624d7bd7c3f0.jpg,1,0,0,True,120,80,1.5,JPEG,True,False,164484c549b2636e4f0e3b37f07b74bc
test,i_693_png.rf.7ebde620228b9bce0bd425f8b683b98f.jpg,1,0,0,True,120,80,1.5,JPEG,True,False,2e2357738bc70329b222d945478391f2
test,i_6_jpg.rf.656e7db6074c5e9a96d62604fdc7e0cf.jpg,1,0,0,True,254,183,1.388,JPEG,True,False,839b8eddb0ddab82f68773b541590fb7
test,i_712_png.rf.be485985a1c374efde8f050b1a6211c8.jpg,1,0,0,True,120,80,1.5,JPEG,True,False,b898292d96b7425b27444a62148d7eae
test,i_722_png.rf.08e2698a95b5eeeceb6c799f2aa227c4.jpg,1,0,0,True,120,80,1.5,JPEG,True,False,bd6aa25dfa9add9eb9b4c7e8da377907
test,i_738_png.rf.9018a25e02325075ac196fcf00e7b682.jpg,1,0,0,True,120,80,1.5,JPEG,True,False,03e2e41a76dad38657d5956523fd1d0e
test,i_759_png.rf.e80459e7817111b45e438e9134b0e333.jpg,1,0,0,True,120,80,1.5,JPEG,True,False,fd481c6597f6fe21cf720ae41acd254a
test,i_773_png.rf.42c324c1dc2203b2f475d1f4b9daddd8.jpg,1,0,0,True,120,80,1.5,JPEG,True,False,4470142bb3ef127e9069535ad8efac17
test,i_783_png.rf.2fa31eec08f6aeb64c35c1fc9db2c2ed.jpg,1,0,0,True,120,80,1.5,JPEG,True,False,1aaedd5d82340dd5913c886aae7f75fa
test,i_784_png.rf.6ab0dd652d8ad4038020c7ca1f3e5765.jpg,1,0,0,True,120,80,1.5,JPEG,True,False,3d323f1f1c02a24da3c937b12a0ce040
test,i_790_png.rf.de611ac9afac12af5d79b65d822e417d.jpg,1,0,0,True,120,80,1.5,JPEG,True,False,637bc9761e89ca1d3bbb097b43696ec4
test,i_795_png.rf.81a18b362be79c15ad064f738550c38c.jpg,1,0,0,True,120,80,1.5,JPEG,True,False,7c116f73f03dfe19d1b5d701f8a87f82
test,i_817_png.rf.e83d66278a335088237317666feaef8e.jpg,1,0,0,True,120,80,1.5,JPEG,True,False,94dfb319654e519493fc86db867603b8
test,i_836_png.rf.12f8e4b7960d8cc5953a9ff25fce823f.jpg,1,0,0,True,120,80,1.5,JPEG,True,False,cca1d5268c77fc688f3acc3c5c0644a0
test,i_842_png.rf.85edf9816b76d4dc9dc725a660215f0d.jpg,1,0,0,True,120,80,1.5,JPEG,True,False,1a21e50f4f4ff3c228af3e5affc4a6aa
test,i_845_png.rf.35a42629abb52217e9d7b743a21e71f8.jpg,1,0,0,True,120,80,1.5,JPEG,True,False,a4336f939275dc57707fb2d554fc919a
test,i_848_png.rf.81d3f7076b04141cd7a03e2fdde38d29.jpg,1,0,0,True,120,80,1.5,JPEG,True,False,45fa565131fb8cbf10cd9042a6bfcc8a
test,i_868_png.rf.7c9a9bf9223398f076f56803f2055808.jpg,1,0,0,True,120,80,1.5,JPEG,True,False,277093692e13a19c8aefdb623a2f873e
test,i_871_png.rf.071bb7f1810db66b34088564455b8003.jpg,1,0,0,True,120,80,1.5,JPEG,True,False,5f7357848062ef174a877713b1a802fe
test,i_875_png.rf.12488932257db864d2e265f67a5eb870.jpg,1,0,0,True,120,80,1.5,JPEG,True,False,28f419cd41c5131df20b1558cf9eb261
test,i_879_png.rf.6c107de27c207faec4ed54b4cbc77f7f.jpg,1,0,0,True,120,80,1.5,JPEG,True,False,a413c4e7d4aca1df344bdbf2b62b420a
test,i_883_png.rf.fb647f091381efbbeff4e695e6f0c876.jpg,1,0,0,True,120,80,1.5,JPEG,True,False,f1268ab2be6b88577d8211eb37e67012
test,i_887_png.rf.97d4f0b1122c406f4f13e8a72e66b40d.jpg,1,0,0,True,120,80,1.5,JPEG,True,False,97a7a457115e9ec5f260ac4a5a705e47
test,i_892_png.rf.e21be302cc910183d93cb525b7d8b018.jpg,1,0,0,True,120,80,1.5,JPEG,True,False,7912e37dcd56299b54d0a62bc75d2034
test,i_902_png.rf.f01302e1e5e605a876692b3574816797.jpg,1,0,0,True,120,80,1.5,JPEG,True,False,3a2d70c1dbfe37636fa81083708ce486
test,i_90_jpg.rf.9486a8180c8ea043aab729f26f9573e2.jpg,1,0,0,True,312,239,1.3054,JPEG,True,False,6fe2392cfe90738f2f907d3403ed9775
test,i_921_png.rf.0642eacdba39690def8a5f338e24e1ba.jpg,1,0,0,True,120,80,1.5,JPEG,True,False,dbc0fe397ea1bfc5a6d5699e231c874f
test,i_929_png.rf.a51df2c0651f970806bf33a7f73e8abf.jpg,1,0,0,True,120,80,1.5,JPEG,True,False,f8dc08c86749aa9c355e49fa49e52cc6
test,i_933_png.rf.7a390e2c3b06fdf8867f2aa17e5a4031.jpg,1,0,0,True,120,80,1.5,JPEG,True,False,b1b481f805b9d4397a32e7f2fed8dc3b
test,i_936_png.rf.3281956e1f9b4bdb0f9341e0323d8fd8.jpg,1,0,0,True,120,80,1.5,JPEG,True,False,08a27d80252a654e318a9bfd4eb21263
test,i_941_png.rf.bb9a77e91848a1007777e00909f40c31.jpg,1,0,0,True,120,80,1.5,JPEG,True,False,df16f75126748db54bcdc286a937165a
test,i_951_png.rf.b0d7b67ec10916ce3828745c84ddf56b.jpg,1,0,0,True,120,80,1.5,JPEG,True,False,504683e104eaf6d908661490f8315085
test,i_961_png.rf.84c2dc3aacbff328a0208494d7d01bdf.jpg,1,0,0,True,120,80,1.5,JPEG,True,False,94a004fa8135389216cb1b42c324620e
test,i_962_png.rf.0af52ec1000d32d5da2b101a607c8c83.jpg,1,0,0,True,120,80,1.5,JPEG,True,False,b7926a266d38282490f57189fea2f2bc
test,i_964_png.rf.53c832c85d8b9c7d9083f27c2fe8081e.jpg,1,0,0,True,120,80,1.5,JPEG,True,False,6b7f0293e17a90ff05f69e7e81b034f0
test,i_967_jpg.rf.5a8e1752a4063c1d348f188946b4e97c.jpg,1,0,0,True,60,60,1.0,JPEG,True,False,5c3434055b6bedee93671ccd749f7a4c
test,i_973_jpg.rf.e890f38a0b9e89d9c6a9c44a056867a7.jpg,1,0,0,True,52,52,1.0,JPEG,True,False,6c712f7b6246937adf1ae1641c8fbf3b
test,i_976_jpg.rf.9212a18be8a559ecf436ef4f4d4dc7d5.jpg,1,0,0,True,46,46,1.0,JPEG,True,False,2ce2ff4d45a238772eac53273ba647ba
test,i_993_jpg.rf.e0af3ab3e4f4ab0a51f0a611291d5537.jpg,1,0,0,True,44,44,1.0,JPEG,True,True,c47dbba5bbe582ebc909041f9e8e447a
test,i_997_jpg.rf.55c7b971c12554b917f45456175427a0.jpg,1,0,0,True,42,42,1.0,JPEG,True,True,ee00a2aaa6764102b35ad2b799a524cf
test,PHOTO-2023-07-27-12-08-36-1-_jpg.rf.d68c76c789f00adcbf3ce983e4a00cdf.jpg,1,0,0,True,288,640,0.45,JPEG,True,False,3b2d4128628d74fa7c852120f1771c57
test,PHOTO-2023-07-27-12-41-27-2-_jpg.rf.4533779b9eb7480a5e0ace6681db72f0.jpg,1,1,1,True,480,640,0.75,JPEG,True,False,357a8155abf179be8fa938868da18926
test,PHOTO-2023-07-27-12-41-28-1-_jpg.rf.9360242d371dfa2fa1d528be481dabb4.jpg,1,1,1,True,480,640,0.75,JPEG,True,False,291b502b20d8c815f12f3c8f543969e0
test,PHOTO-2023-07-27-12-41-28_jpg.rf.4ed1f44bf664ecaadcdd9b45d4e36868.jpg,1,0,0,True,480,640,0.75,JPEG,True,False,464ff6d3c4f0bd00812ba777a28d59b7
