original_image_path,processed_image_path,target_class,target_label
D:\Practice Projects\Disease Detection\dataset\Messidor-2+EyePac_Balanced\0\20051020_44284_0100_PP.png,D:\Practice Projects\Disease Detection\processed_dataset\Class 0\Messidor-2+EyePac_Balanced__train__bd7f8e122e__20051020_44284_0100_PP.png,0,Class 0
D:\Practice Projects\Disease Detection\dataset\Messidor-2+EyePac_Balanced\0\20051020_44338_0100_PP.png,D:\Practice Projects\Disease Detection\processed_dataset\Class 0\Messidor-2+EyePac_Balanced__train__2c478d2c32__20051020_44338_0100_PP.png,0,Class 0
D:\Practice Projects\Disease Detection\dataset\Messidor-2+EyePac_Balanced\0\20051020_44400_0100_PP.png,D:\Practice Projects\Disease Detection\processed_dataset\Class 0\Messidor-2+EyePac_Balanced__train__a285124685__20051020_44400_0100_PP.png,0,Class 0
D:\Practice Projects\Disease Detection\dataset\Messidor-2+EyePac_Balanced\0\20051020_44431_0100_PP.png,D:\Practice Projects\Disease Detection\processed_dataset\Class 0\Messidor-2+EyePac_Balanced__train__d72985cbf3__20051020_44431_0100_PP.png,0,Class 0
D:\Practice Projects\Disease Detection\dataset\Messidor-2+EyePac_Balanced\0\20051020_44982_0100_PP.png,D:\Practice Projects\Disease Detection\processed_dataset\Class 0\Messidor-2+EyePac_Balanced__train__0a0b1b7f14__20051020_44982_0100_PP.png,0,Class 0
D:\Practice Projects\Disease Detection\dataset\Messidor-2+EyePac_Balanced\0\20051020_57157_0100_PP.png,D:\Practice Projects\Disease Detection\processed_dataset\Class 0\Messidor-2+EyePac_Balanced__train__ad6879c6c2__20051020_57157_0100_PP.png,0,Class 0
D:\Practice Projects\Disease Detection\dataset\Messidor-2+EyePac_Balanced\0\20051020_58065_0100_PP.png,D:\Practice Projects\Disease Detection\processed_dataset\Class 0\Messidor-2+EyePac_Balanced__train__81e22f3e9d__20051020_58065_0100_PP.png,0,Class 0
D:\Practice Projects\Disease Detection\dataset\Messidor-2+EyePac_Balanced\0\20051020_62577_0100_PP.png,D:\Practice Projects\Disease Detection\processed_dataset\Class 0\Messidor-2+EyePac_Balanced__train__583787dc39__20051020_62577_0100_PP.png,0,Class 0
D:\Practice Projects\Disease Detection\dataset\Messidor-2+EyePac_Balanced\0\20051020_62615_0100_PP.png,D:\Practice Projects\Disease Detection\processed_dataset\Class 0\Messidor-2+EyePac_Balanced__train__8817b464ef__20051020_62615_0100_PP.png,0,Class 0
D:\Practice Projects\Disease Detection\dataset\Messidor-2+EyePac_Balanced\0\20051020_63269_0100_PP.png,D:\Practice Projects\Disease Detection\processed_dataset\Class 0\Messidor-2+EyePac_Balanced__train__6fbeeb533d__20051020_63269_0100_PP.png,0,Class 0
D:\Practice Projects\Disease Detection\dataset\Messidor-2+EyePac_Balanced\0\20051020_63337_0100_PP.png,D:\Practice Projects\Disease Detection\processed_dataset\Class 0\Messidor-2+EyePac_Balanced__train__d5b4922f70__20051020_63337_0100_PP.png,0,Class 0
D:\Practice Projects\Disease Detection\dataset\Messidor-2+EyePac_Balanced\0\20051020_64249_0100_PP.png,D:\Practice Projects\Disease Detection\processed_dataset\Class 0\Messidor-2+EyePac_Balanced__train__cb0c8e0664__20051020_64249_0100_PP.png,0,Class 0
D:\Practice Projects\Disease Detection\dataset\Messidor-2+EyePac_Balanced\0\20051020_64388_0100_PP.png,D:\Practice Projects\Disease Detection\processed_dataset\Class 0\Messidor-2+EyePac_Balanced__train__f3773d050b__20051020_64388_0100_PP.png,0,Class 0
D:\Practice Projects\Disease Detection\dataset\Messidor-2+EyePac_Balanced\0\20051020_64836_0100_PP.png,D:\Practice Projects\Disease Detection\processed_dataset\Class 0\Messidor-2+EyePac_Balanced__train__9c1aef2e89__20051020_64836_0100_PP.png,0,Class 0
D:\Practice Projects\Disease Detection\dataset\Messidor-2+EyePac_Balanced\0\20051021_36380_0100_PP.png,D:\Practice Projects\Disease Detection\processed_dataset\Class 0\Messidor-2+EyePac_Balanced__train__44e6d2c0b2__20051021_36380_0100_PP.png,0,Class 0
D:\Practice Projects\Disease Detection\dataset\Messidor-2+EyePac_Balanced\0\20051021_36476_0100_PP.png,D:\Practice Projects\Disease Detection\processed_dataset\Class 0\Messidor-2+EyePac_Balanced__train__47d6003c72__20051021_36476_0100_PP.png,0,Class 0
D:\Practice Projects\Disease Detection\dataset\Messidor-2+EyePac_Balanced\0\20051021_39845_0100_PP.png,D:\Practice Projects\Disease Detection\processed_dataset\Class 0\Messidor-2+EyePac_Balanced__train__ee03a73da5__20051021_39845_0100_PP.png,0,Class 0
D:\Practice Projects\Disease Detection\dataset\Messidor-2+EyePac_Balanced\0\20051021_51418_0100_PP.png,D:\Practice Projects\Disease Detection\processed_dataset\Class 0\Messidor-2+EyePac_Balanced__train__715b421042__20051021_51418_0100_PP.png,0,Class 0
D:\Practice Projects\Disease Detection\dataset\Messidor-2+EyePac_Balanced\0\20051021_51994_0100_PP.png,D:\Practice Projects\Disease Detection\processed_dataset\Class 0\Messidor-2+EyePac_Balanced__train__f4af29a76c__20051021_51994_0100_PP.png,0,Class 0
D:\Practice Projects\Disease Detection\dataset\Messidor-2+EyePac_Balanced\0\20051021_57798_0100_PP.png,D:\Practice Projects\Disease Detection\processed_dataset\Class 0\Messidor-2+EyePac_Balanced__train__d4bf49044d__20051021_57798_0100_PP.png,0,Class 0
D:\Practice Projects\Disease Detection\dataset\Messidor-2+EyePac_Balanced\0\20051021_57862_0100_PP.png,D:\Practice Projects\Disease Detection\processed_dataset\Class 0\Messidor-2+EyePac_Balanced__train__26dce16b98__20051021_57862_0100_PP.png,0,Class 0
D:\Practice Projects\Disease Detection\dataset\Messidor-2+EyePac_Balanced\0\20051109_59969_0400_PP.png,D:\Practice Projects\Disease Detection\processed_dataset\Class 0\Messidor-2+EyePac_Balanced__train__05d7e706e8__20051109_59969_0400_PP.png,0,Class 0
D:\Practice Projects\Disease Detection\dataset\Messidor-2+EyePac_Balanced\0\20051109_60136_0400_PP.png,D:\Practice Projects\Disease Detection\processed_dataset\Class 0\Messidor-2+EyePac_Balanced__train__02343abe98__20051109_60136_0400_PP.png,0,Class 0
D:\Practice Projects\Disease Detection\dataset\Messidor-2+EyePac_Balanced\0\20051110_34013_0400_PP.png,D:\Practice Projects\Disease Detection\processed_dataset\Class 0\Messidor-2+EyePac_Balanced__train__4d27f46086__20051110_34013_0400_PP.png,0,Class 0
D:\Practice Projects\Disease Detection\dataset\Messidor-2+EyePac_Balanced\0\20051110_37992_0400_PP.png,D:\Practice Projects\Disease Detection\processed_dataset\Class 0\Messidor-2+EyePac_Balanced__train__136a2e87c4__20051110_37992_0400_PP.png,0,Class 0
D:\Practice Projects\Disease Detection\dataset\Messidor-2+EyePac_Balanced\0\20051110_38111_0400_PP.png,D:\Practice Projects\Disease Detection\processed_dataset\Class 0\Messidor-2+EyePac_Balanced__train__c356c36db2__20051110_38111_0400_PP.png,0,Class 0
D:\Practice Projects\Disease Detection\dataset\Messidor-2+EyePac_Balanced\0\20051110_38313_0400_PP.png,D:\Practice Projects\Disease Detection\processed_dataset\Class 0\Messidor-2+EyePac_Balanced__train__7761d09180__20051110_38313_0400_PP.png,0,Class 0
D:\Practice Projects\Disease Detection\dataset\Messidor-2+EyePac_Balanced\0\20051110_38352_0400_PP.png,D:\Practice Projects\Disease Detection\processed_dataset\Class 0\Messidor-2+EyePac_Balanced__train__1b32e40819__20051110_38352_0400_PP.png,0,Class 0
D:\Practice Projects\Disease Detection\dataset\Messidor-2+EyePac_Balanced\0\20051116_43388_0400_PP.png,D:\Practice Projects\Disease Detection\processed_dataset\Class 0\Messidor-2+EyePac_Balanced__train__c334014626__20051116_43388_0400_PP.png,0,Class 0
D:\Practice Projects\Disease Detection\dataset\Messidor-2+EyePac_Balanced\0\20051116_43585_0400_PP.png,D:\Practice Projects\Disease Detection\processed_dataset\Class 0\Messidor-2+EyePac_Balanced__train__b6cdb4a2cb__20051116_43585_0400_PP.png,0,Class 0
D:\Practice Projects\Disease Detection\dataset\Messidor-2+EyePac_Balanced\0\20051116_43710_0400_PP.png,D:\Practice Projects\Disease Detection\processed_dataset\Class 0\Messidor-2+EyePac_Balanced__train__093f65bb91__20051116_43710_0400_PP.png,0,Class 0
D:\Practice Projects\Disease Detection\dataset\Messidor-2+EyePac_Balanced\0\20051116_43721_0400_PP.png,D:\Practice Projects\Disease Detection\processed_dataset\Class 0\Messidor-2+EyePac_Balanced__train__0173caadab__20051116_43721_0400_PP.png,0,Class 0
D:\Practice Projects\Disease Detection\dataset\Messidor-2+EyePac_Balanced\0\20051116_43785_0400_PP.png,D:\Practice Projects\Disease Detection\processed_dataset\Class 0\Messidor-2+EyePac_Balanced__train__33295c7d16__20051116_43785_0400_PP.png,0,Class 0
D:\Practice Projects\Disease Detection\dataset\Messidor-2+EyePac_Balanced\0\20051116_43801_0400_PP.png,D:\Practice Projects\Disease Detection\processed_dataset\Class 0\Messidor-2+EyePac_Balanced__train__6f44e752b0__20051116_43801_0400_PP.png,0,Class 0
D:\Practice Projects\Disease Detection\dataset\Messidor-2+EyePac_Balanced\0\20051117_37051_0400_PP.png,D:\Practice Projects\Disease Detection\processed_dataset\Class 0\Messidor-2+EyePac_Balanced__train__19243b5a74__20051117_37051_0400_PP.png,0,Class 0
D:\Practice Projects\Disease Detection\dataset\Messidor-2+EyePac_Balanced\0\20051117_37078_0400_PP.png,D:\Practice Projects\Disease Detection\processed_dataset\Class 0\Messidor-2+EyePac_Balanced__train__61cd881333__20051117_37078_0400_PP.png,0,Class 0
D:\Practice Projects\Disease Detection\dataset\Messidor-2+EyePac_Balanced\0\20051117_37185_0400_PP.png,D:\Practice Projects\Disease Detection\processed_dataset\Class 0\Messidor-2+EyePac_Balanced__train__d9e6ddd5bc__20051117_37185_0400_PP.png,0,Class 0
D:\Practice Projects\Disease Detection\dataset\Messidor-2+EyePac_Balanced\0\20051130_53623_0400_PP.png,D:\Practice Projects\Disease Detection\processed_dataset\Class 0\Messidor-2+EyePac_Balanced__train__342575eb1f__20051130_53623_0400_PP.png,0,Class 0
D:\Practice Projects\Disease Detection\dataset\Messidor-2+EyePac_Balanced\0\20051130_53991_0400_PP.png,D:\Practice Projects\Disease Detection\processed_dataset\Class 0\Messidor-2+EyePac_Balanced__train__8660e4c896__20051130_53991_0400_PP.png,0,Class 0
D:\Practice Projects\Disease Detection\dataset\Messidor-2+EyePac_Balanced\0\20051130_54077_0400_PP.png,D:\Practice Projects\Disease Detection\processed_dataset\Class 0\Messidor-2+EyePac_Balanced__train__70d3b88888__20051130_54077_0400_PP.png,0,Class 0
D:\Practice Projects\Disease Detection\dataset\Messidor-2+EyePac_Balanced\0\20051130_54323_0400_PP.png,D:\Practice Projects\Disease Detection\processed_dataset\Class 0\Messidor-2+EyePac_Balanced__train__c2fedb7449__20051130_54323_0400_PP.png,0,Class 0
D:\Practice Projects\Disease Detection\dataset\Messidor-2+EyePac_Balanced\0\20051130_54476_0400_PP.png,D:\Practice Projects\Disease Detection\processed_dataset\Class 0\Messidor-2+EyePac_Balanced__train__232939266c__20051130_54476_0400_PP.png,0,Class 0
D:\Practice Projects\Disease Detection\dataset\Messidor-2+EyePac_Balanced\0\20051130_55004_0400_PP.png,D:\Practice Projects\Disease Detection\processed_dataset\Class 0\Messidor-2+EyePac_Balanced__train__f827a4a92f__20051130_55004_0400_PP.png,0,Class 0
D:\Practice Projects\Disease Detection\dataset\Messidor-2+EyePac_Balanced\0\20051130_55012_0400_PP.png,D:\Practice Projects\Disease Detection\processed_dataset\Class 0\Messidor-2+EyePac_Balanced__train__478cbbf792__20051130_55012_0400_PP.png,0,Class 0
D:\Practice Projects\Disease Detection\dataset\Messidor-2+EyePac_Balanced\0\20051130_55037_0400_PP.png,D:\Practice Projects\Disease Detection\processed_dataset\Class 0\Messidor-2+EyePac_Balanced__train__742b9bfab5__20051130_55037_0400_PP.png,0,Class 0
D:\Practice Projects\Disease Detection\dataset\Messidor-2+EyePac_Balanced\0\20051130_55048_0400_PP.png,D:\Practice Projects\Disease Detection\processed_dataset\Class 0\Messidor-2+EyePac_Balanced__train__249e880937__20051130_55048_0400_PP.png,0,Class 0
D:\Practice Projects\Disease Detection\dataset\Messidor-2+EyePac_Balanced\0\20051130_55311_0400_PP.png,D:\Practice Projects\Disease Detection\processed_dataset\Class 0\Messidor-2+EyePac_Balanced__train__d19b518c21__20051130_55311_0400_PP.png,0,Class 0
D:\Practice Projects\Disease Detection\dataset\Messidor-2+EyePac_Balanced\0\20051130_55323_0400_PP.png,D:\Practice Projects\Disease Detection\processed_dataset\Class 0\Messidor-2+EyePac_Balanced__train__43a58c3290__20051130_55323_0400_PP.png,0,Class 0
D:\Practice Projects\Disease Detection\dataset\Messidor-2+EyePac_Balanced\0\20051130_55381_0400_PP.png,D:\Practice Projects\Disease Detection\processed_dataset\Class 0\Messidor-2+EyePac_Balanced__train__bc82b80c56__20051130_55381_0400_PP.png,0,Class 0
D:\Practice Projects\Disease Detection\dataset\Messidor-2+EyePac_Balanced\0\20051130_55393_0400_PP.png,D:\Practice Projects\Disease Detection\processed_dataset\Class 0\Messidor-2+EyePac_Balanced__train__72a1515fb5__20051130_55393_0400_PP.png,0,Class 0
D:\Practice Projects\Disease Detection\dataset\Messidor-2+EyePac_Balanced\0\20051130_58716_0400_PP.png,D:\Practice Projects\Disease Detection\processed_dataset\Class 0\Messidor-2+EyePac_Balanced__train__3237dfdb75__20051130_58716_0400_PP.png,0,Class 0
D:\Practice Projects\Disease Detection\dataset\Messidor-2+EyePac_Balanced\0\20051130_58888_0400_PP.png,D:\Practice Projects\Disease Detection\processed_dataset\Class 0\Messidor-2+EyePac_Balanced__train__ee43186a9e__20051130_58888_0400_PP.png,0,Class 0
D:\Practice Projects\Disease Detection\dataset\Messidor-2+EyePac_Balanced\0\20051130_58962_0400_PP.png,D:\Practice Projects\Disease Detection\processed_dataset\Class 0\Messidor-2+EyePac_Balanced__train__0a1626b390__20051130_58962_0400_PP.png,0,Class 0
D:\Practice Projects\Disease Detection\dataset\Messidor-2+EyePac_Balanced\0\20051130_58998_0400_PP.png,D:\Practice Projects\Disease Detection\processed_dataset\Class 0\Messidor-2+EyePac_Balanced__train__ed5372023a__20051130_58998_0400_PP.png,0,Class 0
D:\Practice Projects\Disease Detection\dataset\Messidor-2+EyePac_Balanced\0\20051130_59029_0400_PP.png,D:\Practice Projects\Disease Detection\processed_dataset\Class 0\Messidor-2+EyePac_Balanced__train__8ea3c017dc__20051130_59029_0400_PP.png,0,Class 0
D:\Practice Projects\Disease Detection\dataset\Messidor-2+EyePac_Balanced\0\20051130_59186_0400_PP.png,D:\Practice Projects\Disease Detection\processed_dataset\Class 0\Messidor-2+EyePac_Balanced__train__8bb729ca6f__20051130_59186_0400_PP.png,0,Class 0
D:\Practice Projects\Disease Detection\dataset\Messidor-2+EyePac_Balanced\0\20051130_59284_0400_PP.png,D:\Practice Projects\Disease Detection\processed_dataset\Class 0\Messidor-2+EyePac_Balanced__train__6ac0926855__20051130_59284_0400_PP.png,0,Class 0
D:\Practice Projects\Disease Detection\dataset\Messidor-2+EyePac_Balanced\0\20051130_59464_0400_PP.png,D:\Practice Projects\Disease Detection\processed_dataset\Class 0\Messidor-2+EyePac_Balanced__train__ddc060283f__20051130_59464_0400_PP.png,0,Class 0
D:\Practice Projects\Disease Detection\dataset\Messidor-2+EyePac_Balanced\0\20051130_59775_0400_PP.png,D:\Practice Projects\Disease Detection\processed_dataset\Class 0\Messidor-2+EyePac_Balanced__train__7050805527__20051130_59775_0400_PP.png,0,Class 0
D:\Practice Projects\Disease Detection\dataset\Messidor-2+EyePac_Balanced\0\20051130_59793_0400_PP.png,D:\Practice Projects\Disease Detection\processed_dataset\Class 0\Messidor-2+EyePac_Balanced__train__4b62e25b84__20051130_59793_0400_PP.png,0,Class 0
D:\Practice Projects\Disease Detection\dataset\Messidor-2+EyePac_Balanced\0\20051130_59993_0400_PP.png,D:\Practice Projects\Disease Detection\processed_dataset\Class 0\Messidor-2+EyePac_Balanced__train__92330ea89d__20051130_59993_0400_PP.png,0,Class 0
D:\Practice Projects\Disease Detection\dataset\Messidor-2+EyePac_Balanced\0\20051130_60040_0400_PP.png,D:\Practice Projects\Disease Detection\processed_dataset\Class 0\Messidor-2+EyePac_Balanced__train__a4bf141881__20051130_60040_0400_PP.png,0,Class 0
D:\Practice Projects\Disease Detection\dataset\Messidor-2+EyePac_Balanced\0\20051130_60186_0400_PP.png,D:\Practice Projects\Disease Detection\processed_dataset\Class 0\Messidor-2+EyePac_Balanced__train__c38c9aa178__20051130_60186_0400_PP.png,0,Class 0
D:\Practice Projects\Disease Detection\dataset\Messidor-2+EyePac_Balanced\0\20051130_60234_0400_PP.png,D:\Practice Projects\Disease Detection\processed_dataset\Class 0\Messidor-2+EyePac_Balanced__train__0916d52b38__20051130_60234_0400_PP.png,0,Class 0
D:\Practice Projects\Disease Detection\dataset\Messidor-2+EyePac_Balanced\0\20051130_60532_0400_PP.png,D:\Practice Projects\Disease Detection\processed_dataset\Class 0\Messidor-2+EyePac_Balanced__train__2002609132__20051130_60532_0400_PP.png,0,Class 0
D:\Practice Projects\Disease Detection\dataset\Messidor-2+EyePac_Balanced\0\20051130_60601_0400_PP.png,D:\Practice Projects\Disease Detection\processed_dataset\Class 0\Messidor-2+EyePac_Balanced__train__0b5c59fb2f__20051130_60601_0400_PP.png,0,Class 0
D:\Practice Projects\Disease Detection\dataset\Messidor-2+EyePac_Balanced\0\20051130_60691_0400_PP.png,D:\Practice Projects\Disease Detection\processed_dataset\Class 0\Messidor-2+EyePac_Balanced__train__122dbf5133__20051130_60691_0400_PP.png,0,Class 0
D:\Practice Projects\Disease Detection\dataset\Messidor-2+EyePac_Balanced\0\20051130_60715_0400_PP.png,D:\Practice Projects\Disease Detection\processed_dataset\Class 0\Messidor-2+EyePac_Balanced__train__12f681d09f__20051130_60715_0400_PP.png,0,Class 0
D:\Practice Projects\Disease Detection\dataset\Messidor-2+EyePac_Balanced\0\20051130_60822_0400_PP.png,D:\Practice Projects\Disease Detection\processed_dataset\Class 0\Messidor-2+EyePac_Balanced__train__6946610be9__20051130_60822_0400_PP.png,0,Class 0
D:\Practice Projects\Disease Detection\dataset\Messidor-2+EyePac_Balanced\0\20051201_37312_0400_PP.png,D:\Practice Projects\Disease Detection\processed_dataset\Class 0\Messidor-2+EyePac_Balanced__train__147e475c57__20051201_37312_0400_PP.png,0,Class 0
D:\Practice Projects\Disease Detection\dataset\Messidor-2+EyePac_Balanced\0\20051201_37337_0400_PP.png,D:\Practice Projects\Disease Detection\processed_dataset\Class 0\Messidor-2+EyePac_Balanced__train__a088624a4d__20051201_37337_0400_PP.png,0,Class 0
D:\Practice Projects\Disease Detection\dataset\Messidor-2+EyePac_Balanced\0\20051201_37390_0400_PP.png,D:\Practice Projects\Disease Detection\processed_dataset\Class 0\Messidor-2+EyePac_Balanced__train__7c715c0351__20051201_37390_0400_PP.png,0,Class 0
D:\Practice Projects\Disease Detection\dataset\Messidor-2+EyePac_Balanced\0\20051201_37409_0400_PP.png,D:\Practice Projects\Disease Detection\processed_dataset\Class 0\Messidor-2+EyePac_Balanced__train__cd58e09fd7__20051201_37409_0400_PP.png,0,Class 0
D:\Practice Projects\Disease Detection\dataset\Messidor-2+EyePac_Balanced\0\20051201_37557_0400_PP.png,D:\Practice Projects\Disease Detection\processed_dataset\Class 0\Messidor-2+EyePac_Balanced__train__899e0845fd__20051201_37557_0400_PP.png,0,Class 0
D:\Practice Projects\Disease Detection\dataset\Messidor-2+EyePac_Balanced\0\20051201_38041_0400_PP.png,D:\Practice Projects\Disease Detection\processed_dataset\Class 0\Messidor-2+EyePac_Balanced__train__576183b3ff__20051201_38041_0400_PP.png,0,Class 0
D:\Practice Projects\Disease Detection\dataset\Messidor-2+EyePac_Balanced\0\20051201_38103_0400_PP.png,D:\Practice Projects\Disease Detection\processed_dataset\Class 0\Messidor-2+EyePac_Balanced__train__e78bece04c__20051201_38103_0400_PP.png,0,Class 0
D:\Practice Projects\Disease Detection\dataset\Messidor-2+EyePac_Balanced\0\20051201_38137_0400_PP.png,D:\Practice Projects\Disease Detection\processed_dataset\Class 0\Messidor-2+EyePac_Balanced__train__f85f8948cc__20051201_38137_0400_PP.png,0,Class 0
D:\Practice Projects\Disease Detection\dataset\Messidor-2+EyePac_Balanced\0\20051201_38155_0400_PP.png,D:\Practice Projects\Disease Detection\processed_dataset\Class 0\Messidor-2+EyePac_Balanced__train__4cc9475d3f__20051201_38155_0400_PP.png,0,Class 0
D:\Practice Projects\Disease Detection\dataset\Messidor-2+EyePac_Balanced\0\20051201_38211_0400_PP.png,D:\Practice Projects\Disease Detection\processed_dataset\Class 0\Messidor-2+EyePac_Balanced__train__c7d8a5544a__20051201_38211_0400_PP.png,0,Class 0
D:\Practice Projects\Disease Detection\dataset\Messidor-2+EyePac_Balanced\0\20051201_38246_0400_PP.png,D:\Practice Projects\Disease Detection\processed_dataset\Class 0\Messidor-2+EyePac_Balanced__train__e0642ee540__20051201_38246_0400_PP.png,0,Class 0
D:\Practice Projects\Disease Detection\dataset\Messidor-2+EyePac_Balanced\0\20051201_38291_0400_PP.png,D:\Practice Projects\Disease Detection\processed_dataset\Class 0\Messidor-2+EyePac_Balanced__train__f4625aed1d__20051201_38291_0400_PP.png,0,Class 0
D:\Practice Projects\Disease Detection\dataset\Messidor-2+EyePac_Balanced\0\20051201_38321_0400_PP.png,D:\Practice Projects\Disease Detection\processed_dataset\Class 0\Messidor-2+EyePac_Balanced__train__eb10ac67ca__20051201_38321_0400_PP.png,0,Class 0
D:\Practice Projects\Disease Detection\dataset\Messidor-2+EyePac_Balanced\0\20051201_38475_0400_PP.png,D:\Practice Projects\Disease Detection\processed_dataset\Class 0\Messidor-2+EyePac_Balanced__train__6fc07fcb01__20051201_38475_0400_PP.png,0,Class 0
D:\Practice Projects\Disease Detection\dataset\Messidor-2+EyePac_Balanced\0\20051202_37162_0400_PP.png,D:\Practice Projects\Disease Detection\processed_dataset\Class 0\Messidor-2+EyePac_Balanced__train__64e4bbb109__20051202_37162_0400_PP.png,0,Class 0
D:\Practice Projects\Disease Detection\dataset\Messidor-2+EyePac_Balanced\0\20051202_51616_0400_PP.png,D:\Practice Projects\Disease Detection\processed_dataset\Class 0\Messidor-2+EyePac_Balanced__train__45da027f71__20051202_51616_0400_PP.png,0,Class 0
D:\Practice Projects\Disease Detection\dataset\Messidor-2+EyePac_Balanced\0\20051205_57651_0400_PP.png,D:\Practice Projects\Disease Detection\processed_dataset\Class 0\Messidor-2+EyePac_Balanced__train__f72d01ce7b__20051205_57651_0400_PP.png,0,Class 0
D:\Practice Projects\Disease Detection\dataset\Messidor-2+EyePac_Balanced\0\20051205_57704_0400_PP.png,D:\Practice Projects\Disease Detection\processed_dataset\Class 0\Messidor-2+EyePac_Balanced__train__aa94c7562c__20051205_57704_0400_PP.png,0,Class 0
D:\Practice Projects\Disease Detection\dataset\Messidor-2+EyePac_Balanced\0\20051205_57799_0400_PP.png,D:\Practice Projects\Disease Detection\processed_dataset\Class 0\Messidor-2+EyePac_Balanced__train__225cf595e2__20051205_57799_0400_PP.png,0,Class 0
D:\Practice Projects\Disease Detection\dataset\Messidor-2+EyePac_Balanced\0\20051205_57838_0400_PP.png,D:\Practice Projects\Disease Detection\processed_dataset\Class 0\Messidor-2+EyePac_Balanced__train__1b6e237509__20051205_57838_0400_PP.png,0,Class 0
D:\Practice Projects\Disease Detection\dataset\Messidor-2+EyePac_Balanced\0\20051205_57942_0400_PP.png,D:\Practice Projects\Disease Detection\processed_dataset\Class 0\Messidor-2+EyePac_Balanced__train__b265ab9ad6__20051205_57942_0400_PP.png,0,Class 0
D:\Practice Projects\Disease Detection\dataset\Messidor-2+EyePac_Balanced\0\20051205_57988_0400_PP.png,D:\Practice Projects\Disease Detection\processed_dataset\Class 0\Messidor-2+EyePac_Balanced__train__cdf24469f7__20051205_57988_0400_PP.png,0,Class 0
D:\Practice Projects\Disease Detection\dataset\Messidor-2+EyePac_Balanced\0\20051205_58080_0400_PP.png,D:\Practice Projects\Disease Detection\processed_dataset\Class 0\Messidor-2+EyePac_Balanced__train__a4db6c47c4__20051205_58080_0400_PP.png,0,Class 0
D:\Practice Projects\Disease Detection\dataset\Messidor-2+EyePac_Balanced\0\20051205_58091_0400_PP.png,D:\Practice Projects\Disease Detection\processed_dataset\Class 0\Messidor-2+EyePac_Balanced__train__7000e5c08e__20051205_58091_0400_PP.png,0,Class 0
D:\Practice Projects\Disease Detection\dataset\Messidor-2+EyePac_Balanced\0\20051205_58125_0400_PP.png,D:\Practice Projects\Disease Detection\processed_dataset\Class 0\Messidor-2+EyePac_Balanced__train__8f54f19c1e__20051205_58125_0400_PP.png,0,Class 0
D:\Practice Projects\Disease Detection\dataset\Messidor-2+EyePac_Balanced\0\20051205_58150_0400_PP.png,D:\Practice Projects\Disease Detection\processed_dataset\Class 0\Messidor-2+EyePac_Balanced__train__316d641ae4__20051205_58150_0400_PP.png,0,Class 0
D:\Practice Projects\Disease Detection\dataset\Messidor-2+EyePac_Balanced\0\20051205_58409_0400_PP.png,D:\Practice Projects\Disease Detection\processed_dataset\Class 0\Messidor-2+EyePac_Balanced__train__6ab007dcff__20051205_58409_0400_PP.png,0,Class 0
D:\Practice Projects\Disease Detection\dataset\Messidor-2+EyePac_Balanced\0\20051205_58431_0400_PP.png,D:\Practice Projects\Disease Detection\processed_dataset\Class 0\Messidor-2+EyePac_Balanced__train__7c0ae80acf__20051205_58431_0400_PP.png,0,Class 0
D:\Practice Projects\Disease Detection\dataset\Messidor-2+EyePac_Balanced\0\20051205_59367_0400_PP.png,D:\Practice Projects\Disease Detection\processed_dataset\Class 0\Messidor-2+EyePac_Balanced__train__bad04f2c01__20051205_59367_0400_PP.png,0,Class 0
D:\Practice Projects\Disease Detection\dataset\Messidor-2+EyePac_Balanced\0\20051205_59617_0400_PP.png,D:\Practice Projects\Disease Detection\processed_dataset\Class 0\Messidor-2+EyePac_Balanced__train__d6088f756d__20051205_59617_0400_PP.png,0,Class 0
D:\Practice Projects\Disease Detection\dataset\Messidor-2+EyePac_Balanced\0\20051205_59651_0400_PP.png,D:\Practice Projects\Disease Detection\processed_dataset\Class 0\Messidor-2+EyePac_Balanced__train__63b7623c86__20051205_59651_0400_PP.png,0,Class 0
D:\Practice Projects\Disease Detection\dataset\Messidor-2+EyePac_Balanced\0\20051205_59858_0400_PP.png,D:\Practice Projects\Disease Detection\processed_dataset\Class 0\Messidor-2+EyePac_Balanced__train__a1b858b836__20051205_59858_0400_PP.png,0,Class 0
D:\Practice Projects\Disease Detection\dataset\Messidor-2+EyePac_Balanced\0\20051205_59901_0400_PP.png,D:\Practice Projects\Disease Detection\processed_dataset\Class 0\Messidor-2+EyePac_Balanced__train__abbf3fc762__20051205_59901_0400_PP.png,0,Class 0
D:\Practice Projects\Disease Detection\dataset\Messidor-2+EyePac_Balanced\0\20051205_60119_0400_PP.png,D:\Practice Projects\Disease Detection\processed_dataset\Class 0\Messidor-2+EyePac_Balanced__train__acbd465332__20051205_60119_0400_PP.png,0,Class 0
D:\Practice Projects\Disease Detection\dataset\Messidor-2+EyePac_Balanced\0\20051213_61951_0100_PP.png,D:\Practice Projects\Disease Detection\processed_dataset\Class 0\Messidor-2+EyePac_Balanced__train__5493b4ff2c__20051213_61951_0100_PP.png,0,Class 0
D:\Practice Projects\Disease Detection\dataset\Messidor-2+EyePac_Balanced\0\20051213_62251_0100_PP.png,D:\Practice Projects\Disease Detection\processed_dataset\Class 0\Messidor-2+EyePac_Balanced__train__5617ff033f__20051213_62251_0100_PP.png,0,Class 0
D:\Practice Projects\Disease Detection\dataset\Messidor-2+EyePac_Balanced\0\20051213_62314_0100_PP.png,D:\Practice Projects\Disease Detection\processed_dataset\Class 0\Messidor-2+EyePac_Balanced__train__c9f43b4ecc__20051213_62314_0100_PP.png,0,Class 0
D:\Practice Projects\Disease Detection\dataset\Messidor-2+EyePac_Balanced\0\20051213_62518_0100_PP.png,D:\Practice Projects\Disease Detection\processed_dataset\Class 0\Messidor-2+EyePac_Balanced__train__6a00ceb72d__20051213_62518_0100_PP.png,0,Class 0
D:\Practice Projects\Disease Detection\dataset\Messidor-2+EyePac_Balanced\0\20051213_62572_0100_PP.png,D:\Practice Projects\Disease Detection\processed_dataset\Class 0\Messidor-2+EyePac_Balanced__train__1f2d5a9c9c__20051213_62572_0100_PP.png,0,Class 0
D:\Practice Projects\Disease Detection\dataset\Messidor-2+EyePac_Balanced\0\20051214_41055_0100_PP.png,D:\Practice Projects\Disease Detection\processed_dataset\Class 0\Messidor-2+EyePac_Balanced__train__e1117584f7__20051214_41055_0100_PP.png,0,Class 0
D:\Practice Projects\Disease Detection\dataset\Messidor-2+EyePac_Balanced\0\20051214_42133_0100_PP.png,D:\Practice Projects\Disease Detection\processed_dataset\Class 0\Messidor-2+EyePac_Balanced__train__a07c074688__20051214_42133_0100_PP.png,0,Class 0
D:\Practice Projects\Disease Detection\dataset\Messidor-2+EyePac_Balanced\0\20051214_42197_0100_PP.png,D:\Practice Projects\Disease Detection\processed_dataset\Class 0\Messidor-2+EyePac_Balanced__train__58bcdd1656__20051214_42197_0100_PP.png,0,Class 0
D:\Practice Projects\Disease Detection\dataset\Messidor-2+EyePac_Balanced\0\20051214_42323_0100_PP.png,D:\Practice Projects\Disease Detection\processed_dataset\Class 0\Messidor-2+EyePac_Balanced__train__81c2ae6d73__20051214_42323_0100_PP.png,0,Class 0
D:\Practice Projects\Disease Detection\dataset\Messidor-2+EyePac_Balanced\0\20051214_42363_0100_PP.png,D:\Practice Projects\Disease Detection\processed_dataset\Class 0\Messidor-2+EyePac_Balanced__train__38b51f2ac9__20051214_42363_0100_PP.png,0,Class 0
D:\Practice Projects\Disease Detection\dataset\Messidor-2+EyePac_Balanced\0\20051214_51308_0100_PP.png,D:\Practice Projects\Disease Detection\processed_dataset\Class 0\Messidor-2+EyePac_Balanced__train__93f4970da6__20051214_51308_0100_PP.png,0,Class 0
D:\Practice Projects\Disease Detection\dataset\Messidor-2+EyePac_Balanced\0\20051214_51342_0100_PP.png,D:\Practice Projects\Disease Detection\processed_dataset\Class 0\Messidor-2+EyePac_Balanced__train__d6912dc5da__20051214_51342_0100_PP.png,0,Class 0
D:\Practice Projects\Disease Detection\dataset\Messidor-2+EyePac_Balanced\0\20051214_51469_0100_PP.png,D:\Practice Projects\Disease Detection\processed_dataset\Class 0\Messidor-2+EyePac_Balanced__train__4475b70df5__20051214_51469_0100_PP.png,0,Class 0
D:\Practice Projects\Disease Detection\dataset\Messidor-2+EyePac_Balanced\0\20051214_56242_0100_PP.png,D:\Practice Projects\Disease Detection\processed_dataset\Class 0\Messidor-2+EyePac_Balanced__train__877071baa8__20051214_56242_0100_PP.png,0,Class 0
D:\Practice Projects\Disease Detection\dataset\Messidor-2+EyePac_Balanced\0\20051214_56392_0100_PP.png,D:\Practice Projects\Disease Detection\processed_dataset\Class 0\Messidor-2+EyePac_Balanced__train__b71f4d0fa6__20051214_56392_0100_PP.png,0,Class 0
D:\Practice Projects\Disease Detection\dataset\Messidor-2+EyePac_Balanced\0\20051214_56688_0100_PP.png,D:\Practice Projects\Disease Detection\processed_dataset\Class 0\Messidor-2+EyePac_Balanced__train__827d32eaea__20051214_56688_0100_PP.png,0,Class 0
D:\Practice Projects\Disease Detection\dataset\Messidor-2+EyePac_Balanced\0\20051214_57761_0100_PP.png,D:\Practice Projects\Disease Detection\processed_dataset\Class 0\Messidor-2+EyePac_Balanced__train__a486c3e6f9__20051214_57761_0100_PP.png,0,Class 0
D:\Practice Projects\Disease Detection\dataset\Messidor-2+EyePac_Balanced\0\20051214_57817_0100_PP.png,D:\Practice Projects\Disease Detection\processed_dataset\Class 0\Messidor-2+EyePac_Balanced__train__f71e8d8e1e__20051214_57817_0100_PP.png,0,Class 0
D:\Practice Projects\Disease Detection\dataset\Messidor-2+EyePac_Balanced\0\20051216_44092_0200_PP.png,D:\Practice Projects\Disease Detection\processed_dataset\Class 0\Messidor-2+EyePac_Balanced__train__263114c423__20051216_44092_0200_PP.png,0,Class 0
D:\Practice Projects\Disease Detection\dataset\Messidor-2+EyePac_Balanced\0\20051216_44420_0200_PP.png,D:\Practice Projects\Disease Detection\processed_dataset\Class 0\Messidor-2+EyePac_Balanced__train__8040ad4577__20051216_44420_0200_PP.png,0,Class 0
D:\Practice Projects\Disease Detection\dataset\Messidor-2+EyePac_Balanced\0\20051216_44635_0200_PP.png,D:\Practice Projects\Disease Detection\processed_dataset\Class 0\Messidor-2+EyePac_Balanced__train__700d4e7caf__20051216_44635_0200_PP.png,0,Class 0
D:\Practice Projects\Disease Detection\dataset\Messidor-2+EyePac_Balanced\0\20051216_44660_0200_PP.png,D:\Practice Projects\Disease Detection\processed_dataset\Class 0\Messidor-2+EyePac_Balanced__train__dab63ed75d__20051216_44660_0200_PP.png,0,Class 0
D:\Practice Projects\Disease Detection\dataset\Messidor-2+EyePac_Balanced\0\20051216_44811_0200_PP.png,D:\Practice Projects\Disease Detection\processed_dataset\Class 0\Messidor-2+EyePac_Balanced__train__079bc7c7d9__20051216_44811_0200_PP.png,0,Class 0
D:\Practice Projects\Disease Detection\dataset\Messidor-2+EyePac_Balanced\0\20051216_44832_0200_PP.png,D:\Practice Projects\Disease Detection\processed_dataset\Class 0\Messidor-2+EyePac_Balanced__train__f0ff1cdaec__20051216_44832_0200_PP.png,0,Class 0
D:\Practice Projects\Disease Detection\dataset\Messidor-2+EyePac_Balanced\0\20051216_45781_0200_PP.png,D:\Practice Projects\Disease Detection\processed_dataset\Class 0\Messidor-2+EyePac_Balanced__train__59ff773c8f__20051216_45781_0200_PP.png,0,Class 0
D:\Practice Projects\Disease Detection\dataset\Messidor-2+EyePac_Balanced\0\20051216_47514_0200_PP.png,D:\Practice Projects\Disease Detection\processed_dataset\Class 0\Messidor-2+EyePac_Balanced__train__97c2a83122__20051216_47514_0200_PP.png,0,Class 0
D:\Practice Projects\Disease Detection\dataset\Messidor-2+EyePac_Balanced\0\20060407_38970_0200_PP.png,D:\Practice Projects\Disease Detection\processed_dataset\Class 0\Messidor-2+EyePac_Balanced__train__345ce26e51__20060407_38970_0200_PP.png,0,Class 0
D:\Practice Projects\Disease Detection\dataset\Messidor-2+EyePac_Balanced\0\20060407_39306_0200_PP.png,D:\Practice Projects\Disease Detection\processed_dataset\Class 0\Messidor-2+EyePac_Balanced__train__71e5da78f5__20060407_39306_0200_PP.png,0,Class 0
D:\Practice Projects\Disease Detection\dataset\Messidor-2+EyePac_Balanced\0\20060407_39328_0200_PP.png,D:\Practice Projects\Disease Detection\processed_dataset\Class 0\Messidor-2+EyePac_Balanced__train__152f566724__20060407_39328_0200_PP.png,0,Class 0
D:\Practice Projects\Disease Detection\dataset\Messidor-2+EyePac_Balanced\0\20060407_39435_0200_PP.png,D:\Practice Projects\Disease Detection\processed_dataset\Class 0\Messidor-2+EyePac_Balanced__train__a7481be749__20060407_39435_0200_PP.png,0,Class 0
D:\Practice Projects\Disease Detection\dataset\Messidor-2+EyePac_Balanced\0\20060407_39687_0200_PP.png,D:\Practice Projects\Disease Detection\processed_dataset\Class 0\Messidor-2+EyePac_Balanced__train__220f8399b0__20060407_39687_0200_PP.png,0,Class 0
D:\Practice Projects\Disease Detection\dataset\Messidor-2+EyePac_Balanced\0\20060407_39761_0200_PP.png,D:\Practice Projects\Disease Detection\processed_dataset\Class 0\Messidor-2+EyePac_Balanced__train__4c3c305fcf__20060407_39761_0200_PP.png,0,Class 0
D:\Practice Projects\Disease Detection\dataset\Messidor-2+EyePac_Balanced\0\20060407_39780_0200_PP.png,D:\Practice Projects\Disease Detection\processed_dataset\Class 0\Messidor-2+EyePac_Balanced__train__8b73604bc9__20060407_39780_0200_PP.png,0,Class 0
D:\Practice Projects\Disease Detection\dataset\Messidor-2+EyePac_Balanced\0\20060407_40740_0200_PP.png,D:\Practice Projects\Disease Detection\processed_dataset\Class 0\Messidor-2+EyePac_Balanced__train__b766721aa8__20060407_40740_0200_PP.png,0,Class 0
D:\Practice Projects\Disease Detection\dataset\Messidor-2+EyePac_Balanced\0\20060407_40761_0200_PP.png,D:\Practice Projects\Disease Detection\processed_dataset\Class 0\Messidor-2+EyePac_Balanced__train__1fecf7fe77__20060407_40761_0200_PP.png,0,Class 0
D:\Practice Projects\Disease Detection\dataset\Messidor-2+EyePac_Balanced\0\20060407_41149_0200_PP.png,D:\Practice Projects\Disease Detection\processed_dataset\Class 0\Messidor-2+EyePac_Balanced__train__576ec2fc74__20060407_41149_0200_PP.png,0,Class 0
D:\Practice Projects\Disease Detection\dataset\Messidor-2+EyePac_Balanced\0\20060407_41980_0200_PP.png,D:\Practice Projects\Disease Detection\processed_dataset\Class 0\Messidor-2+EyePac_Balanced__train__b3d14002f2__20060407_41980_0200_PP.png,0,Class 0
D:\Practice Projects\Disease Detection\dataset\Messidor-2+EyePac_Balanced\0\20060407_42099_0200_PP.png,D:\Practice Projects\Disease Detection\processed_dataset\Class 0\Messidor-2+EyePac_Balanced__train__1b50d4c237__20060407_42099_0200_PP.png,0,Class 0
D:\Practice Projects\Disease Detection\dataset\Messidor-2+EyePac_Balanced\0\20060407_42133_0200_PP.png,D:\Practice Projects\Disease Detection\processed_dataset\Class 0\Messidor-2+EyePac_Balanced__train__d771e04079__20060407_42133_0200_PP.png,0,Class 0
D:\Practice Projects\Disease Detection\dataset\Messidor-2+EyePac_Balanced\0\20060407_42308_0200_PP.png,D:\Practice Projects\Disease Detection\processed_dataset\Class 0\Messidor-2+EyePac_Balanced__train__b2c20ed6f6__20060407_42308_0200_PP.png,0,Class 0
D:\Practice Projects\Disease Detection\dataset\Messidor-2+EyePac_Balanced\0\20060407_43223_0200_PP.png,D:\Practice Projects\Disease Detection\processed_dataset\Class 0\Messidor-2+EyePac_Balanced__train__e0f4d50c27__20060407_43223_0200_PP.png,0,Class 0
D:\Practice Projects\Disease Detection\dataset\Messidor-2+EyePac_Balanced\0\20060407_43618_0200_PP.png,D:\Practice Projects\Disease Detection\processed_dataset\Class 0\Messidor-2+EyePac_Balanced__train__5c5be9855a__20060407_43618_0200_PP.png,0,Class 0
D:\Practice Projects\Disease Detection\dataset\Messidor-2+EyePac_Balanced\0\20060407_43726_0200_PP.png,D:\Practice Projects\Disease Detection\processed_dataset\Class 0\Messidor-2+EyePac_Balanced__train__5f6114239f__20060407_43726_0200_PP.png,0,Class 0
D:\Practice Projects\Disease Detection\dataset\Messidor-2+EyePac_Balanced\0\20060407_43746_0200_PP.png,D:\Practice Projects\Disease Detection\processed_dataset\Class 0\Messidor-2+EyePac_Balanced__train__24cab88f1c__20060407_43746_0200_PP.png,0,Class 0
D:\Practice Projects\Disease Detection\dataset\Messidor-2+EyePac_Balanced\0\20060407_43856_0200_PP.png,D:\Practice Projects\Disease Detection\processed_dataset\Class 0\Messidor-2+EyePac_Balanced__train__224e8bb8af__20060407_43856_0200_PP.png,0,Class 0
D:\Practice Projects\Disease Detection\dataset\Messidor-2+EyePac_Balanced\0\20060407_44422_0200_PP.png,D:\Practice Projects\Disease Detection\processed_dataset\Class 0\Messidor-2+EyePac_Balanced__train__488f22ec8c__20060407_44422_0200_PP.png,0,Class 0
D:\Practice Projects\Disease Detection\dataset\Messidor-2+EyePac_Balanced\0\20060407_44510_0200_PP.png,D:\Practice Projects\Disease Detection\processed_dataset\Class 0\Messidor-2+EyePac_Balanced__train__f6a6bc9f6f__20060407_44510_0200_PP.png,0,Class 0
D:\Practice Projects\Disease Detection\dataset\Messidor-2+EyePac_Balanced\0\20060407_44529_0200_PP.png,D:\Practice Projects\Disease Detection\processed_dataset\Class 0\Messidor-2+EyePac_Balanced__train__1992c8aae5__20060407_44529_0200_PP.png,0,Class 0
D:\Practice Projects\Disease Detection\dataset\Messidor-2+EyePac_Balanced\0\20060407_44766_0200_PP.png,D:\Practice Projects\Disease Detection\processed_dataset\Class 0\Messidor-2+EyePac_Balanced__train__e9b8d90213__20060407_44766_0200_PP.png,0,Class 0
D:\Practice Projects\Disease Detection\dataset\Messidor-2+EyePac_Balanced\0\20060407_44866_0200_PP.png,D:\Practice Projects\Disease Detection\processed_dataset\Class 0\Messidor-2+EyePac_Balanced__train__d6a53439fe__20060407_44866_0200_PP.png,0,Class 0
D:\Practice Projects\Disease Detection\dataset\Messidor-2+EyePac_Balanced\0\20060407_45247_0200_PP.png,D:\Practice Projects\Disease Detection\processed_dataset\Class 0\Messidor-2+EyePac_Balanced__train__2671dc38a3__20060407_45247_0200_PP.png,0,Class 0
D:\Practice Projects\Disease Detection\dataset\Messidor-2+EyePac_Balanced\0\20060407_45718_0200_PP.png,D:\Practice Projects\Disease Detection\processed_dataset\Class 0\Messidor-2+EyePac_Balanced__train__3feb0f37d6__20060407_45718_0200_PP.png,0,Class 0
D:\Practice Projects\Disease Detection\dataset\Messidor-2+EyePac_Balanced\0\20060407_45737_0200_PP.png,D:\Practice Projects\Disease Detection\processed_dataset\Class 0\Messidor-2+EyePac_Balanced__train__7a70c58fec__20060407_45737_0200_PP.png,0,Class 0
D:\Practice Projects\Disease Detection\dataset\Messidor-2+EyePac_Balanced\0\20060407_45834_0200_PP.png,D:\Practice Projects\Disease Detection\processed_dataset\Class 0\Messidor-2+EyePac_Balanced__train__8670013d1f__20060407_45834_0200_PP.png,0,Class 0
D:\Practice Projects\Disease Detection\dataset\Messidor-2+EyePac_Balanced\0\20060407_45852_0200_PP.png,D:\Practice Projects\Disease Detection\processed_dataset\Class 0\Messidor-2+EyePac_Balanced__train__f3163e77c5__20060407_45852_0200_PP.png,0,Class 0
D:\Practice Projects\Disease Detection\dataset\Messidor-2+EyePac_Balanced\0\20060407_46235_0200_PP.png,D:\Practice Projects\Disease Detection\processed_dataset\Class 0\Messidor-2+EyePac_Balanced__train__bdfcfb0a28__20060407_46235_0200_PP.png,0,Class 0
D:\Practice Projects\Disease Detection\dataset\Messidor-2+EyePac_Balanced\0\20060407_46257_0200_PP.png,D:\Practice Projects\Disease Detection\processed_dataset\Class 0\Messidor-2+EyePac_Balanced__train__2dcafdbea0__20060407_46257_0200_PP.png,0,Class 0
D:\Practice Projects\Disease Detection\dataset\Messidor-2+EyePac_Balanced\0\20060410_39047_0200_PP.png,D:\Practice Projects\Disease Detection\processed_dataset\Class 0\Messidor-2+EyePac_Balanced__train__b08a977cc2__20060410_39047_0200_PP.png,0,Class 0
D:\Practice Projects\Disease Detection\dataset\Messidor-2+EyePac_Balanced\0\20060410_39075_0200_PP.png,D:\Practice Projects\Disease Detection\processed_dataset\Class 0\Messidor-2+EyePac_Balanced__train__09dc02562f__20060410_39075_0200_PP.png,0,Class 0
D:\Practice Projects\Disease Detection\dataset\Messidor-2+EyePac_Balanced\0\20060410_39476_0200_PP.png,D:\Practice Projects\Disease Detection\processed_dataset\Class 0\Messidor-2+EyePac_Balanced__train__cd8f5a51fd__20060410_39476_0200_PP.png,0,Class 0
D:\Practice Projects\Disease Detection\dataset\Messidor-2+EyePac_Balanced\0\20060410_39695_0200_PP.png,D:\Practice Projects\Disease Detection\processed_dataset\Class 0\Messidor-2+EyePac_Balanced__train__34b70ad842__20060410_39695_0200_PP.png,0,Class 0
D:\Practice Projects\Disease Detection\dataset\Messidor-2+EyePac_Balanced\0\20060410_39859_0200_PP.png,D:\Practice Projects\Disease Detection\processed_dataset\Class 0\Messidor-2+EyePac_Balanced__train__ffc7fc8b6f__20060410_39859_0200_PP.png,0,Class 0
D:\Practice Projects\Disease Detection\dataset\Messidor-2+EyePac_Balanced\0\20060410_39879_0200_PP.png,D:\Practice Projects\Disease Detection\processed_dataset\Class 0\Messidor-2+EyePac_Balanced__train__5194e785db__20060410_39879_0200_PP.png,0,Class 0
D:\Practice Projects\Disease Detection\dataset\Messidor-2+EyePac_Balanced\0\20060410_39994_0200_PP.png,D:\Practice Projects\Disease Detection\processed_dataset\Class 0\Messidor-2+EyePac_Balanced__train__e67ced1b49__20060410_39994_0200_PP.png,0,Class 0
D:\Practice Projects\Disease Detection\dataset\Messidor-2+EyePac_Balanced\0\20060410_40846_0200_PP.png,D:\Practice Projects\Disease Detection\processed_dataset\Class 0\Messidor-2+EyePac_Balanced__train__3e30d3af7a__20060410_40846_0200_PP.png,0,Class 0
D:\Practice Projects\Disease Detection\dataset\Messidor-2+EyePac_Balanced\0\20060410_40953_0200_PP.png,D:\Practice Projects\Disease Detection\processed_dataset\Class 0\Messidor-2+EyePac_Balanced__train__cbb4f08c7d__20060410_40953_0200_PP.png,0,Class 0
D:\Practice Projects\Disease Detection\dataset\Messidor-2+EyePac_Balanced\0\20060410_41209_0200_PP.png,D:\Practice Projects\Disease Detection\processed_dataset\Class 0\Messidor-2+EyePac_Balanced__train__bac3b27804__20060410_41209_0200_PP.png,0,Class 0
D:\Practice Projects\Disease Detection\dataset\Messidor-2+EyePac_Balanced\0\20060410_41901_0200_PP.png,D:\Practice Projects\Disease Detection\processed_dataset\Class 0\Messidor-2+EyePac_Balanced__train__4783c611eb__20060410_41901_0200_PP.png,0,Class 0
D:\Practice Projects\Disease Detection\dataset\Messidor-2+EyePac_Balanced\0\20060410_43847_0200_PP.png,D:\Practice Projects\Disease Detection\processed_dataset\Class 0\Messidor-2+EyePac_Balanced__train__76eae5572e__20060410_43847_0200_PP.png,0,Class 0
D:\Practice Projects\Disease Detection\dataset\Messidor-2+EyePac_Balanced\0\20060410_43979_0200_PP.png,D:\Practice Projects\Disease Detection\processed_dataset\Class 0\Messidor-2+EyePac_Balanced__train__184a69923f__20060410_43979_0200_PP.png,0,Class 0
D:\Practice Projects\Disease Detection\dataset\Messidor-2+EyePac_Balanced\0\20060410_44364_0200_PP.png,D:\Practice Projects\Disease Detection\processed_dataset\Class 0\Messidor-2+EyePac_Balanced__train__3af32af5e4__20060410_44364_0200_PP.png,0,Class 0
D:\Practice Projects\Disease Detection\dataset\Messidor-2+EyePac_Balanced\0\20060410_44770_0200_PP.png,D:\Practice Projects\Disease Detection\processed_dataset\Class 0\Messidor-2+EyePac_Balanced__train__feda2ced4f__20060410_44770_0200_PP.png,0,Class 0
D:\Practice Projects\Disease Detection\dataset\Messidor-2+EyePac_Balanced\0\20060410_44802_0200_PP.png,D:\Practice Projects\Disease Detection\processed_dataset\Class 0\Messidor-2+EyePac_Balanced__train__5432926cf6__20060410_44802_0200_PP.png,0,Class 0
D:\Practice Projects\Disease Detection\dataset\Messidor-2+EyePac_Balanced\0\20060410_45167_0200_PP.png,D:\Practice Projects\Disease Detection\processed_dataset\Class 0\Messidor-2+EyePac_Balanced__train__59d91fcb60__20060410_45167_0200_PP.png,0,Class 0
D:\Practice Projects\Disease Detection\dataset\Messidor-2+EyePac_Balanced\0\20060410_45188_0200_PP.png,D:\Practice Projects\Disease Detection\processed_dataset\Class 0\Messidor-2+EyePac_Balanced__train__12de5c0328__20060410_45188_0200_PP.png,0,Class 0
D:\Practice Projects\Disease Detection\dataset\Messidor-2+EyePac_Balanced\0\20060411_58392_0200_PP.png,D:\Practice Projects\Disease Detection\processed_dataset\Class 0\Messidor-2+EyePac_Balanced__train__ccb8d49440__20060411_58392_0200_PP.png,0,Class 0
D:\Practice Projects\Disease Detection\dataset\Messidor-2+EyePac_Balanced\0\20060411_58413_0200_PP.png,D:\Practice Projects\Disease Detection\processed_dataset\Class 0\Messidor-2+EyePac_Balanced__train__a5f19e80ec__20060411_58413_0200_PP.png,0,Class 0
D:\Practice Projects\Disease Detection\dataset\Messidor-2+EyePac_Balanced\0\20060411_58469_0200_PP.png,D:\Practice Projects\Disease Detection\processed_dataset\Class 0\Messidor-2+EyePac_Balanced__train__316587965b__20060411_58469_0200_PP.png,0,Class 0
D:\Practice Projects\Disease Detection\dataset\Messidor-2+EyePac_Balanced\0\20060411_58494_0200_PP.png,D:\Practice Projects\Disease Detection\processed_dataset\Class 0\Messidor-2+EyePac_Balanced__train__d536d784d2__20060411_58494_0200_PP.png,0,Class 0
D:\Practice Projects\Disease Detection\dataset\Messidor-2+EyePac_Balanced\0\20060411_58571_0200_PP.png,D:\Practice Projects\Disease Detection\processed_dataset\Class 0\Messidor-2+EyePac_Balanced__train__c2d9aadc29__20060411_58571_0200_PP.png,0,Class 0
D:\Practice Projects\Disease Detection\dataset\Messidor-2+EyePac_Balanced\0\20060411_58644_0200_PP.png,D:\Practice Projects\Disease Detection\processed_dataset\Class 0\Messidor-2+EyePac_Balanced__train__ac466b42a2__20060411_58644_0200_PP.png,0,Class 0
D:\Practice Projects\Disease Detection\dataset\Messidor-2+EyePac_Balanced\0\20060411_58891_0200_PP.png,D:\Practice Projects\Disease Detection\processed_dataset\Class 0\Messidor-2+EyePac_Balanced__train__c6e3402c84__20060411_58891_0200_PP.png,0,Class 0
D:\Practice Projects\Disease Detection\dataset\Messidor-2+EyePac_Balanced\0\20060411_58913_0200_PP.png,D:\Practice Projects\Disease Detection\processed_dataset\Class 0\Messidor-2+EyePac_Balanced__train__3ac18320b0__20060411_58913_0200_PP.png,0,Class 0
D:\Practice Projects\Disease Detection\dataset\Messidor-2+EyePac_Balanced\0\20060411_60511_0200_PP.png,D:\Practice Projects\Disease Detection\processed_dataset\Class 0\Messidor-2+EyePac_Balanced__train__f7a11f9ac8__20060411_60511_0200_PP.png,0,Class 0
D:\Practice Projects\Disease Detection\dataset\Messidor-2+EyePac_Balanced\0\20060411_62162_0200_PP.png,D:\Practice Projects\Disease Detection\processed_dataset\Class 0\Messidor-2+EyePac_Balanced__train__f063159fbc__20060411_62162_0200_PP.png,0,Class 0
D:\Practice Projects\Disease Detection\dataset\Messidor-2+EyePac_Balanced\0\20060412_51835_0200_PP.png,D:\Practice Projects\Disease Detection\processed_dataset\Class 0\Messidor-2+EyePac_Balanced__train__9c51ced35e__20060412_51835_0200_PP.png,0,Class 0
D:\Practice Projects\Disease Detection\dataset\Messidor-2+EyePac_Balanced\0\20060412_51860_0200_PP.png,D:\Practice Projects\Disease Detection\processed_dataset\Class 0\Messidor-2+EyePac_Balanced__train__0f2aab6028__20060412_51860_0200_PP.png,0,Class 0
D:\Practice Projects\Disease Detection\dataset\Messidor-2+EyePac_Balanced\0\20060412_52098_0200_PP.png,D:\Practice Projects\Disease Detection\processed_dataset\Class 0\Messidor-2+EyePac_Balanced__train__f55d4253d1__20060412_52098_0200_PP.png,0,Class 0
D:\Practice Projects\Disease Detection\dataset\Messidor-2+EyePac_Balanced\0\20060412_52351_0200_PP.png,D:\Practice Projects\Disease Detection\processed_dataset\Class 0\Messidor-2+EyePac_Balanced__train__1925d680dc__20060412_52351_0200_PP.png,0,Class 0
D:\Practice Projects\Disease Detection\dataset\Messidor-2+EyePac_Balanced\0\20060412_52446_0200_PP.png,D:\Practice Projects\Disease Detection\processed_dataset\Class 0\Messidor-2+EyePac_Balanced__train__b2d7a098b2__20060412_52446_0200_PP.png,0,Class 0
D:\Practice Projects\Disease Detection\dataset\Messidor-2+EyePac_Balanced\0\20060412_52606_0200_PP.png,D:\Practice Projects\Disease Detection\processed_dataset\Class 0\Messidor-2+EyePac_Balanced__train__a21de14423__20060412_52606_0200_PP.png,0,Class 0
D:\Practice Projects\Disease Detection\dataset\Messidor-2+EyePac_Balanced\0\20060412_52840_0200_PP.png,D:\Practice Projects\Disease Detection\processed_dataset\Class 0\Messidor-2+EyePac_Balanced__train__2a10700078__20060412_52840_0200_PP.png,0,Class 0
D:\Practice Projects\Disease Detection\dataset\Messidor-2+EyePac_Balanced\0\20060412_57952_0200_PP.png,D:\Practice Projects\Disease Detection\processed_dataset\Class 0\Messidor-2+EyePac_Balanced__train__aa0c9fcd93__20060412_57952_0200_PP.png,0,Class 0
D:\Practice Projects\Disease Detection\dataset\Messidor-2+EyePac_Balanced\0\20060412_57974_0200_PP.png,D:\Practice Projects\Disease Detection\processed_dataset\Class 0\Messidor-2+EyePac_Balanced__train__52650b1779__20060412_57974_0200_PP.png,0,Class 0
D:\Practice Projects\Disease Detection\dataset\Messidor-2+EyePac_Balanced\0\20060412_58137_0200_PP.png,D:\Practice Projects\Disease Detection\processed_dataset\Class 0\Messidor-2+EyePac_Balanced__train__2701f020cc__20060412_58137_0200_PP.png,0,Class 0
D:\Practice Projects\Disease Detection\dataset\Messidor-2+EyePac_Balanced\0\20060412_58802_0200_PP.png,D:\Practice Projects\Disease Detection\processed_dataset\Class 0\Messidor-2+EyePac_Balanced__train__5104093e11__20060412_58802_0200_PP.png,0,Class 0
D:\Practice Projects\Disease Detection\dataset\Messidor-2+EyePac_Balanced\0\20060412_59175_0200_PP.png,D:\Practice Projects\Disease Detection\processed_dataset\Class 0\Messidor-2+EyePac_Balanced__train__6445b42899__20060412_59175_0200_PP.png,0,Class 0
D:\Practice Projects\Disease Detection\dataset\Messidor-2+EyePac_Balanced\0\20060412_59196_0200_PP.png,D:\Practice Projects\Disease Detection\processed_dataset\Class 0\Messidor-2+EyePac_Balanced__train__98e5da84a0__20060412_59196_0200_PP.png,0,Class 0
D:\Practice Projects\Disease Detection\dataset\Messidor-2+EyePac_Balanced\0\20060412_59355_0200_PP.png,D:\Practice Projects\Disease Detection\processed_dataset\Class 0\Messidor-2+EyePac_Balanced__train__152299fe7a__20060412_59355_0200_PP.png,0,Class 0
D:\Practice Projects\Disease Detection\dataset\Messidor-2+EyePac_Balanced\0\20060412_60751_0200_PP.png,D:\Practice Projects\Disease Detection\processed_dataset\Class 0\Messidor-2+EyePac_Balanced__train__1baffc4e68__20060412_60751_0200_PP.png,0,Class 0
D:\Practice Projects\Disease Detection\dataset\Messidor-2+EyePac_Balanced\0\20060412_61665_0200_PP.png,D:\Practice Projects\Disease Detection\processed_dataset\Class 0\Messidor-2+EyePac_Balanced__train__544485b328__20060412_61665_0200_PP.png,0,Class 0
D:\Practice Projects\Disease Detection\dataset\Messidor-2+EyePac_Balanced\0\20060412_61790_0200_PP.png,D:\Practice Projects\Disease Detection\processed_dataset\Class 0\Messidor-2+EyePac_Balanced__train__5cb8677654__20060412_61790_0200_PP.png,0,Class 0
D:\Practice Projects\Disease Detection\dataset\Messidor-2+EyePac_Balanced\0\20060522_43758_0100_PP.png,D:\Practice Projects\Disease Detection\processed_dataset\Class 0\Messidor-2+EyePac_Balanced__train__dd22146c94__20060522_43758_0100_PP.png,0,Class 0
D:\Practice Projects\Disease Detection\dataset\Messidor-2+EyePac_Balanced\0\20060522_45777_0100_PP.png,D:\Practice Projects\Disease Detection\processed_dataset\Class 0\Messidor-2+EyePac_Balanced__train__65cb8308c8__20060522_45777_0100_PP.png,0,Class 0
D:\Practice Projects\Disease Detection\dataset\Messidor-2+EyePac_Balanced\0\20060522_45796_0100_PP.png,D:\Practice Projects\Disease Detection\processed_dataset\Class 0\Messidor-2+EyePac_Balanced__train__652579dd57__20060522_45796_0100_PP.png,0,Class 0
D:\Practice Projects\Disease Detection\dataset\Messidor-2+EyePac_Balanced\0\20060522_46104_0100_PP.png,D:\Practice Projects\Disease Detection\processed_dataset\Class 0\Messidor-2+EyePac_Balanced__train__d9d1f8c8e0__20060522_46104_0100_PP.png,0,Class 0
D:\Practice Projects\Disease Detection\dataset\Messidor-2+EyePac_Balanced\0\20060522_46379_0100_PP.png,D:\Practice Projects\Disease Detection\processed_dataset\Class 0\Messidor-2+EyePac_Balanced__train__b6a52d2640__20060522_46379_0100_PP.png,0,Class 0
D:\Practice Projects\Disease Detection\dataset\Messidor-2+EyePac_Balanced\0\20060522_46400_0100_PP.png,D:\Practice Projects\Disease Detection\processed_dataset\Class 0\Messidor-2+EyePac_Balanced__train__b881d65ff8__20060522_46400_0100_PP.png,0,Class 0
D:\Practice Projects\Disease Detection\dataset\Messidor-2+EyePac_Balanced\0\20060523_42953_0100_PP.png,D:\Practice Projects\Disease Detection\processed_dataset\Class 0\Messidor-2+EyePac_Balanced__train__69707a5592__20060523_42953_0100_PP.png,0,Class 0
D:\Practice Projects\Disease Detection\dataset\Messidor-2+EyePac_Balanced\0\20060523_43333_0100_PP.png,D:\Practice Projects\Disease Detection\processed_dataset\Class 0\Messidor-2+EyePac_Balanced__train__8362a60cf1__20060523_43333_0100_PP.png,0,Class 0
D:\Practice Projects\Disease Detection\dataset\Messidor-2+EyePac_Balanced\0\20060523_43354_0100_PP.png,D:\Practice Projects\Disease Detection\processed_dataset\Class 0\Messidor-2+EyePac_Balanced__train__34e716455b__20060523_43354_0100_PP.png,0,Class 0
D:\Practice Projects\Disease Detection\dataset\Messidor-2+EyePac_Balanced\0\20060523_45300_0100_PP.png,D:\Practice Projects\Disease Detection\processed_dataset\Class 0\Messidor-2+EyePac_Balanced__train__9db8f4d8ac__20060523_45300_0100_PP.png,0,Class 0
D:\Practice Projects\Disease Detection\dataset\Messidor-2+EyePac_Balanced\0\20060523_45316_0100_PP.png,D:\Practice Projects\Disease Detection\processed_dataset\Class 0\Messidor-2+EyePac_Balanced__train__ed64ede01a__20060523_45316_0100_PP.png,0,Class 0
D:\Practice Projects\Disease Detection\dataset\Messidor-2+EyePac_Balanced\0\20060523_45467_0100_PP.png,D:\Practice Projects\Disease Detection\processed_dataset\Class 0\Messidor-2+EyePac_Balanced__train__edd5c7f068__20060523_45467_0100_PP.png,0,Class 0
D:\Practice Projects\Disease Detection\dataset\Messidor-2+EyePac_Balanced\0\20060523_47987_0100_PP.png,D:\Practice Projects\Disease Detection\processed_dataset\Class 0\Messidor-2+EyePac_Balanced__train__c7fc837abd__20060523_47987_0100_PP.png,0,Class 0
D:\Practice Projects\Disease Detection\dataset\Messidor-2+EyePac_Balanced\0\20060523_48005_0100_PP.png,D:\Practice Projects\Disease Detection\processed_dataset\Class 0\Messidor-2+EyePac_Balanced__train__f78382354d__20060523_48005_0100_PP.png,0,Class 0
D:\Practice Projects\Disease Detection\dataset\Messidor-2+EyePac_Balanced\0\20060523_48136_0100_PP.png,D:\Practice Projects\Disease Detection\processed_dataset\Class 0\Messidor-2+EyePac_Balanced__train__493f3da786__20060523_48136_0100_PP.png,0,Class 0
D:\Practice Projects\Disease Detection\dataset\Messidor-2+EyePac_Balanced\0\20060523_48406_0100_PP.png,D:\Practice Projects\Disease Detection\processed_dataset\Class 0\Messidor-2+EyePac_Balanced__train__ca8571b5ce__20060523_48406_0100_PP.png,0,Class 0
D:\Practice Projects\Disease Detection\dataset\Messidor-2+EyePac_Balanced\0\20060523_48890_0100_PP.png,D:\Practice Projects\Disease Detection\processed_dataset\Class 0\Messidor-2+EyePac_Balanced__train__7f41e77cd6__20060523_48890_0100_PP.png,0,Class 0
D:\Practice Projects\Disease Detection\dataset\Messidor-2+EyePac_Balanced\0\20060523_48931_0100_PP.png,D:\Practice Projects\Disease Detection\processed_dataset\Class 0\Messidor-2+EyePac_Balanced__train__ab98d331b6__20060523_48931_0100_PP.png,0,Class 0
D:\Practice Projects\Disease Detection\dataset\Messidor-2+EyePac_Balanced\0\20060523_49100_0100_PP.png,D:\Practice Projects\Disease Detection\processed_dataset\Class 0\Messidor-2+EyePac_Balanced__train__162e6e0eec__20060523_49100_0100_PP.png,0,Class 0
D:\Practice Projects\Disease Detection\dataset\Messidor-2+EyePac_Balanced\0\20060523_49120_0100_PP.png,D:\Practice Projects\Disease Detection\processed_dataset\Class 0\Messidor-2+EyePac_Balanced__train__777aafab86__20060523_49120_0100_PP.png,0,Class 0
D:\Practice Projects\Disease Detection\dataset\Messidor-2+EyePac_Balanced\0\20060523_49176_0100_PP.png,D:\Practice Projects\Disease Detection\processed_dataset\Class 0\Messidor-2+EyePac_Balanced__train__13eebdd279__20060523_49176_0100_PP.png,0,Class 0
D:\Practice Projects\Disease Detection\dataset\Messidor-2+EyePac_Balanced\0\20060523_49191_0100_PP.png,D:\Practice Projects\Disease Detection\processed_dataset\Class 0\Messidor-2+EyePac_Balanced__train__a0fd0cc478__20060523_49191_0100_PP.png,0,Class 0
D:\Practice Projects\Disease Detection\dataset\Messidor-2+EyePac_Balanced\0\20060523_49726_0100_PP.png,D:\Practice Projects\Disease Detection\processed_dataset\Class 0\Messidor-2+EyePac_Balanced__train__90e7939cb8__20060523_49726_0100_PP.png,0,Class 0
D:\Practice Projects\Disease Detection\dataset\Messidor-2+EyePac_Balanced\0\20060523_49745_0100_PP.png,D:\Practice Projects\Disease Detection\processed_dataset\Class 0\Messidor-2+EyePac_Balanced__train__34ee7f5681__20060523_49745_0100_PP.png,0,Class 0
D:\Practice Projects\Disease Detection\dataset\Messidor-2+EyePac_Balanced\0\20060523_50153_0100_PP.png,D:\Practice Projects\Disease Detection\processed_dataset\Class 0\Messidor-2+EyePac_Balanced__train__b4bea35ed2__20060523_50153_0100_PP.png,0,Class 0
D:\Practice Projects\Disease Detection\dataset\Messidor-2+EyePac_Balanced\0\20060523_50325_0100_PP.png,D:\Practice Projects\Disease Detection\processed_dataset\Class 0\Messidor-2+EyePac_Balanced__train__13ee94d25a__20060523_50325_0100_PP.png,0,Class 0
D:\Practice Projects\Disease Detection\dataset\Messidor-2+EyePac_Balanced\0\20060523_50631_0100_PP.png,D:\Practice Projects\Disease Detection\processed_dataset\Class 0\Messidor-2+EyePac_Balanced__train__699b6950db__20060523_50631_0100_PP.png,0,Class 0
D:\Practice Projects\Disease Detection\dataset\Messidor-2+EyePac_Balanced\0\20060529_56420_0100_PP.png,D:\Practice Projects\Disease Detection\processed_dataset\Class 0\Messidor-2+EyePac_Balanced__train__a6c1a81bc6__20060529_56420_0100_PP.png,0,Class 0
D:\Practice Projects\Disease Detection\dataset\Messidor-2+EyePac_Balanced\0\20060529_56442_0100_PP.png,D:\Practice Projects\Disease Detection\processed_dataset\Class 0\Messidor-2+EyePac_Balanced__train__1fe6181f19__20060529_56442_0100_PP.png,0,Class 0
D:\Practice Projects\Disease Detection\dataset\Messidor-2+EyePac_Balanced\0\20060529_57261_0100_PP.png,D:\Practice Projects\Disease Detection\processed_dataset\Class 0\Messidor-2+EyePac_Balanced__train__c3a7bbc652__20060529_57261_0100_PP.png,0,Class 0
D:\Practice Projects\Disease Detection\dataset\Messidor-2+EyePac_Balanced\0\20060529_57287_0100_PP.png,D:\Practice Projects\Disease Detection\processed_dataset\Class 0\Messidor-2+EyePac_Balanced__train__14cc920bdd__20060529_57287_0100_PP.png,0,Class 0
D:\Practice Projects\Disease Detection\dataset\Messidor-2+EyePac_Balanced\0\20060529_57351_0100_PP.png,D:\Practice Projects\Disease Detection\processed_dataset\Class 0\Messidor-2+EyePac_Balanced__train__62b9d388d9__20060529_57351_0100_PP.png,0,Class 0
D:\Practice Projects\Disease Detection\dataset\Messidor-2+EyePac_Balanced\0\20060530_53062_0100_PP.png,D:\Practice Projects\Disease Detection\processed_dataset\Class 0\Messidor-2+EyePac_Balanced__train__c815626371__20060530_53062_0100_PP.png,0,Class 0
D:\Practice Projects\Disease Detection\dataset\Messidor-2+EyePac_Balanced\0\20060530_53132_0100_PP.png,D:\Practice Projects\Disease Detection\processed_dataset\Class 0\Messidor-2+EyePac_Balanced__train__eec8ee3ed4__20060530_53132_0100_PP.png,0,Class 0
D:\Practice Projects\Disease Detection\dataset\Messidor-2+EyePac_Balanced\0\20060530_53597_0100_PP.png,D:\Practice Projects\Disease Detection\processed_dataset\Class 0\Messidor-2+EyePac_Balanced__train__b6f78b5950__20060530_53597_0100_PP.png,0,Class 0
D:\Practice Projects\Disease Detection\dataset\Messidor-2+EyePac_Balanced\0\20060530_53742_0100_PP.png,D:\Practice Projects\Disease Detection\processed_dataset\Class 0\Messidor-2+EyePac_Balanced__train__33d06600ca__20060530_53742_0100_PP.png,0,Class 0
D:\Practice Projects\Disease Detection\dataset\Messidor-2+EyePac_Balanced\0\20060530_53928_0100_PP.png,D:\Practice Projects\Disease Detection\processed_dataset\Class 0\Messidor-2+EyePac_Balanced__train__f78c324e90__20060530_53928_0100_PP.png,0,Class 0
D:\Practice Projects\Disease Detection\dataset\Messidor-2+EyePac_Balanced\0\20060530_53954_0100_PP.png,D:\Practice Projects\Disease Detection\processed_dataset\Class 0\Messidor-2+EyePac_Balanced__train__ef0b0fcbb9__20060530_53954_0100_PP.png,0,Class 0
D:\Practice Projects\Disease Detection\dataset\Messidor-2+EyePac_Balanced\0\20060530_55180_0100_PP.png,D:\Practice Projects\Disease Detection\processed_dataset\Class 0\Messidor-2+EyePac_Balanced__train__837e45349b__20060530_55180_0100_PP.png,0,Class 0
D:\Practice Projects\Disease Detection\dataset\Messidor-2+EyePac_Balanced\0\20060530_55607_0100_PP.png,D:\Practice Projects\Disease Detection\processed_dataset\Class 0\Messidor-2+EyePac_Balanced__train__e29d176dd7__20060530_55607_0100_PP.png,0,Class 0
D:\Practice Projects\Disease Detection\dataset\Messidor-2+EyePac_Balanced\0\IM000057.JPG,D:\Practice Projects\Disease Detection\processed_dataset\Class 0\Messidor-2+EyePac_Balanced__train__647b9f69b8__IM000057.jpg,0,Class 0
D:\Practice Projects\Disease Detection\dataset\Messidor-2+EyePac_Balanced\0\IM000080.JPG,D:\Practice Projects\Disease Detection\processed_dataset\Class 0\Messidor-2+EyePac_Balanced__train__71cf995dd8__IM000080.jpg,0,Class 0
D:\Practice Projects\Disease Detection\dataset\Messidor-2+EyePac_Balanced\0\IM000086.JPG,D:\Practice Projects\Disease Detection\processed_dataset\Class 0\Messidor-2+EyePac_Balanced__train__ef00fb197c__IM000086.jpg,0,Class 0
D:\Practice Projects\Disease Detection\dataset\Messidor-2+EyePac_Balanced\0\IM000087.JPG,D:\Practice Projects\Disease Detection\processed_dataset\Class 0\Messidor-2+EyePac_Balanced__train__03bfe5c420__IM000087.jpg,0,Class 0
D:\Practice Projects\Disease Detection\dataset\Messidor-2+EyePac_Balanced\0\IM000100.JPG,D:\Practice Projects\Disease Detection\processed_dataset\Class 0\Messidor-2+EyePac_Balanced__train__825c24b37b__IM000100.jpg,0,Class 0
D:\Practice Projects\Disease Detection\dataset\Messidor-2+EyePac_Balanced\0\IM000101.JPG,D:\Practice Projects\Disease Detection\processed_dataset\Class 0\Messidor-2+EyePac_Balanced__train__218e3cd84e__IM000101.jpg,0,Class 0
D:\Practice Projects\Disease Detection\dataset\Messidor-2+EyePac_Balanced\0\IM000107.JPG,D:\Practice Projects\Disease Detection\processed_dataset\Class 0\Messidor-2+EyePac_Balanced__train__3cd77deb84__IM000107.jpg,0,Class 0
D:\Practice Projects\Disease Detection\dataset\Messidor-2+EyePac_Balanced\1\20051020_43882_0100_PP - Copy.png,D:\Practice Projects\Disease Detection\processed_dataset\Class 1\Messidor-2+EyePac_Balanced__train__e191f26bdb__20051020_43882_0100_PP_-_Copy.png,1,Class 1
D:\Practice Projects\Disease Detection\dataset\Messidor-2+EyePac_Balanced\1\20051020_43882_0100_PP.png,D:\Practice Projects\Disease Detection\processed_dataset\Class 1\Messidor-2+EyePac_Balanced__train__e191f26bdb__20051020_43882_0100_PP.png,1,Class 1
D:\Practice Projects\Disease Detection\dataset\Messidor-2+EyePac_Balanced\1\20051020_44762_0100_PP - Copy.png,D:\Practice Projects\Disease Detection\processed_dataset\Class 1\Messidor-2+EyePac_Balanced__train__6a7cec5052__20051020_44762_0100_PP_-_Copy.png,1,Class 1
D:\Practice Projects\Disease Detection\dataset\Messidor-2+EyePac_Balanced\1\20051020_44762_0100_PP.png,D:\Practice Projects\Disease Detection\processed_dataset\Class 1\Messidor-2+EyePac_Balanced__train__6a7cec5052__20051020_44762_0100_PP.png,1,Class 1
D:\Practice Projects\Disease Detection\dataset\Messidor-2+EyePac_Balanced\1\20051020_45004_0100_PP - Copy.png,D:\Practice Projects\Disease Detection\processed_dataset\Class 1\Messidor-2+EyePac_Balanced__train__f1cb3d7b1b__20051020_45004_0100_PP_-_Copy.png,1,Class 1
D:\Practice Projects\Disease Detection\dataset\Messidor-2+EyePac_Balanced\1\20051020_45004_0100_PP.png,D:\Practice Projects\Disease Detection\processed_dataset\Class 1\Messidor-2+EyePac_Balanced__train__f1cb3d7b1b__20051020_45004_0100_PP.png,1,Class 1
D:\Practice Projects\Disease Detection\dataset\Messidor-2+EyePac_Balanced\1\20051020_63045_0100_PP.png,D:\Practice Projects\Disease Detection\processed_dataset\Class 1\Messidor-2+EyePac_Balanced__train__f8e10c3bb0__20051020_63045_0100_PP.png,1,Class 1
D:\Practice Projects\Disease Detection\dataset\Messidor-2+EyePac_Balanced\1\20051020_63829_0100_PP - Copy.png,D:\Practice Projects\Disease Detection\processed_dataset\Class 1\Messidor-2+EyePac_Balanced__train__d31dc886d9__20051020_63829_0100_PP_-_Copy.png,1,Class 1
D:\Practice Projects\Disease Detection\dataset\Messidor-2+EyePac_Balanced\1\20051020_63829_0100_PP.png,D:\Practice Projects\Disease Detection\processed_dataset\Class 1\Messidor-2+EyePac_Balanced__train__d31dc886d9__20051020_63829_0100_PP.png,1,Class 1
D:\Practice Projects\Disease Detection\dataset\Messidor-2+EyePac_Balanced\1\20051020_63936_0100_PP - Copy.png,D:\Practice Projects\Disease Detection\processed_dataset\Class 1\Messidor-2+EyePac_Balanced__train__a50b5d606f__20051020_63936_0100_PP_-_Copy.png,1,Class 1
D:\Practice Projects\Disease Detection\dataset\Messidor-2+EyePac_Balanced\1\20051020_63936_0100_PP.png,D:\Practice Projects\Disease Detection\processed_dataset\Class 1\Messidor-2+EyePac_Balanced__train__a50b5d606f__20051020_63936_0100_PP.png,1,Class 1
D:\Practice Projects\Disease Detection\dataset\Messidor-2+EyePac_Balanced\1\20051020_64703_0100_PP - Copy.png,D:\Practice Projects\Disease Detection\processed_dataset\Class 1\Messidor-2+EyePac_Balanced__train__65279025cc__20051020_64703_0100_PP_-_Copy.png,1,Class 1
D:\Practice Projects\Disease Detection\dataset\Messidor-2+EyePac_Balanced\1\20051020_64703_0100_PP.png,D:\Practice Projects\Disease Detection\processed_dataset\Class 1\Messidor-2+EyePac_Balanced__train__65279025cc__20051020_64703_0100_PP.png,1,Class 1
D:\Practice Projects\Disease Detection\dataset\Messidor-2+EyePac_Balanced\1\20051020_64945_0100_PP - Copy.png,D:\Practice Projects\Disease Detection\processed_dataset\Class 1\Messidor-2+EyePac_Balanced__train__b1bd0b02f8__20051020_64945_0100_PP_-_Copy.png,1,Class 1
D:\Practice Projects\Disease Detection\dataset\Messidor-2+EyePac_Balanced\1\20051020_64945_0100_PP.png,D:\Practice Projects\Disease Detection\processed_dataset\Class 1\Messidor-2+EyePac_Balanced__train__b1bd0b02f8__20051020_64945_0100_PP.png,1,Class 1
D:\Practice Projects\Disease Detection\dataset\Messidor-2+EyePac_Balanced\1\20051021_40018_0100_PP - Copy.png,D:\Practice Projects\Disease Detection\processed_dataset\Class 1\Messidor-2+EyePac_Balanced__train__f52edac685__20051021_40018_0100_PP_-_Copy.png,1,Class 1
D:\Practice Projects\Disease Detection\dataset\Messidor-2+EyePac_Balanced\1\20051021_40018_0100_PP.png,D:\Practice Projects\Disease Detection\processed_dataset\Class 1\Messidor-2+EyePac_Balanced__train__f52edac685__20051021_40018_0100_PP.png,1,Class 1
D:\Practice Projects\Disease Detection\dataset\Messidor-2+EyePac_Balanced\1\20051021_58316_0100_PP.png,D:\Practice Projects\Disease Detection\processed_dataset\Class 1\Messidor-2+EyePac_Balanced__train__a87fbd9ee6__20051021_58316_0100_PP.png,1,Class 1
D:\Practice Projects\Disease Detection\dataset\Messidor-2+EyePac_Balanced\1\20051109_57451_0400_PP - Copy.png,D:\Practice Projects\Disease Detection\processed_dataset\Class 1\Messidor-2+EyePac_Balanced__train__68df44466c__20051109_57451_0400_PP_-_Copy.png,1,Class 1
D:\Practice Projects\Disease Detection\dataset\Messidor-2+EyePac_Balanced\1\20051109_57451_0400_PP.png,D:\Practice Projects\Disease Detection\processed_dataset\Class 1\Messidor-2+EyePac_Balanced__train__68df44466c__20051109_57451_0400_PP.png,1,Class 1
D:\Practice Projects\Disease Detection\dataset\Messidor-2+EyePac_Balanced\1\20051109_59751_0400_PP - Copy.png,D:\Practice Projects\Disease Detection\processed_dataset\Class 1\Messidor-2+EyePac_Balanced__train__048a4e8b18__20051109_59751_0400_PP_-_Copy.png,1,Class 1
D:\Practice Projects\Disease Detection\dataset\Messidor-2+EyePac_Balanced\1\20051109_59751_0400_PP.png,D:\Practice Projects\Disease Detection\processed_dataset\Class 1\Messidor-2+EyePac_Balanced__train__048a4e8b18__20051109_59751_0400_PP.png,1,Class 1
D:\Practice Projects\Disease Detection\dataset\Messidor-2+EyePac_Balanced\1\20051109_59864_0400_PP - Copy.png,D:\Practice Projects\Disease Detection\processed_dataset\Class 1\Messidor-2+EyePac_Balanced__train__46acd14fb8__20051109_59864_0400_PP_-_Copy.png,1,Class 1
D:\Practice Projects\Disease Detection\dataset\Messidor-2+EyePac_Balanced\1\20051109_59864_0400_PP.png,D:\Practice Projects\Disease Detection\processed_dataset\Class 1\Messidor-2+EyePac_Balanced__train__46acd14fb8__20051109_59864_0400_PP.png,1,Class 1
D:\Practice Projects\Disease Detection\dataset\Messidor-2+EyePac_Balanced\1\20051110_35926_0400_PP - Copy.png,D:\Practice Projects\Disease Detection\processed_dataset\Class 1\Messidor-2+EyePac_Balanced__train__ef3e499e0e__20051110_35926_0400_PP_-_Copy.png,1,Class 1
D:\Practice Projects\Disease Detection\dataset\Messidor-2+EyePac_Balanced\1\20051110_35926_0400_PP.png,D:\Practice Projects\Disease Detection\processed_dataset\Class 1\Messidor-2+EyePac_Balanced__train__ef3e499e0e__20051110_35926_0400_PP.png,1,Class 1
D:\Practice Projects\Disease Detection\dataset\Messidor-2+EyePac_Balanced\1\20051110_38194_0400_PP - Copy.png,D:\Practice Projects\Disease Detection\processed_dataset\Class 1\Messidor-2+EyePac_Balanced__train__6137e7576d__20051110_38194_0400_PP_-_Copy.png,1,Class 1
D:\Practice Projects\Disease Detection\dataset\Messidor-2+EyePac_Balanced\1\20051110_38194_0400_PP.png,D:\Practice Projects\Disease Detection\processed_dataset\Class 1\Messidor-2+EyePac_Balanced__train__6137e7576d__20051110_38194_0400_PP.png,1,Class 1
D:\Practice Projects\Disease Detection\dataset\Messidor-2+EyePac_Balanced\1\20051110_38239_0400_PP - Copy.png,D:\Practice Projects\Disease Detection\processed_dataset\Class 1\Messidor-2+EyePac_Balanced__train__ed9f489b9a__20051110_38239_0400_PP_-_Copy.png,1,Class 1
D:\Practice Projects\Disease Detection\dataset\Messidor-2+EyePac_Balanced\1\20051110_38239_0400_PP.png,D:\Practice Projects\Disease Detection\processed_dataset\Class 1\Messidor-2+EyePac_Balanced__train__ed9f489b9a__20051110_38239_0400_PP.png,1,Class 1
D:\Practice Projects\Disease Detection\dataset\Messidor-2+EyePac_Balanced\1\20051116_44615_0400_PP - Copy.png,D:\Practice Projects\Disease Detection\processed_dataset\Class 1\Messidor-2+EyePac_Balanced__train__e38c7f770f__20051116_44615_0400_PP_-_Copy.png,1,Class 1
D:\Practice Projects\Disease Detection\dataset\Messidor-2+EyePac_Balanced\1\20051116_44615_0400_PP.png,D:\Practice Projects\Disease Detection\processed_dataset\Class 1\Messidor-2+EyePac_Balanced__train__e38c7f770f__20051116_44615_0400_PP.png,1,Class 1
D:\Practice Projects\Disease Detection\dataset\Messidor-2+EyePac_Balanced\1\20051116_44750_0400_PP - Copy.png,D:\Practice Projects\Disease Detection\processed_dataset\Class 1\Messidor-2+EyePac_Balanced__train__5ae5dcbbbd__20051116_44750_0400_PP_-_Copy.png,1,Class 1
D:\Practice Projects\Disease Detection\dataset\Messidor-2+EyePac_Balanced\1\20051116_44750_0400_PP.png,D:\Practice Projects\Disease Detection\processed_dataset\Class 1\Messidor-2+EyePac_Balanced__train__5ae5dcbbbd__20051116_44750_0400_PP.png,1,Class 1
D:\Practice Projects\Disease Detection\dataset\Messidor-2+EyePac_Balanced\1\20051116_44804_0400_PP - Copy.png,D:\Practice Projects\Disease Detection\processed_dataset\Class 1\Messidor-2+EyePac_Balanced__train__060051fc27__20051116_44804_0400_PP_-_Copy.png,1,Class 1
D:\Practice Projects\Disease Detection\dataset\Messidor-2+EyePac_Balanced\1\20051116_44804_0400_PP.png,D:\Practice Projects\Disease Detection\processed_dataset\Class 1\Messidor-2+EyePac_Balanced__train__060051fc27__20051116_44804_0400_PP.png,1,Class 1
D:\Practice Projects\Disease Detection\dataset\Messidor-2+EyePac_Balanced\1\20051116_44816_0400_PP - Copy.png,D:\Practice Projects\Disease Detection\processed_dataset\Class 1\Messidor-2+EyePac_Balanced__train__5ebfaa90b2__20051116_44816_0400_PP_-_Copy.png,1,Class 1
D:\Practice Projects\Disease Detection\dataset\Messidor-2+EyePac_Balanced\1\20051116_44816_0400_PP.png,D:\Practice Projects\Disease Detection\processed_dataset\Class 1\Messidor-2+EyePac_Balanced__train__5ebfaa90b2__20051116_44816_0400_PP.png,1,Class 1
D:\Practice Projects\Disease Detection\dataset\Messidor-2+EyePac_Balanced\1\20051116_54484_0400_PP - Copy.png,D:\Practice Projects\Disease Detection\processed_dataset\Class 1\Messidor-2+EyePac_Balanced__train__5bd0a6512a__20051116_54484_0400_PP_-_Copy.png,1,Class 1
D:\Practice Projects\Disease Detection\dataset\Messidor-2+EyePac_Balanced\1\20051116_54484_0400_PP.png,D:\Practice Projects\Disease Detection\processed_dataset\Class 1\Messidor-2+EyePac_Balanced__train__5bd0a6512a__20051116_54484_0400_PP.png,1,Class 1
D:\Practice Projects\Disease Detection\dataset\Messidor-2+EyePac_Balanced\1\20051116_54587_0400_PP.png,D:\Practice Projects\Disease Detection\processed_dataset\Class 1\Messidor-2+EyePac_Balanced__train__fd670b3317__20051116_54587_0400_PP.png,1,Class 1
D:\Practice Projects\Disease Detection\dataset\Messidor-2+EyePac_Balanced\1\20051116_54663_0400_PP - Copy.png,D:\Practice Projects\Disease Detection\processed_dataset\Class 1\Messidor-2+EyePac_Balanced__train__33809feb08__20051116_54663_0400_PP_-_Copy.png,1,Class 1
D:\Practice Projects\Disease Detection\dataset\Messidor-2+EyePac_Balanced\1\20051116_54663_0400_PP.png,D:\Practice Projects\Disease Detection\processed_dataset\Class 1\Messidor-2+EyePac_Balanced__train__33809feb08__20051116_54663_0400_PP.png,1,Class 1
D:\Practice Projects\Disease Detection\dataset\Messidor-2+EyePac_Balanced\1\20051117_37213_0400_PP - Copy.png,D:\Practice Projects\Disease Detection\processed_dataset\Class 1\Messidor-2+EyePac_Balanced__train__67a6079749__20051117_37213_0400_PP_-_Copy.png,1,Class 1
D:\Practice Projects\Disease Detection\dataset\Messidor-2+EyePac_Balanced\1\20051117_37213_0400_PP.png,D:\Practice Projects\Disease Detection\processed_dataset\Class 1\Messidor-2+EyePac_Balanced__train__67a6079749__20051117_37213_0400_PP.png,1,Class 1
D:\Practice Projects\Disease Detection\dataset\Messidor-2+EyePac_Balanced\1\20051130_54333_0400_PP - Copy.png,D:\Practice Projects\Disease Detection\processed_dataset\Class 1\Messidor-2+EyePac_Balanced__train__34485fa85b__20051130_54333_0400_PP_-_Copy.png,1,Class 1
D:\Practice Projects\Disease Detection\dataset\Messidor-2+EyePac_Balanced\1\20051130_54333_0400_PP.png,D:\Practice Projects\Disease Detection\processed_dataset\Class 1\Messidor-2+EyePac_Balanced__train__34485fa85b__20051130_54333_0400_PP.png,1,Class 1
D:\Practice Projects\Disease Detection\dataset\Messidor-2+EyePac_Balanced\1\20051130_54616_0400_PP - Copy.png,D:\Practice Projects\Disease Detection\processed_dataset\Class 1\Messidor-2+EyePac_Balanced__train__5e0fbb942d__20051130_54616_0400_PP_-_Copy.png,1,Class 1
D:\Practice Projects\Disease Detection\dataset\Messidor-2+EyePac_Balanced\1\20051130_54616_0400_PP.png,D:\Practice Projects\Disease Detection\processed_dataset\Class 1\Messidor-2+EyePac_Balanced__train__5e0fbb942d__20051130_54616_0400_PP.png,1,Class 1
D:\Practice Projects\Disease Detection\dataset\Messidor-2+EyePac_Balanced\1\20051130_55124_0400_PP - Copy.png,D:\Practice Projects\Disease Detection\processed_dataset\Class 1\Messidor-2+EyePac_Balanced__train__d5d38098f8__20051130_55124_0400_PP_-_Copy.png,1,Class 1
D:\Practice Projects\Disease Detection\dataset\Messidor-2+EyePac_Balanced\1\20051130_55124_0400_PP.png,D:\Practice Projects\Disease Detection\processed_dataset\Class 1\Messidor-2+EyePac_Balanced__train__d5d38098f8__20051130_55124_0400_PP.png,1,Class 1
D:\Practice Projects\Disease Detection\dataset\Messidor-2+EyePac_Balanced\1\20051130_59916_0400_PP - Copy.png,D:\Practice Projects\Disease Detection\processed_dataset\Class 1\Messidor-2+EyePac_Balanced__train__c5c68be9b7__20051130_59916_0400_PP_-_Copy.png,1,Class 1
D:\Practice Projects\Disease Detection\dataset\Messidor-2+EyePac_Balanced\1\20051130_59916_0400_PP.png,D:\Practice Projects\Disease Detection\processed_dataset\Class 1\Messidor-2+EyePac_Balanced__train__c5c68be9b7__20051130_59916_0400_PP.png,1,Class 1
D:\Practice Projects\Disease Detection\dataset\Messidor-2+EyePac_Balanced\1\20051130_60760_0400_PP - Copy.png,D:\Practice Projects\Disease Detection\processed_dataset\Class 1\Messidor-2+EyePac_Balanced__train__083366c415__20051130_60760_0400_PP_-_Copy.png,1,Class 1
D:\Practice Projects\Disease Detection\dataset\Messidor-2+EyePac_Balanced\1\20051130_60760_0400_PP.png,D:\Practice Projects\Disease Detection\processed_dataset\Class 1\Messidor-2+EyePac_Balanced__train__083366c415__20051130_60760_0400_PP.png,1,Class 1
D:\Practice Projects\Disease Detection\dataset\Messidor-2+EyePac_Balanced\1\20051202_39630_0400_PP - Copy.png,D:\Practice Projects\Disease Detection\processed_dataset\Class 1\Messidor-2+EyePac_Balanced__train__26aefbf10c__20051202_39630_0400_PP_-_Copy.png,1,Class 1
D:\Practice Projects\Disease Detection\dataset\Messidor-2+EyePac_Balanced\1\20051202_39630_0400_PP.png,D:\Practice Projects\Disease Detection\processed_dataset\Class 1\Messidor-2+EyePac_Balanced__train__26aefbf10c__20051202_39630_0400_PP.png,1,Class 1
D:\Practice Projects\Disease Detection\dataset\Messidor-2+EyePac_Balanced\1\20051202_39708_0400_PP.png,D:\Practice Projects\Disease Detection\processed_dataset\Class 1\Messidor-2+EyePac_Balanced__train__bbbd285bfd__20051202_39708_0400_PP.png,1,Class 1
D:\Practice Projects\Disease Detection\dataset\Messidor-2+EyePac_Balanced\1\20051202_48393_0400_PP - Copy.png,D:\Practice Projects\Disease Detection\processed_dataset\Class 1\Messidor-2+EyePac_Balanced__train__0dea2f8186__20051202_48393_0400_PP_-_Copy.png,1,Class 1
D:\Practice Projects\Disease Detection\dataset\Messidor-2+EyePac_Balanced\1\20051202_48393_0400_PP.png,D:\Practice Projects\Disease Detection\processed_dataset\Class 1\Messidor-2+EyePac_Balanced__train__0dea2f8186__20051202_48393_0400_PP.png,1,Class 1
D:\Practice Projects\Disease Detection\dataset\Messidor-2+EyePac_Balanced\1\20051202_54547_0400_PP - Copy.png,D:\Practice Projects\Disease Detection\processed_dataset\Class 1\Messidor-2+EyePac_Balanced__train__8b2353cfc5__20051202_54547_0400_PP_-_Copy.png,1,Class 1
D:\Practice Projects\Disease Detection\dataset\Messidor-2+EyePac_Balanced\1\20051202_54547_0400_PP.png,D:\Practice Projects\Disease Detection\processed_dataset\Class 1\Messidor-2+EyePac_Balanced__train__8b2353cfc5__20051202_54547_0400_PP.png,1,Class 1
D:\Practice Projects\Disease Detection\dataset\Messidor-2+EyePac_Balanced\1\20051202_55498_0400_PP.png,D:\Practice Projects\Disease Detection\processed_dataset\Class 1\Messidor-2+EyePac_Balanced__train__8b2353cfc5__20051202_55498_0400_PP.png,1,Class 1
D:\Practice Projects\Disease Detection\dataset\Messidor-2+EyePac_Balanced\1\20051205_59300_0400_PP - Copy.png,D:\Practice Projects\Disease Detection\processed_dataset\Class 1\Messidor-2+EyePac_Balanced__train__6ec50f027c__20051205_59300_0400_PP_-_Copy.png,1,Class 1
D:\Practice Projects\Disease Detection\dataset\Messidor-2+EyePac_Balanced\1\20051205_59300_0400_PP.png,D:\Practice Projects\Disease Detection\processed_dataset\Class 1\Messidor-2+EyePac_Balanced__train__6ec50f027c__20051205_59300_0400_PP.png,1,Class 1
D:\Practice Projects\Disease Detection\dataset\Messidor-2+EyePac_Balanced\1\20051205_59702_0400_PP - Copy.png,D:\Practice Projects\Disease Detection\processed_dataset\Class 1\Messidor-2+EyePac_Balanced__train__7db20a1239__20051205_59702_0400_PP_-_Copy.png,1,Class 1
D:\Practice Projects\Disease Detection\dataset\Messidor-2+EyePac_Balanced\1\20051205_59702_0400_PP.png,D:\Practice Projects\Disease Detection\processed_dataset\Class 1\Messidor-2+EyePac_Balanced__train__7db20a1239__20051205_59702_0400_PP.png,1,Class 1
D:\Practice Projects\Disease Detection\dataset\Messidor-2+EyePac_Balanced\1\20051205_59715_0400_PP - Copy.png,D:\Practice Projects\Disease Detection\processed_dataset\Class 1\Messidor-2+EyePac_Balanced__train__6732acfa91__20051205_59715_0400_PP_-_Copy.png,1,Class 1
D:\Practice Projects\Disease Detection\dataset\Messidor-2+EyePac_Balanced\1\20051205_59715_0400_PP.png,D:\Practice Projects\Disease Detection\processed_dataset\Class 1\Messidor-2+EyePac_Balanced__train__6732acfa91__20051205_59715_0400_PP.png,1,Class 1
D:\Practice Projects\Disease Detection\dataset\Messidor-2+EyePac_Balanced\1\20051207_54614_0400_PP - Copy.png,D:\Practice Projects\Disease Detection\processed_dataset\Class 1\Messidor-2+EyePac_Balanced__train__b839a35a3e__20051207_54614_0400_PP_-_Copy.png,1,Class 1
D:\Practice Projects\Disease Detection\dataset\Messidor-2+EyePac_Balanced\1\20051207_54614_0400_PP.png,D:\Practice Projects\Disease Detection\processed_dataset\Class 1\Messidor-2+EyePac_Balanced__train__b839a35a3e__20051207_54614_0400_PP.png,1,Class 1
D:\Practice Projects\Disease Detection\dataset\Messidor-2+EyePac_Balanced\1\20051207_62275_0400_PP - Copy.png,D:\Practice Projects\Disease Detection\processed_dataset\Class 1\Messidor-2+EyePac_Balanced__train__176c56ae1e__20051207_62275_0400_PP_-_Copy.png,1,Class 1
D:\Practice Projects\Disease Detection\dataset\Messidor-2+EyePac_Balanced\1\20051207_62275_0400_PP.png,D:\Practice Projects\Disease Detection\processed_dataset\Class 1\Messidor-2+EyePac_Balanced__train__176c56ae1e__20051207_62275_0400_PP.png,1,Class 1
D:\Practice Projects\Disease Detection\dataset\Messidor-2+EyePac_Balanced\1\20051207_62320_0400_PP.png,D:\Practice Projects\Disease Detection\processed_dataset\Class 1\Messidor-2+EyePac_Balanced__train__e1355213c9__20051207_62320_0400_PP.png,1,Class 1
D:\Practice Projects\Disease Detection\dataset\Messidor-2+EyePac_Balanced\1\20051212_36548_0400_PP - Copy.png,D:\Practice Projects\Disease Detection\processed_dataset\Class 1\Messidor-2+EyePac_Balanced__train__4cbe1d9ed6__20051212_36548_0400_PP_-_Copy.png,1,Class 1
D:\Practice Projects\Disease Detection\dataset\Messidor-2+EyePac_Balanced\1\20051212_36548_0400_PP.png,D:\Practice Projects\Disease Detection\processed_dataset\Class 1\Messidor-2+EyePac_Balanced__train__4cbe1d9ed6__20051212_36548_0400_PP.png,1,Class 1
D:\Practice Projects\Disease Detection\dataset\Messidor-2+EyePac_Balanced\1\20051213_62046_0100_PP - Copy.png,D:\Practice Projects\Disease Detection\processed_dataset\Class 1\Messidor-2+EyePac_Balanced__train__13977b23d5__20051213_62046_0100_PP_-_Copy.png,1,Class 1
D:\Practice Projects\Disease Detection\dataset\Messidor-2+EyePac_Balanced\1\20051213_62046_0100_PP.png,D:\Practice Projects\Disease Detection\processed_dataset\Class 1\Messidor-2+EyePac_Balanced__train__13977b23d5__20051213_62046_0100_PP.png,1,Class 1
D:\Practice Projects\Disease Detection\dataset\Messidor-2+EyePac_Balanced\1\20051213_62188_0100_PP - Copy.png,D:\Practice Projects\Disease Detection\processed_dataset\Class 1\Messidor-2+EyePac_Balanced__train__dc081db0b2__20051213_62188_0100_PP_-_Copy.png,1,Class 1
D:\Practice Projects\Disease Detection\dataset\Messidor-2+EyePac_Balanced\1\20051213_62188_0100_PP.png,D:\Practice Projects\Disease Detection\processed_dataset\Class 1\Messidor-2+EyePac_Balanced__train__dc081db0b2__20051213_62188_0100_PP.png,1,Class 1
D:\Practice Projects\Disease Detection\dataset\Messidor-2+EyePac_Balanced\1\20051214_40361_0100_PP - Copy.png,D:\Practice Projects\Disease Detection\processed_dataset\Class 1\Messidor-2+EyePac_Balanced__train__fa6f00e003__20051214_40361_0100_PP_-_Copy.png,1,Class 1
D:\Practice Projects\Disease Detection\dataset\Messidor-2+EyePac_Balanced\1\20051214_40361_0100_PP.png,D:\Practice Projects\Disease Detection\processed_dataset\Class 1\Messidor-2+EyePac_Balanced__train__fa6f00e003__20051214_40361_0100_PP.png,1,Class 1
D:\Practice Projects\Disease Detection\dataset\Messidor-2+EyePac_Balanced\1\20051214_40456_0100_PP - Copy.png,D:\Practice Projects\Disease Detection\processed_dataset\Class 1\Messidor-2+EyePac_Balanced__train__c490f005e2__20051214_40456_0100_PP_-_Copy.png,1,Class 1
D:\Practice Projects\Disease Detection\dataset\Messidor-2+EyePac_Balanced\1\20051214_40456_0100_PP.png,D:\Practice Projects\Disease Detection\processed_dataset\Class 1\Messidor-2+EyePac_Balanced__train__c490f005e2__20051214_40456_0100_PP.png,1,Class 1
D:\Practice Projects\Disease Detection\dataset\Messidor-2+EyePac_Balanced\1\20051214_40719_0100_PP - Copy.png,D:\Practice Projects\Disease Detection\processed_dataset\Class 1\Messidor-2+EyePac_Balanced__train__0585f944b6__20051214_40719_0100_PP_-_Copy.png,1,Class 1
D:\Practice Projects\Disease Detection\dataset\Messidor-2+EyePac_Balanced\1\20051214_40719_0100_PP.png,D:\Practice Projects\Disease Detection\processed_dataset\Class 1\Messidor-2+EyePac_Balanced__train__0585f944b6__20051214_40719_0100_PP.png,1,Class 1
D:\Practice Projects\Disease Detection\dataset\Messidor-2+EyePac_Balanced\1\20051214_52695_0100_PP - Copy.png,D:\Practice Projects\Disease Detection\processed_dataset\Class 1\Messidor-2+EyePac_Balanced__train__f313d93919__20051214_52695_0100_PP_-_Copy.png,1,Class 1
D:\Practice Projects\Disease Detection\dataset\Messidor-2+EyePac_Balanced\1\20051214_52695_0100_PP.png,D:\Practice Projects\Disease Detection\processed_dataset\Class 1\Messidor-2+EyePac_Balanced__train__f313d93919__20051214_52695_0100_PP.png,1,Class 1
D:\Practice Projects\Disease Detection\dataset\Messidor-2+EyePac_Balanced\1\20051216_43814_0200_PP - Copy.png,D:\Practice Projects\Disease Detection\processed_dataset\Class 1\Messidor-2+EyePac_Balanced__train__7265b71a49__20051216_43814_0200_PP_-_Copy.png,1,Class 1
D:\Practice Projects\Disease Detection\dataset\Messidor-2+EyePac_Balanced\1\20051216_43814_0200_PP.png,D:\Practice Projects\Disease Detection\processed_dataset\Class 1\Messidor-2+EyePac_Balanced__train__7265b71a49__20051216_43814_0200_PP.png,1,Class 1
D:\Practice Projects\Disease Detection\dataset\Messidor-2+EyePac_Balanced\1\20051216_45100_0200_PP - Copy.png,D:\Practice Projects\Disease Detection\processed_dataset\Class 1\Messidor-2+EyePac_Balanced__train__da228070e0__20051216_45100_0200_PP_-_Copy.png,1,Class 1
D:\Practice Projects\Disease Detection\dataset\Messidor-2+EyePac_Balanced\1\20051216_45100_0200_PP.png,D:\Practice Projects\Disease Detection\processed_dataset\Class 1\Messidor-2+EyePac_Balanced__train__da228070e0__20051216_45100_0200_PP.png,1,Class 1
D:\Practice Projects\Disease Detection\dataset\Messidor-2+EyePac_Balanced\1\20051216_45375_0200_PP - Copy.png,D:\Practice Projects\Disease Detection\processed_dataset\Class 1\Messidor-2+EyePac_Balanced__train__e277e8f8f6__20051216_45375_0200_PP_-_Copy.png,1,Class 1
D:\Practice Projects\Disease Detection\dataset\Messidor-2+EyePac_Balanced\1\20051216_45375_0200_PP.png,D:\Practice Projects\Disease Detection\processed_dataset\Class 1\Messidor-2+EyePac_Balanced__train__e277e8f8f6__20051216_45375_0200_PP.png,1,Class 1
D:\Practice Projects\Disease Detection\dataset\Messidor-2+EyePac_Balanced\1\20051216_45478_0200_PP - Copy.png,D:\Practice Projects\Disease Detection\processed_dataset\Class 1\Messidor-2+EyePac_Balanced__train__760218bef5__20051216_45478_0200_PP_-_Copy.png,1,Class 1
D:\Practice Projects\Disease Detection\dataset\Messidor-2+EyePac_Balanced\1\20051216_45478_0200_PP.png,D:\Practice Projects\Disease Detection\processed_dataset\Class 1\Messidor-2+EyePac_Balanced__train__760218bef5__20051216_45478_0200_PP.png,1,Class 1
D:\Practice Projects\Disease Detection\dataset\Messidor-2+EyePac_Balanced\1\20051216_45619_0200_PP - Copy.png,D:\Practice Projects\Disease Detection\processed_dataset\Class 1\Messidor-2+EyePac_Balanced__train__d690bb9e0d__20051216_45619_0200_PP_-_Copy.png,1,Class 1
D:\Practice Projects\Disease Detection\dataset\Messidor-2+EyePac_Balanced\1\20051216_45619_0200_PP.png,D:\Practice Projects\Disease Detection\processed_dataset\Class 1\Messidor-2+EyePac_Balanced__train__d690bb9e0d__20051216_45619_0200_PP.png,1,Class 1
D:\Practice Projects\Disease Detection\dataset\Messidor-2+EyePac_Balanced\1\20051216_45757_0200_PP.png,D:\Practice Projects\Disease Detection\processed_dataset\Class 1\Messidor-2+EyePac_Balanced__train__8709fa32b9__20051216_45757_0200_PP.png,1,Class 1
D:\Practice Projects\Disease Detection\dataset\Messidor-2+EyePac_Balanced\1\20051216_45899_0200_PP - Copy.png,D:\Practice Projects\Disease Detection\processed_dataset\Class 1\Messidor-2+EyePac_Balanced__train__e5ef94b0e3__20051216_45899_0200_PP_-_Copy.png,1,Class 1
D:\Practice Projects\Disease Detection\dataset\Messidor-2+EyePac_Balanced\1\20051216_45899_0200_PP.png,D:\Practice Projects\Disease Detection\processed_dataset\Class 1\Messidor-2+EyePac_Balanced__train__e5ef94b0e3__20051216_45899_0200_PP.png,1,Class 1
D:\Practice Projects\Disease Detection\dataset\Messidor-2+EyePac_Balanced\1\20051216_46156_0200_PP - Copy.png,D:\Practice Projects\Disease Detection\processed_dataset\Class 1\Messidor-2+EyePac_Balanced__train__c346753a67__20051216_46156_0200_PP_-_Copy.png,1,Class 1
D:\Practice Projects\Disease Detection\dataset\Messidor-2+EyePac_Balanced\1\20051216_46156_0200_PP.png,D:\Practice Projects\Disease Detection\processed_dataset\Class 1\Messidor-2+EyePac_Balanced__train__c346753a67__20051216_46156_0200_PP.png,1,Class 1
D:\Practice Projects\Disease Detection\dataset\Messidor-2+EyePac_Balanced\1\20060407_39402_0200_PP - Copy.png,D:\Practice Projects\Disease Detection\processed_dataset\Class 1\Messidor-2+EyePac_Balanced__train__abba89abfe__20060407_39402_0200_PP_-_Copy.png,1,Class 1
D:\Practice Projects\Disease Detection\dataset\Messidor-2+EyePac_Balanced\1\20060407_39402_0200_PP.png,D:\Practice Projects\Disease Detection\processed_dataset\Class 1\Messidor-2+EyePac_Balanced__train__abba89abfe__20060407_39402_0200_PP.png,1,Class 1
D:\Practice Projects\Disease Detection\dataset\Messidor-2+EyePac_Balanced\1\20060407_39667_0200_PP - Copy.png,D:\Practice Projects\Disease Detection\processed_dataset\Class 1\Messidor-2+EyePac_Balanced__train__c46ac676fc__20060407_39667_0200_PP_-_Copy.png,1,Class 1
D:\Practice Projects\Disease Detection\dataset\Messidor-2+EyePac_Balanced\1\20060407_39667_0200_PP.png,D:\Practice Projects\Disease Detection\processed_dataset\Class 1\Messidor-2+EyePac_Balanced__train__c46ac676fc__20060407_39667_0200_PP.png,1,Class 1
D:\Practice Projects\Disease Detection\dataset\Messidor-2+EyePac_Balanced\1\20060407_40937_0200_PP - Copy.png,D:\Practice Projects\Disease Detection\processed_dataset\Class 1\Messidor-2+EyePac_Balanced__train__6f7e662d28__20060407_40937_0200_PP_-_Copy.png,1,Class 1
D:\Practice Projects\Disease Detection\dataset\Messidor-2+EyePac_Balanced\1\20060407_40937_0200_PP.png,D:\Practice Projects\Disease Detection\processed_dataset\Class 1\Messidor-2+EyePac_Balanced__train__6f7e662d28__20060407_40937_0200_PP.png,1,Class 1
D:\Practice Projects\Disease Detection\dataset\Messidor-2+EyePac_Balanced\1\20060407_40957_0200_PP - Copy.png,D:\Practice Projects\Disease Detection\processed_dataset\Class 1\Messidor-2+EyePac_Balanced__train__6b87dfa566__20060407_40957_0200_PP_-_Copy.png,1,Class 1
D:\Practice Projects\Disease Detection\dataset\Messidor-2+EyePac_Balanced\1\20060407_40957_0200_PP.png,D:\Practice Projects\Disease Detection\processed_dataset\Class 1\Messidor-2+EyePac_Balanced__train__6b87dfa566__20060407_40957_0200_PP.png,1,Class 1
D:\Practice Projects\Disease Detection\dataset\Messidor-2+EyePac_Balanced\1\20060407_44173_0200_PP - Copy.png,D:\Practice Projects\Disease Detection\processed_dataset\Class 1\Messidor-2+EyePac_Balanced__train__c74f3f63af__20060407_44173_0200_PP_-_Copy.png,1,Class 1
D:\Practice Projects\Disease Detection\dataset\Messidor-2+EyePac_Balanced\1\20060407_44173_0200_PP.png,D:\Practice Projects\Disease Detection\processed_dataset\Class 1\Messidor-2+EyePac_Balanced__train__c74f3f63af__20060407_44173_0200_PP.png,1,Class 1
D:\Practice Projects\Disease Detection\dataset\Messidor-2+EyePac_Balanced\1\20060407_44192_0200_PP - Copy.png,D:\Practice Projects\Disease Detection\processed_dataset\Class 1\Messidor-2+EyePac_Balanced__train__5c08d0f6ba__20060407_44192_0200_PP_-_Copy.png,1,Class 1
D:\Practice Projects\Disease Detection\dataset\Messidor-2+EyePac_Balanced\1\20060407_44192_0200_PP.png,D:\Practice Projects\Disease Detection\processed_dataset\Class 1\Messidor-2+EyePac_Balanced__train__5c08d0f6ba__20060407_44192_0200_PP.png,1,Class 1
D:\Practice Projects\Disease Detection\dataset\Messidor-2+EyePac_Balanced\1\20060407_45362_0200_PP - Copy.png,D:\Practice Projects\Disease Detection\processed_dataset\Class 1\Messidor-2+EyePac_Balanced__train__6853c9ab19__20060407_45362_0200_PP_-_Copy.png,1,Class 1
D:\Practice Projects\Disease Detection\dataset\Messidor-2+EyePac_Balanced\1\20060407_45362_0200_PP.png,D:\Practice Projects\Disease Detection\processed_dataset\Class 1\Messidor-2+EyePac_Balanced__train__6853c9ab19__20060407_45362_0200_PP.png,1,Class 1
D:\Practice Projects\Disease Detection\dataset\Messidor-2+EyePac_Balanced\1\20060407_45592_0200_PP - Copy.png,D:\Practice Projects\Disease Detection\processed_dataset\Class 1\Messidor-2+EyePac_Balanced__train__d0c2da8e30__20060407_45592_0200_PP_-_Copy.png,1,Class 1
D:\Practice Projects\Disease Detection\dataset\Messidor-2+EyePac_Balanced\1\20060407_45592_0200_PP.png,D:\Practice Projects\Disease Detection\processed_dataset\Class 1\Messidor-2+EyePac_Balanced__train__d0c2da8e30__20060407_45592_0200_PP.png,1,Class 1
D:\Practice Projects\Disease Detection\dataset\Messidor-2+EyePac_Balanced\1\20060407_45932_0200_PP - Copy.png,D:\Practice Projects\Disease Detection\processed_dataset\Class 1\Messidor-2+EyePac_Balanced__train__7a648a631e__20060407_45932_0200_PP_-_Copy.png,1,Class 1
D:\Practice Projects\Disease Detection\dataset\Messidor-2+EyePac_Balanced\1\20060407_45932_0200_PP.png,D:\Practice Projects\Disease Detection\processed_dataset\Class 1\Messidor-2+EyePac_Balanced__train__7a648a631e__20060407_45932_0200_PP.png,1,Class 1
D:\Practice Projects\Disease Detection\dataset\Messidor-2+EyePac_Balanced\1\20060407_46050_0200_PP.png,D:\Practice Projects\Disease Detection\processed_dataset\Class 1\Messidor-2+EyePac_Balanced__train__9b58dd697e__20060407_46050_0200_PP.png,1,Class 1
D:\Practice Projects\Disease Detection\dataset\Messidor-2+EyePac_Balanced\1\20060410_39203_0200_PP - Copy.png,D:\Practice Projects\Disease Detection\processed_dataset\Class 1\Messidor-2+EyePac_Balanced__train__542fcf299a__20060410_39203_0200_PP_-_Copy.png,1,Class 1
D:\Practice Projects\Disease Detection\dataset\Messidor-2+EyePac_Balanced\1\20060410_39203_0200_PP.png,D:\Practice Projects\Disease Detection\processed_dataset\Class 1\Messidor-2+EyePac_Balanced__train__542fcf299a__20060410_39203_0200_PP.png,1,Class 1
D:\Practice Projects\Disease Detection\dataset\Messidor-2+EyePac_Balanced\1\20060410_39334_0200_PP - Copy.png,D:\Practice Projects\Disease Detection\processed_dataset\Class 1\Messidor-2+EyePac_Balanced__train__7c13aa0ee2__20060410_39334_0200_PP_-_Copy.png,1,Class 1
D:\Practice Projects\Disease Detection\dataset\Messidor-2+EyePac_Balanced\1\20060410_39334_0200_PP.png,D:\Practice Projects\Disease Detection\processed_dataset\Class 1\Messidor-2+EyePac_Balanced__train__7c13aa0ee2__20060410_39334_0200_PP.png,1,Class 1
D:\Practice Projects\Disease Detection\dataset\Messidor-2+EyePac_Balanced\1\20060410_39355_0200_PP - Copy.png,D:\Practice Projects\Disease Detection\processed_dataset\Class 1\Messidor-2+EyePac_Balanced__train__0b0b15225e__20060410_39355_0200_PP_-_Copy.png,1,Class 1
D:\Practice Projects\Disease Detection\dataset\Messidor-2+EyePac_Balanced\1\20060410_39355_0200_PP.png,D:\Practice Projects\Disease Detection\processed_dataset\Class 1\Messidor-2+EyePac_Balanced__train__0b0b15225e__20060410_39355_0200_PP.png,1,Class 1
D:\Practice Projects\Disease Detection\dataset\Messidor-2+EyePac_Balanced\1\20060410_39726_0200_PP - Copy.png,D:\Practice Projects\Disease Detection\processed_dataset\Class 1\Messidor-2+EyePac_Balanced__train__bd3aedead4__20060410_39726_0200_PP_-_Copy.png,1,Class 1
D:\Practice Projects\Disease Detection\dataset\Messidor-2+EyePac_Balanced\1\20060410_39726_0200_PP.png,D:\Practice Projects\Disease Detection\processed_dataset\Class 1\Messidor-2+EyePac_Balanced__train__bd3aedead4__20060410_39726_0200_PP.png,1,Class 1
D:\Practice Projects\Disease Detection\dataset\Messidor-2+EyePac_Balanced\1\20060410_40381_0200_PP - Copy.png,D:\Practice Projects\Disease Detection\processed_dataset\Class 1\Messidor-2+EyePac_Balanced__train__e7092fe5d0__20060410_40381_0200_PP_-_Copy.png,1,Class 1
D:\Practice Projects\Disease Detection\dataset\Messidor-2+EyePac_Balanced\1\20060410_40381_0200_PP.png,D:\Practice Projects\Disease Detection\processed_dataset\Class 1\Messidor-2+EyePac_Balanced__train__e7092fe5d0__20060410_40381_0200_PP.png,1,Class 1
D:\Practice Projects\Disease Detection\dataset\Messidor-2+EyePac_Balanced\1\20060410_40605_0200_PP.png,D:\Practice Projects\Disease Detection\processed_dataset\Class 1\Messidor-2+EyePac_Balanced__train__adfed81c1a__20060410_40605_0200_PP.png,1,Class 1
D:\Practice Projects\Disease Detection\dataset\Messidor-2+EyePac_Balanced\1\20060410_40830_0200_PP.png,D:\Practice Projects\Disease Detection\processed_dataset\Class 1\Messidor-2+EyePac_Balanced__train__461646c432__20060410_40830_0200_PP.png,1,Class 1
D:\Practice Projects\Disease Detection\dataset\Messidor-2+EyePac_Balanced\1\20060410_41330_0200_PP.png,D:\Practice Projects\Disease Detection\processed_dataset\Class 1\Messidor-2+EyePac_Balanced__train__dc87d8e378__20060410_41330_0200_PP.png,1,Class 1
D:\Practice Projects\Disease Detection\dataset\Messidor-2+EyePac_Balanced\1\20060410_41747_0200_PP.png,D:\Practice Projects\Disease Detection\processed_dataset\Class 1\Messidor-2+EyePac_Balanced__train__fc6664ec1f__20060410_41747_0200_PP.png,1,Class 1
D:\Practice Projects\Disease Detection\dataset\Messidor-2+EyePac_Balanced\1\20060410_43675_0200_PP.png,D:\Practice Projects\Disease Detection\processed_dataset\Class 1\Messidor-2+EyePac_Balanced__train__c4dfd9caf9__20060410_43675_0200_PP.png,1,Class 1
D:\Practice Projects\Disease Detection\dataset\Messidor-2+EyePac_Balanced\1\20060410_43959_0200_PP.png,D:\Practice Projects\Disease Detection\processed_dataset\Class 1\Messidor-2+EyePac_Balanced__train__59f7ebdfa9__20060410_43959_0200_PP.png,1,Class 1
D:\Practice Projects\Disease Detection\dataset\Messidor-2+EyePac_Balanced\1\20060410_44623_0200_PP.png,D:\Practice Projects\Disease Detection\processed_dataset\Class 1\Messidor-2+EyePac_Balanced__train__b7ce25172e__20060410_44623_0200_PP.png,1,Class 1
D:\Practice Projects\Disease Detection\dataset\Messidor-2+EyePac_Balanced\1\20060410_46874_0200_PP.png,D:\Practice Projects\Disease Detection\processed_dataset\Class 1\Messidor-2+EyePac_Balanced__train__62700ce73e__20060410_46874_0200_PP.png,1,Class 1
D:\Practice Projects\Disease Detection\dataset\Messidor-2+EyePac_Balanced\1\20060410_47331_0200_PP.png,D:\Practice Projects\Disease Detection\processed_dataset\Class 1\Messidor-2+EyePac_Balanced__train__2ba7dc867f__20060410_47331_0200_PP.png,1,Class 1
D:\Practice Projects\Disease Detection\dataset\Messidor-2+EyePac_Balanced\1\20060411_57986_0200_PP.png,D:\Practice Projects\Disease Detection\processed_dataset\Class 1\Messidor-2+EyePac_Balanced__train__27b04d9eb5__20060411_57986_0200_PP.png,1,Class 1
D:\Practice Projects\Disease Detection\dataset\Messidor-2+EyePac_Balanced\1\20060411_58155_0200_PP.png,D:\Practice Projects\Disease Detection\processed_dataset\Class 1\Messidor-2+EyePac_Balanced__train__7b005ebd0f__20060411_58155_0200_PP.png,1,Class 1
D:\Practice Projects\Disease Detection\dataset\Messidor-2+EyePac_Balanced\1\20060411_59587_0200_PP.png,D:\Practice Projects\Disease Detection\processed_dataset\Class 1\Messidor-2+EyePac_Balanced__train__d53d6944e3__20060411_59587_0200_PP.png,1,Class 1
D:\Practice Projects\Disease Detection\dataset\Messidor-2+EyePac_Balanced\1\20060411_59941_0200_PP.png,D:\Practice Projects\Disease Detection\processed_dataset\Class 1\Messidor-2+EyePac_Balanced__train__e81676bde8__20060411_59941_0200_PP.png,1,Class 1
D:\Practice Projects\Disease Detection\dataset\Messidor-2+EyePac_Balanced\1\20060411_60028_0200_PP.png,D:\Practice Projects\Disease Detection\processed_dataset\Class 1\Messidor-2+EyePac_Balanced__train__9a18d3a8cc__20060411_60028_0200_PP.png,1,Class 1
D:\Practice Projects\Disease Detection\dataset\Messidor-2+EyePac_Balanced\1\20060411_60347_0200_PP.png,D:\Practice Projects\Disease Detection\processed_dataset\Class 1\Messidor-2+EyePac_Balanced__train__cdd65f19af__20060411_60347_0200_PP.png,1,Class 1
D:\Practice Projects\Disease Detection\dataset\Messidor-2+EyePac_Balanced\1\20060411_60368_0200_PP.png,D:\Practice Projects\Disease Detection\processed_dataset\Class 1\Messidor-2+EyePac_Balanced__train__034bd1ce9b__20060411_60368_0200_PP.png,1,Class 1
D:\Practice Projects\Disease Detection\dataset\Messidor-2+EyePac_Balanced\1\20060411_60446_0200_PP.png,D:\Practice Projects\Disease Detection\processed_dataset\Class 1\Messidor-2+EyePac_Balanced__train__5ee84043ee__20060411_60446_0200_PP.png,1,Class 1
D:\Practice Projects\Disease Detection\dataset\Messidor-2+EyePac_Balanced\1\20060411_60533_0200_PP.png,D:\Practice Projects\Disease Detection\processed_dataset\Class 1\Messidor-2+EyePac_Balanced__train__ad0a6adc6c__20060411_60533_0200_PP.png,1,Class 1
D:\Practice Projects\Disease Detection\dataset\Messidor-2+EyePac_Balanced\1\20060411_61029_0200_PP.png,D:\Practice Projects\Disease Detection\processed_dataset\Class 1\Messidor-2+EyePac_Balanced__train__b7c5ee66aa__20060411_61029_0200_PP.png,1,Class 1
D:\Practice Projects\Disease Detection\dataset\Messidor-2+EyePac_Balanced\1\20060411_61548_0200_PP.png,D:\Practice Projects\Disease Detection\processed_dataset\Class 1\Messidor-2+EyePac_Balanced__train__72e574cff6__20060411_61548_0200_PP.png,1,Class 1
D:\Practice Projects\Disease Detection\dataset\Messidor-2+EyePac_Balanced\1\20060411_61564_0200_PP.png,D:\Practice Projects\Disease Detection\processed_dataset\Class 1\Messidor-2+EyePac_Balanced__train__fbbf2fd246__20060411_61564_0200_PP.png,1,Class 1
D:\Practice Projects\Disease Detection\dataset\Messidor-2+EyePac_Balanced\1\20060411_61979_0200_PP.png,D:\Practice Projects\Disease Detection\processed_dataset\Class 1\Messidor-2+EyePac_Balanced__train__1592c09303__20060411_61979_0200_PP.png,1,Class 1
D:\Practice Projects\Disease Detection\dataset\Messidor-2+EyePac_Balanced\1\20060412_51775_0200_PP.png,D:\Practice Projects\Disease Detection\processed_dataset\Class 1\Messidor-2+EyePac_Balanced__train__5259fb0ca2__20060412_51775_0200_PP.png,1,Class 1
D:\Practice Projects\Disease Detection\dataset\Messidor-2+EyePac_Balanced\1\20060412_52587_0200_PP.png,D:\Practice Projects\Disease Detection\processed_dataset\Class 1\Messidor-2+EyePac_Balanced__train__5c41469e19__20060412_52587_0200_PP.png,1,Class 1
D:\Practice Projects\Disease Detection\dataset\Messidor-2+EyePac_Balanced\1\20060412_52758_0200_PP.png,D:\Practice Projects\Disease Detection\processed_dataset\Class 1\Messidor-2+EyePac_Balanced__train__f79cf13838__20060412_52758_0200_PP.png,1,Class 1
D:\Practice Projects\Disease Detection\dataset\Messidor-2+EyePac_Balanced\1\20060412_52997_0200_PP.png,D:\Practice Projects\Disease Detection\processed_dataset\Class 1\Messidor-2+EyePac_Balanced__train__72fd65dfa1__20060412_52997_0200_PP.png,1,Class 1
D:\Practice Projects\Disease Detection\dataset\Messidor-2+EyePac_Balanced\1\20060412_57846_0200_PP.png,D:\Practice Projects\Disease Detection\processed_dataset\Class 1\Messidor-2+EyePac_Balanced__train__764ba5bd24__20060412_57846_0200_PP.png,1,Class 1
D:\Practice Projects\Disease Detection\dataset\Messidor-2+EyePac_Balanced\1\20060412_58368_0200_PP.png,D:\Practice Projects\Disease Detection\processed_dataset\Class 1\Messidor-2+EyePac_Balanced__train__221b213ca4__20060412_58368_0200_PP.png,1,Class 1
D:\Practice Projects\Disease Detection\dataset\Messidor-2+EyePac_Balanced\1\20060412_58387_0200_PP.png,D:\Practice Projects\Disease Detection\processed_dataset\Class 1\Messidor-2+EyePac_Balanced__train__2bd56ca383__20060412_58387_0200_PP.png,1,Class 1
D:\Practice Projects\Disease Detection\dataset\Messidor-2+EyePac_Balanced\1\20060412_58668_0200_PP.png,D:\Practice Projects\Disease Detection\processed_dataset\Class 1\Messidor-2+EyePac_Balanced__train__c185949cb3__20060412_58668_0200_PP.png,1,Class 1
D:\Practice Projects\Disease Detection\dataset\Messidor-2+EyePac_Balanced\1\20060412_58945_0200_PP.png,D:\Practice Projects\Disease Detection\processed_dataset\Class 1\Messidor-2+EyePac_Balanced__train__1f851783c1__20060412_58945_0200_PP.png,1,Class 1
D:\Practice Projects\Disease Detection\dataset\Messidor-2+EyePac_Balanced\1\20060412_59012_0200_PP.png,D:\Practice Projects\Disease Detection\processed_dataset\Class 1\Messidor-2+EyePac_Balanced__train__6d8f8c2144__20060412_59012_0200_PP.png,1,Class 1
D:\Practice Projects\Disease Detection\dataset\Messidor-2+EyePac_Balanced\1\20060412_59037_0200_PP.png,D:\Practice Projects\Disease Detection\processed_dataset\Class 1\Messidor-2+EyePac_Balanced__train__ee3ceb4a25__20060412_59037_0200_PP.png,1,Class 1
D:\Practice Projects\Disease Detection\dataset\Messidor-2+EyePac_Balanced\1\20060412_59100_0200_PP.png,D:\Practice Projects\Disease Detection\processed_dataset\Class 1\Messidor-2+EyePac_Balanced__train__9ff45a9815__20060412_59100_0200_PP.png,1,Class 1
D:\Practice Projects\Disease Detection\dataset\Messidor-2+EyePac_Balanced\1\20060412_59124_0200_PP.png,D:\Practice Projects\Disease Detection\processed_dataset\Class 1\Messidor-2+EyePac_Balanced__train__fc8f7df6a0__20060412_59124_0200_PP.png,1,Class 1
D:\Practice Projects\Disease Detection\dataset\Messidor-2+EyePac_Balanced\1\20060412_59400_0200_PP.png,D:\Practice Projects\Disease Detection\processed_dataset\Class 1\Messidor-2+EyePac_Balanced__train__cd770d29ac__20060412_59400_0200_PP.png,1,Class 1
D:\Practice Projects\Disease Detection\dataset\Messidor-2+EyePac_Balanced\1\20060412_59423_0200_PP.png,D:\Practice Projects\Disease Detection\processed_dataset\Class 1\Messidor-2+EyePac_Balanced__train__da857f405c__20060412_59423_0200_PP.png,1,Class 1
D:\Practice Projects\Disease Detection\dataset\Messidor-2+EyePac_Balanced\1\20060412_59636_0200_PP.png,D:\Practice Projects\Disease Detection\processed_dataset\Class 1\Messidor-2+EyePac_Balanced__train__2c67ff4371__20060412_59636_0200_PP.png,1,Class 1
D:\Practice Projects\Disease Detection\dataset\Messidor-2+EyePac_Balanced\1\20060412_59658_0200_PP.png,D:\Practice Projects\Disease Detection\processed_dataset\Class 1\Messidor-2+EyePac_Balanced__train__388cf9b1cf__20060412_59658_0200_PP.png,1,Class 1
D:\Practice Projects\Disease Detection\dataset\Messidor-2+EyePac_Balanced\1\20060412_60337_0200_PP.png,D:\Practice Projects\Disease Detection\processed_dataset\Class 1\Messidor-2+EyePac_Balanced__train__108643d6aa__20060412_60337_0200_PP.png,1,Class 1
D:\Practice Projects\Disease Detection\dataset\Messidor-2+EyePac_Balanced\1\20060412_60475_0200_PP.png,D:\Practice Projects\Disease Detection\processed_dataset\Class 1\Messidor-2+EyePac_Balanced__train__78f6f2e520__20060412_60475_0200_PP.png,1,Class 1
D:\Practice Projects\Disease Detection\dataset\Messidor-2+EyePac_Balanced\1\20060412_60825_0200_PP.png,D:\Practice Projects\Disease Detection\processed_dataset\Class 1\Messidor-2+EyePac_Balanced__train__4ba0ce7fe6__20060412_60825_0200_PP.png,1,Class 1
D:\Practice Projects\Disease Detection\dataset\Messidor-2+EyePac_Balanced\1\20060412_60845_0200_PP.png,D:\Practice Projects\Disease Detection\processed_dataset\Class 1\Messidor-2+EyePac_Balanced__train__05ec88f67a__20060412_60845_0200_PP.png,1,Class 1
D:\Practice Projects\Disease Detection\dataset\Messidor-2+EyePac_Balanced\1\20060412_61316_0200_PP.png,D:\Practice Projects\Disease Detection\processed_dataset\Class 1\Messidor-2+EyePac_Balanced__train__1fa240ffeb__20060412_61316_0200_PP.png,1,Class 1
D:\Practice Projects\Disease Detection\dataset\Messidor-2+EyePac_Balanced\1\20060412_61593_0200_PP.png,D:\Practice Projects\Disease Detection\processed_dataset\Class 1\Messidor-2+EyePac_Balanced__train__6546949fdb__20060412_61593_0200_PP.png,1,Class 1
D:\Practice Projects\Disease Detection\dataset\Messidor-2+EyePac_Balanced\1\20060412_61615_0200_PP.png,D:\Practice Projects\Disease Detection\processed_dataset\Class 1\Messidor-2+EyePac_Balanced__train__f082232e18__20060412_61615_0200_PP.png,1,Class 1
D:\Practice Projects\Disease Detection\dataset\Messidor-2+EyePac_Balanced\1\20060412_61681_0200_PP.png,D:\Practice Projects\Disease Detection\processed_dataset\Class 1\Messidor-2+EyePac_Balanced__train__fa62044c6c__20060412_61681_0200_PP.png,1,Class 1
D:\Practice Projects\Disease Detection\dataset\Messidor-2+EyePac_Balanced\1\20060412_63009_0200_PP.png,D:\Practice Projects\Disease Detection\processed_dataset\Class 1\Messidor-2+EyePac_Balanced__train__8686fcae8b__20060412_63009_0200_PP.png,1,Class 1
D:\Practice Projects\Disease Detection\dataset\Messidor-2+EyePac_Balanced\1\20060412_63032_0200_PP.png,D:\Practice Projects\Disease Detection\processed_dataset\Class 1\Messidor-2+EyePac_Balanced__train__bf5ffa9d5e__20060412_63032_0200_PP.png,1,Class 1
D:\Practice Projects\Disease Detection\dataset\Messidor-2+EyePac_Balanced\1\20060412_63104_0200_PP.png,D:\Practice Projects\Disease Detection\processed_dataset\Class 1\Messidor-2+EyePac_Balanced__train__414d6efd93__20060412_63104_0200_PP.png,1,Class 1
D:\Practice Projects\Disease Detection\dataset\Messidor-2+EyePac_Balanced\1\20060522_45069_0100_PP.png,D:\Practice Projects\Disease Detection\processed_dataset\Class 1\Messidor-2+EyePac_Balanced__train__e568677b69__20060522_45069_0100_PP.png,1,Class 1
D:\Practice Projects\Disease Detection\dataset\Messidor-2+EyePac_Balanced\1\20060522_45935_0100_PP.png,D:\Practice Projects\Disease Detection\processed_dataset\Class 1\Messidor-2+EyePac_Balanced__train__b841ea23d5__20060522_45935_0100_PP.png,1,Class 1
D:\Practice Projects\Disease Detection\dataset\Messidor-2+EyePac_Balanced\1\20060522_45967_0100_PP.png,D:\Practice Projects\Disease Detection\processed_dataset\Class 1\Messidor-2+EyePac_Balanced__train__b7809b5cb1__20060522_45967_0100_PP.png,1,Class 1
D:\Practice Projects\Disease Detection\dataset\Messidor-2+EyePac_Balanced\1\20060523_43267_0100_PP.png,D:\Practice Projects\Disease Detection\processed_dataset\Class 1\Messidor-2+EyePac_Balanced__train__bec232e720__20060523_43267_0100_PP.png,1,Class 1
D:\Practice Projects\Disease Detection\dataset\Messidor-2+EyePac_Balanced\1\20060523_48643_0100_PP.png,D:\Practice Projects\Disease Detection\processed_dataset\Class 1\Messidor-2+EyePac_Balanced__train__7b8111bf8d__20060523_48643_0100_PP.png,1,Class 1
D:\Practice Projects\Disease Detection\dataset\Messidor-2+EyePac_Balanced\1\20060523_48816_0100_PP.png,D:\Practice Projects\Disease Detection\processed_dataset\Class 1\Messidor-2+EyePac_Balanced__train__e609187471__20060523_48816_0100_PP.png,1,Class 1
D:\Practice Projects\Disease Detection\dataset\Messidor-2+EyePac_Balanced\1\20060523_49269_0100_PP.png,D:\Practice Projects\Disease Detection\processed_dataset\Class 1\Messidor-2+EyePac_Balanced__train__5644f6f2d5__20060523_49269_0100_PP.png,1,Class 1
D:\Practice Projects\Disease Detection\dataset\Messidor-2+EyePac_Balanced\1\20060523_49288_0100_PP.png,D:\Practice Projects\Disease Detection\processed_dataset\Class 1\Messidor-2+EyePac_Balanced__train__7946450011__20060523_49288_0100_PP.png,1,Class 1
D:\Practice Projects\Disease Detection\dataset\Messidor-2+EyePac_Balanced\1\20060523_49449_0100_PP.png,D:\Practice Projects\Disease Detection\processed_dataset\Class 1\Messidor-2+EyePac_Balanced__train__2ed2afafd2__20060523_49449_0100_PP.png,1,Class 1
D:\Practice Projects\Disease Detection\dataset\Messidor-2+EyePac_Balanced\1\20060523_49591_0100_PP.png,D:\Practice Projects\Disease Detection\processed_dataset\Class 1\Messidor-2+EyePac_Balanced__train__dc13b34eb1__20060523_49591_0100_PP.png,1,Class 1
D:\Practice Projects\Disease Detection\dataset\Messidor-2+EyePac_Balanced\1\20060523_50730_0100_PP.png,D:\Practice Projects\Disease Detection\processed_dataset\Class 1\Messidor-2+EyePac_Balanced__train__aac8c02469__20060523_50730_0100_PP.png,1,Class 1
D:\Practice Projects\Disease Detection\dataset\Messidor-2+EyePac_Balanced\1\20060529_56853_0100_PP.png,D:\Practice Projects\Disease Detection\processed_dataset\Class 1\Messidor-2+EyePac_Balanced__train__0be51b09c9__20060529_56853_0100_PP.png,1,Class 1
D:\Practice Projects\Disease Detection\dataset\Messidor-2+EyePac_Balanced\1\20060529_57174_0100_PP.png,D:\Practice Projects\Disease Detection\processed_dataset\Class 1\Messidor-2+EyePac_Balanced__train__9a9ab4a411__20060529_57174_0100_PP.png,1,Class 1
D:\Practice Projects\Disease Detection\dataset\Messidor-2+EyePac_Balanced\1\20060530_53617_0100_PP.png,D:\Practice Projects\Disease Detection\processed_dataset\Class 1\Messidor-2+EyePac_Balanced__train__1f511b75c5__20060530_53617_0100_PP.png,1,Class 1
D:\Practice Projects\Disease Detection\dataset\Messidor-2+EyePac_Balanced\1\20060530_55370_0100_PP.png,D:\Practice Projects\Disease Detection\processed_dataset\Class 1\Messidor-2+EyePac_Balanced__train__83dd2fc4b2__20060530_55370_0100_PP.png,1,Class 1
D:\Practice Projects\Disease Detection\dataset\Messidor-2+EyePac_Balanced\1\20060530_55390_0100_PP.png,D:\Practice Projects\Disease Detection\processed_dataset\Class 1\Messidor-2+EyePac_Balanced__train__91f8724005__20060530_55390_0100_PP.png,1,Class 1
D:\Practice Projects\Disease Detection\dataset\Messidor-2+EyePac_Balanced\1\20060530_55451_0100_PP.png,D:\Practice Projects\Disease Detection\processed_dataset\Class 1\Messidor-2+EyePac_Balanced__train__1071baa22e__20060530_55451_0100_PP.png,1,Class 1
D:\Practice Projects\Disease Detection\dataset\Messidor-2+EyePac_Balanced\1\20060530_55628_0100_PP.png,D:\Practice Projects\Disease Detection\processed_dataset\Class 1\Messidor-2+EyePac_Balanced__train__5618774db2__20060530_55628_0100_PP.png,1,Class 1
D:\Practice Projects\Disease Detection\dataset\Messidor-2+EyePac_Balanced\1\IM000013.JPG,D:\Practice Projects\Disease Detection\processed_dataset\Class 1\Messidor-2+EyePac_Balanced__train__a6011cacdf__IM000013.jpg,1,Class 1
D:\Practice Projects\Disease Detection\dataset\Messidor-2+EyePac_Balanced\1\IM000066.JPG,D:\Practice Projects\Disease Detection\processed_dataset\Class 1\Messidor-2+EyePac_Balanced__train__7b6fb7bb88__IM000066.jpg,1,Class 1
D:\Practice Projects\Disease Detection\dataset\Messidor-2+EyePac_Balanced\1\IM000079.JPG,D:\Practice Projects\Disease Detection\processed_dataset\Class 1\Messidor-2+EyePac_Balanced__train__538ca4afb9__IM000079.jpg,1,Class 1
D:\Practice Projects\Disease Detection\dataset\Messidor-2+EyePac_Balanced\1\IM000145.JPG,D:\Practice Projects\Disease Detection\processed_dataset\Class 1\Messidor-2+EyePac_Balanced__train__7a25ff3c98__IM000145.jpg,1,Class 1
D:\Practice Projects\Disease Detection\dataset\Messidor-2+EyePac_Balanced\1\IM000320.JPG,D:\Practice Projects\Disease Detection\processed_dataset\Class 1\Messidor-2+EyePac_Balanced__train__f203cf3fe9__IM000320.jpg,1,Class 1
D:\Practice Projects\Disease Detection\dataset\Messidor-2+EyePac_Balanced\1\IM000405.JPG,D:\Practice Projects\Disease Detection\processed_dataset\Class 1\Messidor-2+EyePac_Balanced__train__07ec848cd6__IM000405.jpg,1,Class 1
D:\Practice Projects\Disease Detection\dataset\Messidor-2+EyePac_Balanced\1\IM000406.JPG,D:\Practice Projects\Disease Detection\processed_dataset\Class 1\Messidor-2+EyePac_Balanced__train__be3be8ad90__IM000406.jpg,1,Class 1
D:\Practice Projects\Disease Detection\dataset\Messidor-2+EyePac_Balanced\1\IM000500.JPG,D:\Practice Projects\Disease Detection\processed_dataset\Class 1\Messidor-2+EyePac_Balanced__train__2198f23542__IM000500.jpg,1,Class 1
D:\Practice Projects\Disease Detection\dataset\Messidor-2+EyePac_Balanced\1\IM000530.JPG,D:\Practice Projects\Disease Detection\processed_dataset\Class 1\Messidor-2+EyePac_Balanced__train__53b6954a5e__IM000530.jpg,1,Class 1
D:\Practice Projects\Disease Detection\dataset\Messidor-2+EyePac_Balanced\1\IM000654.JPG,D:\Practice Projects\Disease Detection\processed_dataset\Class 1\Messidor-2+EyePac_Balanced__train__2230b033aa__IM000654.jpg,1,Class 1
D:\Practice Projects\Disease Detection\dataset\Messidor-2+EyePac_Balanced\1\IM000725.JPG,D:\Practice Projects\Disease Detection\processed_dataset\Class 1\Messidor-2+EyePac_Balanced__train__d66248f505__IM000725.jpg,1,Class 1
D:\Practice Projects\Disease Detection\dataset\Messidor-2+EyePac_Balanced\1\IM000732.JPG,D:\Practice Projects\Disease Detection\processed_dataset\Class 1\Messidor-2+EyePac_Balanced__train__636cb943fa__IM000732.jpg,1,Class 1
D:\Practice Projects\Disease Detection\dataset\Messidor-2+EyePac_Balanced\1\IM000768.JPG,D:\Practice Projects\Disease Detection\processed_dataset\Class 1\Messidor-2+EyePac_Balanced__train__8358ef97e2__IM000768.jpg,1,Class 1
D:\Practice Projects\Disease Detection\dataset\Messidor-2+EyePac_Balanced\1\IM000769.JPG,D:\Practice Projects\Disease Detection\processed_dataset\Class 1\Messidor-2+EyePac_Balanced__train__44d4792762__IM000769.jpg,1,Class 1
D:\Practice Projects\Disease Detection\dataset\Messidor-2+EyePac_Balanced\1\IM000826.JPG,D:\Practice Projects\Disease Detection\processed_dataset\Class 1\Messidor-2+EyePac_Balanced__train__758183d6e0__IM000826.jpg,1,Class 1
D:\Practice Projects\Disease Detection\dataset\Messidor-2+EyePac_Balanced\1\IM000880.JPG,D:\Practice Projects\Disease Detection\processed_dataset\Class 1\Messidor-2+EyePac_Balanced__train__a2765003d5__IM000880.jpg,1,Class 1
D:\Practice Projects\Disease Detection\dataset\Messidor-2+EyePac_Balanced\1\IM000984.JPG,D:\Practice Projects\Disease Detection\processed_dataset\Class 1\Messidor-2+EyePac_Balanced__train__f45c84f403__IM000984.jpg,1,Class 1
D:\Practice Projects\Disease Detection\dataset\Messidor-2+EyePac_Balanced\1\IM001033.JPG,D:\Practice Projects\Disease Detection\processed_dataset\Class 1\Messidor-2+EyePac_Balanced__train__82a67ef169__IM001033.jpg,1,Class 1
D:\Practice Projects\Disease Detection\dataset\Messidor-2+EyePac_Balanced\1\IM001110.JPG,D:\Practice Projects\Disease Detection\processed_dataset\Class 1\Messidor-2+EyePac_Balanced__train__3253592a45__IM001110.jpg,1,Class 1
D:\Practice Projects\Disease Detection\dataset\Messidor-2+EyePac_Balanced\1\IM001146.JPG,D:\Practice Projects\Disease Detection\processed_dataset\Class 1\Messidor-2+EyePac_Balanced__train__92cc8fb07c__IM001146.jpg,1,Class 1
D:\Practice Projects\Disease Detection\dataset\Messidor-2+EyePac_Balanced\1\IM001200.JPG,D:\Practice Projects\Disease Detection\processed_dataset\Class 1\Messidor-2+EyePac_Balanced__train__1ad71f4182__IM001200.jpg,1,Class 1
D:\Practice Projects\Disease Detection\dataset\Messidor-2+EyePac_Balanced\1\IM001218.JPG,D:\Practice Projects\Disease Detection\processed_dataset\Class 1\Messidor-2+EyePac_Balanced__train__24e916c75e__IM001218.jpg,1,Class 1
D:\Practice Projects\Disease Detection\dataset\Messidor-2+EyePac_Balanced\1\IM001301.JPG,D:\Practice Projects\Disease Detection\processed_dataset\Class 1\Messidor-2+EyePac_Balanced__train__8a564720e8__IM001301.jpg,1,Class 1
D:\Practice Projects\Disease Detection\dataset\Messidor-2+EyePac_Balanced\1\IM001307.JPG,D:\Practice Projects\Disease Detection\processed_dataset\Class 1\Messidor-2+EyePac_Balanced__train__cf000a90a2__IM001307.jpg,1,Class 1
D:\Practice Projects\Disease Detection\dataset\Messidor-2+EyePac_Balanced\1\IM001439.JPG,D:\Practice Projects\Disease Detection\processed_dataset\Class 1\Messidor-2+EyePac_Balanced__train__71c4fe2f02__IM001439.jpg,1,Class 1
D:\Practice Projects\Disease Detection\dataset\Messidor-2+EyePac_Balanced\1\IM001643.JPG,D:\Practice Projects\Disease Detection\processed_dataset\Class 1\Messidor-2+EyePac_Balanced__train__94ca40e5a7__IM001643.jpg,1,Class 1
D:\Practice Projects\Disease Detection\dataset\Messidor-2+EyePac_Balanced\1\IM001681.JPG,D:\Practice Projects\Disease Detection\processed_dataset\Class 1\Messidor-2+EyePac_Balanced__train__1e5fe64657__IM001681.jpg,1,Class 1
D:\Practice Projects\Disease Detection\dataset\Messidor-2+EyePac_Balanced\1\IM001805.JPG,D:\Practice Projects\Disease Detection\processed_dataset\Class 1\Messidor-2+EyePac_Balanced__train__fa2c8a2f5c__IM001805.jpg,1,Class 1
D:\Practice Projects\Disease Detection\dataset\Messidor-2+EyePac_Balanced\1\IM001880.JPG,D:\Practice Projects\Disease Detection\processed_dataset\Class 1\Messidor-2+EyePac_Balanced__train__07d10ec93d__IM001880.jpg,1,Class 1
D:\Practice Projects\Disease Detection\dataset\Messidor-2+EyePac_Balanced\1\IM001926.JPG,D:\Practice Projects\Disease Detection\processed_dataset\Class 1\Messidor-2+EyePac_Balanced__train__ca00c33a87__IM001926.jpg,1,Class 1
D:\Practice Projects\Disease Detection\dataset\Messidor-2+EyePac_Balanced\1\IM001927.JPG,D:\Practice Projects\Disease Detection\processed_dataset\Class 1\Messidor-2+EyePac_Balanced__train__446411870c__IM001927.jpg,1,Class 1
D:\Practice Projects\Disease Detection\dataset\Messidor-2+EyePac_Balanced\1\IM001964.JPG,D:\Practice Projects\Disease Detection\processed_dataset\Class 1\Messidor-2+EyePac_Balanced__train__5f99f6115f__IM001964.jpg,1,Class 1
D:\Practice Projects\Disease Detection\dataset\Messidor-2+EyePac_Balanced\1\IM002033.JPG,D:\Practice Projects\Disease Detection\processed_dataset\Class 1\Messidor-2+EyePac_Balanced__train__e991b7f178__IM002033.jpg,1,Class 1
D:\Practice Projects\Disease Detection\dataset\Messidor-2+EyePac_Balanced\1\IM002148.JPG,D:\Practice Projects\Disease Detection\processed_dataset\Class 1\Messidor-2+EyePac_Balanced__train__58a768a8c1__IM002148.jpg,1,Class 1
D:\Practice Projects\Disease Detection\dataset\Messidor-2+EyePac_Balanced\1\IM002252.JPG,D:\Practice Projects\Disease Detection\processed_dataset\Class 1\Messidor-2+EyePac_Balanced__train__7201211c15__IM002252.jpg,1,Class 1
D:\Practice Projects\Disease Detection\dataset\Messidor-2+EyePac_Balanced\1\IM002455.JPG,D:\Practice Projects\Disease Detection\processed_dataset\Class 1\Messidor-2+EyePac_Balanced__train__f3c44eb0fe__IM002455.jpg,1,Class 1
D:\Practice Projects\Disease Detection\dataset\Messidor-2+EyePac_Balanced\1\IM002529.JPG,D:\Practice Projects\Disease Detection\processed_dataset\Class 1\Messidor-2+EyePac_Balanced__train__abacb14990__IM002529.jpg,1,Class 1
D:\Practice Projects\Disease Detection\dataset\Messidor-2+EyePac_Balanced\1\IM002530.JPG,D:\Practice Projects\Disease Detection\processed_dataset\Class 1\Messidor-2+EyePac_Balanced__train__e4a3a338f7__IM002530.jpg,1,Class 1
D:\Practice Projects\Disease Detection\dataset\Messidor-2+EyePac_Balanced\1\IM002584.JPG,D:\Practice Projects\Disease Detection\processed_dataset\Class 1\Messidor-2+EyePac_Balanced__train__f1689662b2__IM002584.jpg,1,Class 1
D:\Practice Projects\Disease Detection\dataset\Messidor-2+EyePac_Balanced\1\IM002901.JPG,D:\Practice Projects\Disease Detection\processed_dataset\Class 1\Messidor-2+EyePac_Balanced__train__0d2ecff204__IM002901.jpg,1,Class 1
D:\Practice Projects\Disease Detection\dataset\Messidor-2+EyePac_Balanced\1\IM002991.JPG,D:\Practice Projects\Disease Detection\processed_dataset\Class 1\Messidor-2+EyePac_Balanced__train__c39bda55e7__IM002991.jpg,1,Class 1
D:\Practice Projects\Disease Detection\dataset\Messidor-2+EyePac_Balanced\1\IM003146.JPG,D:\Practice Projects\Disease Detection\processed_dataset\Class 1\Messidor-2+EyePac_Balanced__train__57231f05fb__IM003146.jpg,1,Class 1
D:\Practice Projects\Disease Detection\dataset\Messidor-2+EyePac_Balanced\1\IM003222.JPG,D:\Practice Projects\Disease Detection\processed_dataset\Class 1\Messidor-2+EyePac_Balanced__train__8d09f4fef1__IM003222.jpg,1,Class 1
D:\Practice Projects\Disease Detection\dataset\Messidor-2+EyePac_Balanced\1\IM003330.JPG,D:\Practice Projects\Disease Detection\processed_dataset\Class 1\Messidor-2+EyePac_Balanced__train__d798412f5c__IM003330.jpg,1,Class 1
D:\Practice Projects\Disease Detection\dataset\Messidor-2+EyePac_Balanced\1\IM003475.JPG,D:\Practice Projects\Disease Detection\processed_dataset\Class 1\Messidor-2+EyePac_Balanced__train__82c793132d__IM003475.jpg,1,Class 1
D:\Practice Projects\Disease Detection\dataset\Messidor-2+EyePac_Balanced\1\IM003602.JPG,D:\Practice Projects\Disease Detection\processed_dataset\Class 1\Messidor-2+EyePac_Balanced__train__c66285e75b__IM003602.jpg,1,Class 1
D:\Practice Projects\Disease Detection\dataset\Messidor-2+EyePac_Balanced\1\IM003688.JPG,D:\Practice Projects\Disease Detection\processed_dataset\Class 1\Messidor-2+EyePac_Balanced__train__1a79065300__IM003688.jpg,1,Class 1
D:\Practice Projects\Disease Detection\dataset\Messidor-2+EyePac_Balanced\1\IM004086.JPG,D:\Practice Projects\Disease Detection\processed_dataset\Class 1\Messidor-2+EyePac_Balanced__train__08571e79ce__IM004086.jpg,1,Class 1
D:\Practice Projects\Disease Detection\dataset\Messidor-2+EyePac_Balanced\1\IM004184.JPG,D:\Practice Projects\Disease Detection\processed_dataset\Class 1\Messidor-2+EyePac_Balanced__train__2203f19c30__IM004184.jpg,1,Class 1
D:\Practice Projects\Disease Detection\dataset\Messidor-2+EyePac_Balanced\1\IM004797.JPG,D:\Practice Projects\Disease Detection\processed_dataset\Class 1\Messidor-2+EyePac_Balanced__train__8c3ea16a77__IM004797.jpg,1,Class 1
D:\Practice Projects\Disease Detection\dataset\Messidor-2+EyePac_Balanced\1\IM004811.JPG,D:\Practice Projects\Disease Detection\processed_dataset\Class 1\Messidor-2+EyePac_Balanced__train__760a865bd6__IM004811.jpg,1,Class 1
D:\Practice Projects\Disease Detection\dataset\Messidor-2+EyePac_Balanced\2\20051020_44901_0100_PP.png,D:\Practice Projects\Disease Detection\processed_dataset\Class 2\Messidor-2+EyePac_Balanced__train__f0f5bfaf86__20051020_44901_0100_PP.png,2,Class 2
D:\Practice Projects\Disease Detection\dataset\Messidor-2+EyePac_Balanced\2\20051020_44923_0100_PP.png,D:\Practice Projects\Disease Detection\processed_dataset\Class 2\Messidor-2+EyePac_Balanced__train__e345b16583__20051020_44923_0100_PP.png,2,Class 2
D:\Practice Projects\Disease Detection\dataset\Messidor-2+EyePac_Balanced\2\20051020_57566_0100_PP.png,D:\Practice Projects\Disease Detection\processed_dataset\Class 2\Messidor-2+EyePac_Balanced__train__531e1568cd__20051020_57566_0100_PP.png,2,Class 2
D:\Practice Projects\Disease Detection\dataset\Messidor-2+EyePac_Balanced\2\20051020_57622_0100_PP.png,D:\Practice Projects\Disease Detection\processed_dataset\Class 2\Messidor-2+EyePac_Balanced__train__cb97f23fcc__20051020_57622_0100_PP.png,2,Class 2
D:\Practice Projects\Disease Detection\dataset\Messidor-2+EyePac_Balanced\2\20051020_57844_0100_PP - Copy.png,D:\Practice Projects\Disease Detection\processed_dataset\Class 2\Messidor-2+EyePac_Balanced__train__23eb25124f__20051020_57844_0100_PP_-_Copy.png,2,Class 2
D:\Practice Projects\Disease Detection\dataset\Messidor-2+EyePac_Balanced\2\20051020_57844_0100_PP.png,D:\Practice Projects\Disease Detection\processed_dataset\Class 2\Messidor-2+EyePac_Balanced__train__23eb25124f__20051020_57844_0100_PP.png,2,Class 2
D:\Practice Projects\Disease Detection\dataset\Messidor-2+EyePac_Balanced\2\20051020_58214_0100_PP - Copy.png,D:\Practice Projects\Disease Detection\processed_dataset\Class 2\Messidor-2+EyePac_Balanced__train__b93bbb2686__20051020_58214_0100_PP_-_Copy.png,2,Class 2
D:\Practice Projects\Disease Detection\dataset\Messidor-2+EyePac_Balanced\2\20051020_58214_0100_PP.png,D:\Practice Projects\Disease Detection\processed_dataset\Class 2\Messidor-2+EyePac_Balanced__train__b93bbb2686__20051020_58214_0100_PP.png,2,Class 2
D:\Practice Projects\Disease Detection\dataset\Messidor-2+EyePac_Balanced\2\20051020_58276_0100_PP - Copy.png,D:\Practice Projects\Disease Detection\processed_dataset\Class 2\Messidor-2+EyePac_Balanced__train__2d3202d347__20051020_58276_0100_PP_-_Copy.png,2,Class 2
D:\Practice Projects\Disease Detection\dataset\Messidor-2+EyePac_Balanced\2\20051020_58276_0100_PP.png,D:\Practice Projects\Disease Detection\processed_dataset\Class 2\Messidor-2+EyePac_Balanced__train__2d3202d347__20051020_58276_0100_PP.png,2,Class 2
D:\Practice Projects\Disease Detection\dataset\Messidor-2+EyePac_Balanced\2\20051020_62014_0100_PP - Copy.png,D:\Practice Projects\Disease Detection\processed_dataset\Class 2\Messidor-2+EyePac_Balanced__train__f9663e69d7__20051020_62014_0100_PP_-_Copy.png,2,Class 2
D:\Practice Projects\Disease Detection\dataset\Messidor-2+EyePac_Balanced\2\20051020_62014_0100_PP.png,D:\Practice Projects\Disease Detection\processed_dataset\Class 2\Messidor-2+EyePac_Balanced__train__f9663e69d7__20051020_62014_0100_PP.png,2,Class 2
D:\Practice Projects\Disease Detection\dataset\Messidor-2+EyePac_Balanced\2\20051020_62878_0100_PP.png,D:\Practice Projects\Disease Detection\processed_dataset\Class 2\Messidor-2+EyePac_Balanced__train__717bd22e08__20051020_62878_0100_PP.png,2,Class 2
D:\Practice Projects\Disease Detection\dataset\Messidor-2+EyePac_Balanced\2\20051020_63711_0100_PP.png,D:\Practice Projects\Disease Detection\processed_dataset\Class 2\Messidor-2+EyePac_Balanced__train__de04ad29ad__20051020_63711_0100_PP.png,2,Class 2
D:\Practice Projects\Disease Detection\dataset\Messidor-2+EyePac_Balanced\2\20051021_36097_0100_PP - Copy.png,D:\Practice Projects\Disease Detection\processed_dataset\Class 2\Messidor-2+EyePac_Balanced__train__54dd78f951__20051021_36097_0100_PP_-_Copy.png,2,Class 2
D:\Practice Projects\Disease Detection\dataset\Messidor-2+EyePac_Balanced\2\20051021_36097_0100_PP.png,D:\Practice Projects\Disease Detection\processed_dataset\Class 2\Messidor-2+EyePac_Balanced__train__54dd78f951__20051021_36097_0100_PP.png,2,Class 2
D:\Practice Projects\Disease Detection\dataset\Messidor-2+EyePac_Balanced\2\20051021_39222_0100_PP.png,D:\Practice Projects\Disease Detection\processed_dataset\Class 2\Messidor-2+EyePac_Balanced__train__2ff931ba7a__20051021_39222_0100_PP.png,2,Class 2
D:\Practice Projects\Disease Detection\dataset\Messidor-2+EyePac_Balanced\2\20051021_39314_0100_PP.png,D:\Practice Projects\Disease Detection\processed_dataset\Class 2\Messidor-2+EyePac_Balanced__train__a30d59148a__20051021_39314_0100_PP.png,2,Class 2
D:\Practice Projects\Disease Detection\dataset\Messidor-2+EyePac_Balanced\2\20051021_39552_0100_PP.png,D:\Practice Projects\Disease Detection\processed_dataset\Class 2\Messidor-2+EyePac_Balanced__train__9ee242eb3d__20051021_39552_0100_PP.png,2,Class 2
D:\Practice Projects\Disease Detection\dataset\Messidor-2+EyePac_Balanced\2\20051021_39661_0100_PP.png,D:\Practice Projects\Disease Detection\processed_dataset\Class 2\Messidor-2+EyePac_Balanced__train__35d42dad06__20051021_39661_0100_PP.png,2,Class 2
D:\Practice Projects\Disease Detection\dataset\Messidor-2+EyePac_Balanced\2\20051021_40074_0100_PP.png,D:\Practice Projects\Disease Detection\processed_dataset\Class 2\Messidor-2+EyePac_Balanced__train__69c61ab290__20051021_40074_0100_PP.png,2,Class 2
D:\Practice Projects\Disease Detection\dataset\Messidor-2+EyePac_Balanced\2\20051021_40180_0100_PP.png,D:\Practice Projects\Disease Detection\processed_dataset\Class 2\Messidor-2+EyePac_Balanced__train__04e2f7a2d7__20051021_40180_0100_PP.png,2,Class 2
D:\Practice Projects\Disease Detection\dataset\Messidor-2+EyePac_Balanced\2\20051021_40248_0100_PP.png,D:\Practice Projects\Disease Detection\processed_dataset\Class 2\Messidor-2+EyePac_Balanced__train__dc7cd32a7d__20051021_40248_0100_PP.png,2,Class 2
D:\Practice Projects\Disease Detection\dataset\Messidor-2+EyePac_Balanced\2\20051021_51625_0100_PP.png,D:\Practice Projects\Disease Detection\processed_dataset\Class 2\Messidor-2+EyePac_Balanced__train__d492fed46d__20051021_51625_0100_PP.png,2,Class 2
D:\Practice Projects\Disease Detection\dataset\Messidor-2+EyePac_Balanced\2\20051021_58802_0100_PP.png,D:\Practice Projects\Disease Detection\processed_dataset\Class 2\Messidor-2+EyePac_Balanced__train__7681208bd7__20051021_58802_0100_PP.png,2,Class 2
D:\Practice Projects\Disease Detection\dataset\Messidor-2+EyePac_Balanced\2\20051021_59136_0100_PP.png,D:\Practice Projects\Disease Detection\processed_dataset\Class 2\Messidor-2+EyePac_Balanced__train__3a83b75e49__20051021_59136_0100_PP.png,2,Class 2
D:\Practice Projects\Disease Detection\dataset\Messidor-2+EyePac_Balanced\2\20051116_54429_0400_PP.png,D:\Practice Projects\Disease Detection\processed_dataset\Class 2\Messidor-2+EyePac_Balanced__train__a0e1ed8674__20051116_54429_0400_PP.png,2,Class 2
D:\Practice Projects\Disease Detection\dataset\Messidor-2+EyePac_Balanced\2\20051116_54825_0400_PP.png,D:\Practice Projects\Disease Detection\processed_dataset\Class 2\Messidor-2+EyePac_Balanced__train__8da4ddcd8d__20051116_54825_0400_PP.png,2,Class 2
D:\Practice Projects\Disease Detection\dataset\Messidor-2+EyePac_Balanced\2\20051116_54839_0400_PP.png,D:\Practice Projects\Disease Detection\processed_dataset\Class 2\Messidor-2+EyePac_Balanced__train__8fe50bbb6c__20051116_54839_0400_PP.png,2,Class 2
D:\Practice Projects\Disease Detection\dataset\Messidor-2+EyePac_Balanced\2\20051116_55649_0400_PP.png,D:\Practice Projects\Disease Detection\processed_dataset\Class 2\Messidor-2+EyePac_Balanced__train__4d7d2c70c5__20051116_55649_0400_PP.png,2,Class 2
D:\Practice Projects\Disease Detection\dataset\Messidor-2+EyePac_Balanced\2\20051116_58804_0400_PP.png,D:\Practice Projects\Disease Detection\processed_dataset\Class 2\Messidor-2+EyePac_Balanced__train__11b316a6e6__20051116_58804_0400_PP.png,2,Class 2
D:\Practice Projects\Disease Detection\dataset\Messidor-2+EyePac_Balanced\2\20051116_58835_0400_PP.png,D:\Practice Projects\Disease Detection\processed_dataset\Class 2\Messidor-2+EyePac_Balanced__train__b8b3e34d62__20051116_58835_0400_PP.png,2,Class 2
D:\Practice Projects\Disease Detection\dataset\Messidor-2+EyePac_Balanced\2\20051116_58864_0400_PP.png,D:\Practice Projects\Disease Detection\processed_dataset\Class 2\Messidor-2+EyePac_Balanced__train__c343978a92__20051116_58864_0400_PP.png,2,Class 2
D:\Practice Projects\Disease Detection\dataset\Messidor-2+EyePac_Balanced\2\20051116_58872_0400_PP.png,D:\Practice Projects\Disease Detection\processed_dataset\Class 2\Messidor-2+EyePac_Balanced__train__7a9b2f5b1f__20051116_58872_0400_PP.png,2,Class 2
D:\Practice Projects\Disease Detection\dataset\Messidor-2+EyePac_Balanced\2\20051116_59168_0400_PP.png,D:\Practice Projects\Disease Detection\processed_dataset\Class 2\Messidor-2+EyePac_Balanced__train__2c831996dd__20051116_59168_0400_PP.png,2,Class 2
D:\Practice Projects\Disease Detection\dataset\Messidor-2+EyePac_Balanced\2\20051202_54197_0400_PP.png,D:\Practice Projects\Disease Detection\processed_dataset\Class 2\Messidor-2+EyePac_Balanced__train__c1e4f37978__20051202_54197_0400_PP.png,2,Class 2
D:\Practice Projects\Disease Detection\dataset\Messidor-2+EyePac_Balanced\2\20051202_54208_0400_PP.png,D:\Practice Projects\Disease Detection\processed_dataset\Class 2\Messidor-2+EyePac_Balanced__train__6301d8772e__20051202_54208_0400_PP.png,2,Class 2
D:\Practice Projects\Disease Detection\dataset\Messidor-2+EyePac_Balanced\2\20051202_54611_0400_PP.png,D:\Practice Projects\Disease Detection\processed_dataset\Class 2\Messidor-2+EyePac_Balanced__train__b18d1654c0__20051202_54611_0400_PP.png,2,Class 2
D:\Practice Projects\Disease Detection\dataset\Messidor-2+EyePac_Balanced\2\20051202_55562_0400_PP.png,D:\Practice Projects\Disease Detection\processed_dataset\Class 2\Messidor-2+EyePac_Balanced__train__b18d1654c0__20051202_55562_0400_PP.png,2,Class 2
D:\Practice Projects\Disease Detection\dataset\Messidor-2+EyePac_Balanced\2\20051202_55607_0400_PP.png,D:\Practice Projects\Disease Detection\processed_dataset\Class 2\Messidor-2+EyePac_Balanced__train__e0bdc6063b__20051202_55607_0400_PP.png,2,Class 2
D:\Practice Projects\Disease Detection\dataset\Messidor-2+EyePac_Balanced\2\20051202_55650_0400_PP.png,D:\Practice Projects\Disease Detection\processed_dataset\Class 2\Messidor-2+EyePac_Balanced__train__899a0aea32__20051202_55650_0400_PP.png,2,Class 2
D:\Practice Projects\Disease Detection\dataset\Messidor-2+EyePac_Balanced\2\20051202_55669_0400_PP.png,D:\Practice Projects\Disease Detection\processed_dataset\Class 2\Messidor-2+EyePac_Balanced__train__d243cd59ad__20051202_55669_0400_PP.png,2,Class 2
D:\Practice Projects\Disease Detection\dataset\Messidor-2+EyePac_Balanced\2\20051202_55735_0400_PP.png,D:\Practice Projects\Disease Detection\processed_dataset\Class 2\Messidor-2+EyePac_Balanced__train__04c1b6d80f__20051202_55735_0400_PP.png,2,Class 2
D:\Practice Projects\Disease Detection\dataset\Messidor-2+EyePac_Balanced\2\20051202_55742_0400_PP.png,D:\Practice Projects\Disease Detection\processed_dataset\Class 2\Messidor-2+EyePac_Balanced__train__bd6aceb3c5__20051202_55742_0400_PP.png,2,Class 2
D:\Practice Projects\Disease Detection\dataset\Messidor-2+EyePac_Balanced\2\20051202_55816_0400_PP.png,D:\Practice Projects\Disease Detection\processed_dataset\Class 2\Messidor-2+EyePac_Balanced__train__517acb3489__20051202_55816_0400_PP.png,2,Class 2
D:\Practice Projects\Disease Detection\dataset\Messidor-2+EyePac_Balanced\2\20051202_55846_0400_PP.png,D:\Practice Projects\Disease Detection\processed_dataset\Class 2\Messidor-2+EyePac_Balanced__train__f48c329450__20051202_55846_0400_PP.png,2,Class 2
D:\Practice Projects\Disease Detection\dataset\Messidor-2+EyePac_Balanced\2\20051202_55921_0400_PP.png,D:\Practice Projects\Disease Detection\processed_dataset\Class 2\Messidor-2+EyePac_Balanced__train__8fcc488edc__20051202_55921_0400_PP.png,2,Class 2
D:\Practice Projects\Disease Detection\dataset\Messidor-2+EyePac_Balanced\2\20051202_55944_0400_PP.png,D:\Practice Projects\Disease Detection\processed_dataset\Class 2\Messidor-2+EyePac_Balanced__train__75c6757e42__20051202_55944_0400_PP.png,2,Class 2
D:\Practice Projects\Disease Detection\dataset\Messidor-2+EyePac_Balanced\2\20051202_56000_0400_PP.png,D:\Practice Projects\Disease Detection\processed_dataset\Class 2\Messidor-2+EyePac_Balanced__train__76bfde0a03__20051202_56000_0400_PP.png,2,Class 2
D:\Practice Projects\Disease Detection\dataset\Messidor-2+EyePac_Balanced\2\20051202_56012_0400_PP.png,D:\Practice Projects\Disease Detection\processed_dataset\Class 2\Messidor-2+EyePac_Balanced__train__5ef599f6d8__20051202_56012_0400_PP.png,2,Class 2
D:\Practice Projects\Disease Detection\dataset\Messidor-2+EyePac_Balanced\2\20051202_56028_0400_PP.png,D:\Practice Projects\Disease Detection\processed_dataset\Class 2\Messidor-2+EyePac_Balanced__train__d279e5c713__20051202_56028_0400_PP.png,2,Class 2
D:\Practice Projects\Disease Detection\dataset\Messidor-2+EyePac_Balanced\2\20051205_31949_0400_PP.png,D:\Practice Projects\Disease Detection\processed_dataset\Class 2\Messidor-2+EyePac_Balanced__train__c1c43d7917__20051205_31949_0400_PP.png,2,Class 2
D:\Practice Projects\Disease Detection\dataset\Messidor-2+EyePac_Balanced\2\20051205_31994_0400_PP.png,D:\Practice Projects\Disease Detection\processed_dataset\Class 2\Messidor-2+EyePac_Balanced__train__66417254f3__20051205_31994_0400_PP.png,2,Class 2
D:\Practice Projects\Disease Detection\dataset\Messidor-2+EyePac_Balanced\2\20051205_33006_0400_PP.png,D:\Practice Projects\Disease Detection\processed_dataset\Class 2\Messidor-2+EyePac_Balanced__train__9d5a3cbade__20051205_33006_0400_PP.png,2,Class 2
D:\Practice Projects\Disease Detection\dataset\Messidor-2+EyePac_Balanced\2\20051205_33012_0400_PP.png,D:\Practice Projects\Disease Detection\processed_dataset\Class 2\Messidor-2+EyePac_Balanced__train__640023643a__20051205_33012_0400_PP.png,2,Class 2
D:\Practice Projects\Disease Detection\dataset\Messidor-2+EyePac_Balanced\2\20051205_35142_0400_PP.png,D:\Practice Projects\Disease Detection\processed_dataset\Class 2\Messidor-2+EyePac_Balanced__train__7bff03572b__20051205_35142_0400_PP.png,2,Class 2
D:\Practice Projects\Disease Detection\dataset\Messidor-2+EyePac_Balanced\2\20051205_35305_0400_PP.png,D:\Practice Projects\Disease Detection\processed_dataset\Class 2\Messidor-2+EyePac_Balanced__train__a88627c554__20051205_35305_0400_PP.png,2,Class 2
D:\Practice Projects\Disease Detection\dataset\Messidor-2+EyePac_Balanced\2\20051205_35417_0400_PP.png,D:\Practice Projects\Disease Detection\processed_dataset\Class 2\Messidor-2+EyePac_Balanced__train__679250d874__20051205_35417_0400_PP.png,2,Class 2
D:\Practice Projects\Disease Detection\dataset\Messidor-2+EyePac_Balanced\2\20051207_56227_0400_PP.png,D:\Practice Projects\Disease Detection\processed_dataset\Class 2\Messidor-2+EyePac_Balanced__train__3de7fe8124__20051207_56227_0400_PP.png,2,Class 2
D:\Practice Projects\Disease Detection\dataset\Messidor-2+EyePac_Balanced\2\20051208_39438_0400_PP.png,D:\Practice Projects\Disease Detection\processed_dataset\Class 2\Messidor-2+EyePac_Balanced__train__f036d04dea__20051208_39438_0400_PP.png,2,Class 2
D:\Practice Projects\Disease Detection\dataset\Messidor-2+EyePac_Balanced\2\20051208_39462_0400_PP.png,D:\Practice Projects\Disease Detection\processed_dataset\Class 2\Messidor-2+EyePac_Balanced__train__5bf65e2a85__20051208_39462_0400_PP.png,2,Class 2
D:\Practice Projects\Disease Detection\dataset\Messidor-2+EyePac_Balanced\2\20051208_39524_0400_PP.png,D:\Practice Projects\Disease Detection\processed_dataset\Class 2\Messidor-2+EyePac_Balanced__train__c07d909038__20051208_39524_0400_PP.png,2,Class 2
D:\Practice Projects\Disease Detection\dataset\Messidor-2+EyePac_Balanced\2\20051208_39532_0400_PP.png,D:\Practice Projects\Disease Detection\processed_dataset\Class 2\Messidor-2+EyePac_Balanced__train__5f1c56b5c8__20051208_39532_0400_PP.png,2,Class 2
D:\Practice Projects\Disease Detection\dataset\Messidor-2+EyePac_Balanced\2\20051208_41373_0400_PP.png,D:\Practice Projects\Disease Detection\processed_dataset\Class 2\Messidor-2+EyePac_Balanced__train__0a3a201b4e__20051208_41373_0400_PP.png,2,Class 2
D:\Practice Projects\Disease Detection\dataset\Messidor-2+EyePac_Balanced\2\20051212_36525_0400_PP.png,D:\Practice Projects\Disease Detection\processed_dataset\Class 2\Messidor-2+EyePac_Balanced__train__29b9cebd16__20051212_36525_0400_PP.png,2,Class 2
D:\Practice Projects\Disease Detection\dataset\Messidor-2+EyePac_Balanced\2\20051212_36640_0400_PP.png,D:\Practice Projects\Disease Detection\processed_dataset\Class 2\Messidor-2+EyePac_Balanced__train__deb53008ac__20051212_36640_0400_PP.png,2,Class 2
D:\Practice Projects\Disease Detection\dataset\Messidor-2+EyePac_Balanced\2\20051212_38000_0400_PP.png,D:\Practice Projects\Disease Detection\processed_dataset\Class 2\Messidor-2+EyePac_Balanced__train__50c83ef7ef__20051212_38000_0400_PP.png,2,Class 2
D:\Practice Projects\Disease Detection\dataset\Messidor-2+EyePac_Balanced\2\20051212_38043_0400_PP.png,D:\Practice Projects\Disease Detection\processed_dataset\Class 2\Messidor-2+EyePac_Balanced__train__e6f2413adc__20051212_38043_0400_PP.png,2,Class 2
D:\Practice Projects\Disease Detection\dataset\Messidor-2+EyePac_Balanced\2\20051214_40596_0100_PP.png,D:\Practice Projects\Disease Detection\processed_dataset\Class 2\Messidor-2+EyePac_Balanced__train__be92c338ef__20051214_40596_0100_PP.png,2,Class 2
D:\Practice Projects\Disease Detection\dataset\Messidor-2+EyePac_Balanced\2\20051214_41289_0100_PP.png,D:\Practice Projects\Disease Detection\processed_dataset\Class 2\Messidor-2+EyePac_Balanced__train__3e8c1cd1b2__20051214_41289_0100_PP.png,2,Class 2
D:\Practice Projects\Disease Detection\dataset\Messidor-2+EyePac_Balanced\2\20051214_41358_0100_PP.png,D:\Practice Projects\Disease Detection\processed_dataset\Class 2\Messidor-2+EyePac_Balanced__train__13ea831f14__20051214_41358_0100_PP.png,2,Class 2
D:\Practice Projects\Disease Detection\dataset\Messidor-2+EyePac_Balanced\2\20051214_41429_0100_PP - Copy.png,D:\Practice Projects\Disease Detection\processed_dataset\Class 2\Messidor-2+EyePac_Balanced__train__96925b7025__20051214_41429_0100_PP_-_Copy.png,2,Class 2
D:\Practice Projects\Disease Detection\dataset\Messidor-2+EyePac_Balanced\2\20051214_41429_0100_PP.png,D:\Practice Projects\Disease Detection\processed_dataset\Class 2\Messidor-2+EyePac_Balanced__train__96925b7025__20051214_41429_0100_PP.png,2,Class 2
D:\Practice Projects\Disease Detection\dataset\Messidor-2+EyePac_Balanced\2\20051214_41490_0100_PP.png,D:\Practice Projects\Disease Detection\processed_dataset\Class 2\Messidor-2+EyePac_Balanced__train__63af480fba__20051214_41490_0100_PP.png,2,Class 2
D:\Practice Projects\Disease Detection\dataset\Messidor-2+EyePac_Balanced\2\20051214_41582_0100_PP.png,D:\Practice Projects\Disease Detection\processed_dataset\Class 2\Messidor-2+EyePac_Balanced__train__a8c7a3e62b__20051214_41582_0100_PP.png,2,Class 2
D:\Practice Projects\Disease Detection\dataset\Messidor-2+EyePac_Balanced\2\20051214_50895_0100_PP.png,D:\Practice Projects\Disease Detection\processed_dataset\Class 2\Messidor-2+EyePac_Balanced__train__0e5d453de7__20051214_50895_0100_PP.png,2,Class 2
D:\Practice Projects\Disease Detection\dataset\Messidor-2+EyePac_Balanced\2\20051214_51039_0100_PP.png,D:\Practice Projects\Disease Detection\processed_dataset\Class 2\Messidor-2+EyePac_Balanced__train__c33d3fe0a5__20051214_51039_0100_PP.png,2,Class 2
D:\Practice Projects\Disease Detection\dataset\Messidor-2+EyePac_Balanced\2\20051214_51071_0100_PP.png,D:\Practice Projects\Disease Detection\processed_dataset\Class 2\Messidor-2+EyePac_Balanced__train__03819b42e0__20051214_51071_0100_PP.png,2,Class 2
D:\Practice Projects\Disease Detection\dataset\Messidor-2+EyePac_Balanced\2\20051214_51811_0100_PP.png,D:\Practice Projects\Disease Detection\processed_dataset\Class 2\Messidor-2+EyePac_Balanced__train__20677781db__20051214_51811_0100_PP.png,2,Class 2
D:\Practice Projects\Disease Detection\dataset\Messidor-2+EyePac_Balanced\2\20051214_51840_0100_PP.png,D:\Practice Projects\Disease Detection\processed_dataset\Class 2\Messidor-2+EyePac_Balanced__train__c4924bc898__20051214_51840_0100_PP.png,2,Class 2
D:\Practice Projects\Disease Detection\dataset\Messidor-2+EyePac_Balanced\2\20051214_51921_0100_PP.png,D:\Practice Projects\Disease Detection\processed_dataset\Class 2\Messidor-2+EyePac_Balanced__train__4f1686950a__20051214_51921_0100_PP.png,2,Class 2
D:\Practice Projects\Disease Detection\dataset\Messidor-2+EyePac_Balanced\2\20051214_52707_0100_PP.png,D:\Practice Projects\Disease Detection\processed_dataset\Class 2\Messidor-2+EyePac_Balanced__train__19a467ce4a__20051214_52707_0100_PP.png,2,Class 2
D:\Practice Projects\Disease Detection\dataset\Messidor-2+EyePac_Balanced\2\20051214_56534_0100_PP.png,D:\Practice Projects\Disease Detection\processed_dataset\Class 2\Messidor-2+EyePac_Balanced__train__79900d1590__20051214_56534_0100_PP.png,2,Class 2
D:\Practice Projects\Disease Detection\dataset\Messidor-2+EyePac_Balanced\2\20051214_56565_0100_PP.png,D:\Practice Projects\Disease Detection\processed_dataset\Class 2\Messidor-2+EyePac_Balanced__train__f6f80e6f90__20051214_56565_0100_PP.png,2,Class 2
D:\Practice Projects\Disease Detection\dataset\Messidor-2+EyePac_Balanced\2\20051214_57230_0100_PP.png,D:\Practice Projects\Disease Detection\processed_dataset\Class 2\Messidor-2+EyePac_Balanced__train__3faaaec541__20051214_57230_0100_PP.png,2,Class 2
D:\Practice Projects\Disease Detection\dataset\Messidor-2+EyePac_Balanced\2\20051214_57377_0100_PP.png,D:\Practice Projects\Disease Detection\processed_dataset\Class 2\Messidor-2+EyePac_Balanced__train__227900a4c1__20051214_57377_0100_PP.png,2,Class 2
D:\Practice Projects\Disease Detection\dataset\Messidor-2+EyePac_Balanced\2\20051216_44939_0200_PP.png,D:\Practice Projects\Disease Detection\processed_dataset\Class 2\Messidor-2+EyePac_Balanced__train__2f233a7661__20051216_44939_0200_PP.png,2,Class 2
D:\Practice Projects\Disease Detection\dataset\Messidor-2+EyePac_Balanced\2\20051216_44961_0200_PP.png,D:\Practice Projects\Disease Detection\processed_dataset\Class 2\Messidor-2+EyePac_Balanced__train__ae6ca6b6de__20051216_44961_0200_PP.png,2,Class 2
D:\Practice Projects\Disease Detection\dataset\Messidor-2+EyePac_Balanced\2\20051216_46624_0200_PP.png,D:\Practice Projects\Disease Detection\processed_dataset\Class 2\Messidor-2+EyePac_Balanced__train__114fcbd954__20051216_46624_0200_PP.png,2,Class 2
D:\Practice Projects\Disease Detection\dataset\Messidor-2+EyePac_Balanced\2\20051216_47383_0200_PP.png,D:\Practice Projects\Disease Detection\processed_dataset\Class 2\Messidor-2+EyePac_Balanced__train__2bfaf60a21__20051216_47383_0200_PP.png,2,Class 2
D:\Practice Projects\Disease Detection\dataset\Messidor-2+EyePac_Balanced\2\20051216_47668_0200_PP.png,D:\Practice Projects\Disease Detection\processed_dataset\Class 2\Messidor-2+EyePac_Balanced__train__1e1bfffa77__20051216_47668_0200_PP.png,2,Class 2
D:\Practice Projects\Disease Detection\dataset\Messidor-2+EyePac_Balanced\2\20051216_47703_0200_PP.png,D:\Practice Projects\Disease Detection\processed_dataset\Class 2\Messidor-2+EyePac_Balanced__train__79b975533a__20051216_47703_0200_PP.png,2,Class 2
D:\Practice Projects\Disease Detection\dataset\Messidor-2+EyePac_Balanced\2\20060407_40582_0200_PP.png,D:\Practice Projects\Disease Detection\processed_dataset\Class 2\Messidor-2+EyePac_Balanced__train__49f5c5ea00__20060407_40582_0200_PP.png,2,Class 2
D:\Practice Projects\Disease Detection\dataset\Messidor-2+EyePac_Balanced\2\20060407_40624_0200_PP.png,D:\Practice Projects\Disease Detection\processed_dataset\Class 2\Messidor-2+EyePac_Balanced__train__cea84b1cc8__20060407_40624_0200_PP.png,2,Class 2
D:\Practice Projects\Disease Detection\dataset\Messidor-2+EyePac_Balanced\2\20060407_41809_0200_PP.png,D:\Practice Projects\Disease Detection\processed_dataset\Class 2\Messidor-2+EyePac_Balanced__train__e3dbcb7c16__20060407_41809_0200_PP.png,2,Class 2
D:\Practice Projects\Disease Detection\dataset\Messidor-2+EyePac_Balanced\2\20060407_41831_0200_PP.png,D:\Practice Projects\Disease Detection\processed_dataset\Class 2\Messidor-2+EyePac_Balanced__train__7535e5f0e4__20060407_41831_0200_PP.png,2,Class 2
D:\Practice Projects\Disease Detection\dataset\Messidor-2+EyePac_Balanced\2\20060407_41937_0200_PP.png,D:\Practice Projects\Disease Detection\processed_dataset\Class 2\Messidor-2+EyePac_Balanced__train__ff843e93e4__20060407_41937_0200_PP.png,2,Class 2
D:\Practice Projects\Disease Detection\dataset\Messidor-2+EyePac_Balanced\2\20060407_43436_0200_PP.png,D:\Practice Projects\Disease Detection\processed_dataset\Class 2\Messidor-2+EyePac_Balanced__train__2b1d718f30__20060407_43436_0200_PP.png,2,Class 2
D:\Practice Projects\Disease Detection\dataset\Messidor-2+EyePac_Balanced\2\20060407_44304_0200_PP.png,D:\Practice Projects\Disease Detection\processed_dataset\Class 2\Messidor-2+EyePac_Balanced__train__859f3fc765__20060407_44304_0200_PP.png,2,Class 2
D:\Practice Projects\Disease Detection\dataset\Messidor-2+EyePac_Balanced\2\20060407_44636_0200_PP.png,D:\Practice Projects\Disease Detection\processed_dataset\Class 2\Messidor-2+EyePac_Balanced__train__3d41da52fb__20060407_44636_0200_PP.png,2,Class 2
D:\Practice Projects\Disease Detection\dataset\Messidor-2+EyePac_Balanced\2\20060407_45477_0200_PP.png,D:\Practice Projects\Disease Detection\processed_dataset\Class 2\Messidor-2+EyePac_Balanced__train__a0c8fc2f23__20060407_45477_0200_PP.png,2,Class 2
D:\Practice Projects\Disease Detection\dataset\Messidor-2+EyePac_Balanced\2\20060407_45494_0200_PP.png,D:\Practice Projects\Disease Detection\processed_dataset\Class 2\Messidor-2+EyePac_Balanced__train__fe2bd42971__20060407_45494_0200_PP.png,2,Class 2
D:\Practice Projects\Disease Detection\dataset\Messidor-2+EyePac_Balanced\2\20060407_45611_0200_PP.png,D:\Practice Projects\Disease Detection\processed_dataset\Class 2\Messidor-2+EyePac_Balanced__train__6be833a411__20060407_45611_0200_PP.png,2,Class 2
D:\Practice Projects\Disease Detection\dataset\Messidor-2+EyePac_Balanced\2\20060407_46394_0200_PP.png,D:\Practice Projects\Disease Detection\processed_dataset\Class 2\Messidor-2+EyePac_Balanced__train__2d0b7c40c9__20060407_46394_0200_PP.png,2,Class 2
D:\Practice Projects\Disease Detection\dataset\Messidor-2+EyePac_Balanced\2\20060407_46422_0200_PP.png,D:\Practice Projects\Disease Detection\processed_dataset\Class 2\Messidor-2+EyePac_Balanced__train__e1d9d82a0f__20060407_46422_0200_PP.png,2,Class 2
D:\Practice Projects\Disease Detection\dataset\Messidor-2+EyePac_Balanced\2\20060410_44124_0200_PP.png,D:\Practice Projects\Disease Detection\processed_dataset\Class 2\Messidor-2+EyePac_Balanced__train__4c119887f8__20060410_44124_0200_PP.png,2,Class 2
D:\Practice Projects\Disease Detection\dataset\Messidor-2+EyePac_Balanced\2\20060410_44248_0200_PP.png,D:\Practice Projects\Disease Detection\processed_dataset\Class 2\Messidor-2+EyePac_Balanced__train__3955b6a9aa__20060410_44248_0200_PP.png,2,Class 2
D:\Practice Projects\Disease Detection\dataset\Messidor-2+EyePac_Balanced\2\20060410_47042_0200_PP.png,D:\Practice Projects\Disease Detection\processed_dataset\Class 2\Messidor-2+EyePac_Balanced__train__bf1b96477e__20060410_47042_0200_PP.png,2,Class 2
D:\Practice Projects\Disease Detection\dataset\Messidor-2+EyePac_Balanced\2\20060410_47351_0200_PP.png,D:\Practice Projects\Disease Detection\processed_dataset\Class 2\Messidor-2+EyePac_Balanced__train__ef49024593__20060410_47351_0200_PP.png,2,Class 2
D:\Practice Projects\Disease Detection\dataset\Messidor-2+EyePac_Balanced\2\20060411_51958_0200_PP.png,D:\Practice Projects\Disease Detection\processed_dataset\Class 2\Messidor-2+EyePac_Balanced__train__551e777a3f__20060411_51958_0200_PP.png,2,Class 2
D:\Practice Projects\Disease Detection\dataset\Messidor-2+EyePac_Balanced\2\20060411_57853_0200_PP.png,D:\Practice Projects\Disease Detection\processed_dataset\Class 2\Messidor-2+EyePac_Balanced__train__2d06df679d__20060411_57853_0200_PP.png,2,Class 2
D:\Practice Projects\Disease Detection\dataset\Messidor-2+EyePac_Balanced\2\20060411_58221_0200_PP.png,D:\Practice Projects\Disease Detection\processed_dataset\Class 2\Messidor-2+EyePac_Balanced__train__472a762049__20060411_58221_0200_PP.png,2,Class 2
D:\Practice Projects\Disease Detection\dataset\Messidor-2+EyePac_Balanced\2\20060411_58238_0200_PP.png,D:\Practice Projects\Disease Detection\processed_dataset\Class 2\Messidor-2+EyePac_Balanced__train__4d3f65adbd__20060411_58238_0200_PP.png,2,Class 2
D:\Practice Projects\Disease Detection\dataset\Messidor-2+EyePac_Balanced\2\20060411_58303_0200_PP.png,D:\Practice Projects\Disease Detection\processed_dataset\Class 2\Messidor-2+EyePac_Balanced__train__faa11b6516__20060411_58303_0200_PP.png,2,Class 2
D:\Practice Projects\Disease Detection\dataset\Messidor-2+EyePac_Balanced\2\20060411_58624_0200_PP.png,D:\Practice Projects\Disease Detection\processed_dataset\Class 2\Messidor-2+EyePac_Balanced__train__13588c6a91__20060411_58624_0200_PP.png,2,Class 2
D:\Practice Projects\Disease Detection\dataset\Messidor-2+EyePac_Balanced\2\20060411_59087_0200_PP.png,D:\Practice Projects\Disease Detection\processed_dataset\Class 2\Messidor-2+EyePac_Balanced__train__ec12ee6c39__20060411_59087_0200_PP.png,2,Class 2
D:\Practice Projects\Disease Detection\dataset\Messidor-2+EyePac_Balanced\2\20060411_59549_0200_PP.png,D:\Practice Projects\Disease Detection\processed_dataset\Class 2\Messidor-2+EyePac_Balanced__train__3a3a052c5a__20060411_59549_0200_PP.png,2,Class 2
D:\Practice Projects\Disease Detection\dataset\Messidor-2+EyePac_Balanced\2\20060411_59638_0200_PP.png,D:\Practice Projects\Disease Detection\processed_dataset\Class 2\Messidor-2+EyePac_Balanced__train__5b6325c524__20060411_59638_0200_PP.png,2,Class 2
D:\Practice Projects\Disease Detection\dataset\Messidor-2+EyePac_Balanced\2\20060411_59728_0200_PP.png,D:\Practice Projects\Disease Detection\processed_dataset\Class 2\Messidor-2+EyePac_Balanced__train__366b24604e__20060411_59728_0200_PP.png,2,Class 2
D:\Practice Projects\Disease Detection\dataset\Messidor-2+EyePac_Balanced\2\20060411_59747_0200_PP.png,D:\Practice Projects\Disease Detection\processed_dataset\Class 2\Messidor-2+EyePac_Balanced__train__4b5376ada7__20060411_59747_0200_PP.png,2,Class 2
D:\Practice Projects\Disease Detection\dataset\Messidor-2+EyePac_Balanced\2\20060411_59812_0200_PP.png,D:\Practice Projects\Disease Detection\processed_dataset\Class 2\Messidor-2+EyePac_Balanced__train__db90594e3a__20060411_59812_0200_PP.png,2,Class 2
D:\Practice Projects\Disease Detection\dataset\Messidor-2+EyePac_Balanced\2\20060411_59859_0200_PP.png,D:\Practice Projects\Disease Detection\processed_dataset\Class 2\Messidor-2+EyePac_Balanced__train__fc9f458d3c__20060411_59859_0200_PP.png,2,Class 2
D:\Practice Projects\Disease Detection\dataset\Messidor-2+EyePac_Balanced\2\20060411_59919_0200_PP.png,D:\Practice Projects\Disease Detection\processed_dataset\Class 2\Messidor-2+EyePac_Balanced__train__b3946dd0c3__20060411_59919_0200_PP.png,2,Class 2
D:\Practice Projects\Disease Detection\dataset\Messidor-2+EyePac_Balanced\2\20060411_60263_0200_PP.png,D:\Practice Projects\Disease Detection\processed_dataset\Class 2\Messidor-2+EyePac_Balanced__train__d910d9f09c__20060411_60263_0200_PP.png,2,Class 2
D:\Practice Projects\Disease Detection\dataset\Messidor-2+EyePac_Balanced\2\20060411_60283_0200_PP.png,D:\Practice Projects\Disease Detection\processed_dataset\Class 2\Messidor-2+EyePac_Balanced__train__c1b2c3823e__20060411_60283_0200_PP.png,2,Class 2
D:\Practice Projects\Disease Detection\dataset\Messidor-2+EyePac_Balanced\2\20060411_60426_0200_PP.png,D:\Practice Projects\Disease Detection\processed_dataset\Class 2\Messidor-2+EyePac_Balanced__train__3b5fea2a08__20060411_60426_0200_PP.png,2,Class 2
D:\Practice Projects\Disease Detection\dataset\Messidor-2+EyePac_Balanced\2\20060411_61402_0200_PP.png,D:\Practice Projects\Disease Detection\processed_dataset\Class 2\Messidor-2+EyePac_Balanced__train__b1887fcba6__20060411_61402_0200_PP.png,2,Class 2
D:\Practice Projects\Disease Detection\dataset\Messidor-2+EyePac_Balanced\2\20060411_61419_0200_PP.png,D:\Practice Projects\Disease Detection\processed_dataset\Class 2\Messidor-2+EyePac_Balanced__train__ec1f438ee5__20060411_61419_0200_PP.png,2,Class 2
D:\Practice Projects\Disease Detection\dataset\Messidor-2+EyePac_Balanced\2\20060411_61494_0200_PP.png,D:\Practice Projects\Disease Detection\processed_dataset\Class 2\Messidor-2+EyePac_Balanced__train__3fb517c659__20060411_61494_0200_PP.png,2,Class 2
D:\Practice Projects\Disease Detection\dataset\Messidor-2+EyePac_Balanced\2\20060411_61641_0200_PP.png,D:\Practice Projects\Disease Detection\processed_dataset\Class 2\Messidor-2+EyePac_Balanced__train__998d1cd6ff__20060411_61641_0200_PP.png,2,Class 2
D:\Practice Projects\Disease Detection\dataset\Messidor-2+EyePac_Balanced\2\20060411_61781_0200_PP.png,D:\Practice Projects\Disease Detection\processed_dataset\Class 2\Messidor-2+EyePac_Balanced__train__bfee29df83__20060411_61781_0200_PP.png,2,Class 2
D:\Practice Projects\Disease Detection\dataset\Messidor-2+EyePac_Balanced\2\20060411_61808_0200_PP.png,D:\Practice Projects\Disease Detection\processed_dataset\Class 2\Messidor-2+EyePac_Balanced__train__f8ced082f3__20060411_61808_0200_PP.png,2,Class 2
D:\Practice Projects\Disease Detection\dataset\Messidor-2+EyePac_Balanced\2\20060411_62298_0200_PP.png,D:\Practice Projects\Disease Detection\processed_dataset\Class 2\Messidor-2+EyePac_Balanced__train__a775fe1ebe__20060411_62298_0200_PP.png,2,Class 2
D:\Practice Projects\Disease Detection\dataset\Messidor-2+EyePac_Balanced\2\20060412_51677_0200_PP.png,D:\Practice Projects\Disease Detection\processed_dataset\Class 2\Messidor-2+EyePac_Balanced__train__4101ce1e62__20060412_51677_0200_PP.png,2,Class 2
D:\Practice Projects\Disease Detection\dataset\Messidor-2+EyePac_Balanced\2\20060412_51746_0200_PP.png,D:\Practice Projects\Disease Detection\processed_dataset\Class 2\Messidor-2+EyePac_Balanced__train__3542586093__20060412_51746_0200_PP.png,2,Class 2
D:\Practice Projects\Disease Detection\dataset\Messidor-2+EyePac_Balanced\2\20060412_51932_0200_PP.png,D:\Practice Projects\Disease Detection\processed_dataset\Class 2\Messidor-2+EyePac_Balanced__train__708caa6957__20060412_51932_0200_PP.png,2,Class 2
D:\Practice Projects\Disease Detection\dataset\Messidor-2+EyePac_Balanced\2\20060412_52245_0200_PP.png,D:\Practice Projects\Disease Detection\processed_dataset\Class 2\Messidor-2+EyePac_Balanced__train__8ca507ce53__20060412_52245_0200_PP.png,2,Class 2
D:\Practice Projects\Disease Detection\dataset\Messidor-2+EyePac_Balanced\2\20060412_52271_0200_PP.png,D:\Practice Projects\Disease Detection\processed_dataset\Class 2\Messidor-2+EyePac_Balanced__train__a75134b6cc__20060412_52271_0200_PP.png,2,Class 2
D:\Practice Projects\Disease Detection\dataset\Messidor-2+EyePac_Balanced\2\20060412_52685_0200_PP.png,D:\Practice Projects\Disease Detection\processed_dataset\Class 2\Messidor-2+EyePac_Balanced__train__f7732454be__20060412_52685_0200_PP.png,2,Class 2
D:\Practice Projects\Disease Detection\dataset\Messidor-2+EyePac_Balanced\2\20060412_52860_0200_PP.png,D:\Practice Projects\Disease Detection\processed_dataset\Class 2\Messidor-2+EyePac_Balanced__train__e5056d811a__20060412_52860_0200_PP.png,2,Class 2
D:\Practice Projects\Disease Detection\dataset\Messidor-2+EyePac_Balanced\2\20060412_57650_0200_PP.png,D:\Practice Projects\Disease Detection\processed_dataset\Class 2\Messidor-2+EyePac_Balanced__train__6ae4c7e74e__20060412_57650_0200_PP.png,2,Class 2
D:\Practice Projects\Disease Detection\dataset\Messidor-2+EyePac_Balanced\2\20060412_57680_0200_PP.png,D:\Practice Projects\Disease Detection\processed_dataset\Class 2\Messidor-2+EyePac_Balanced__train__fe9dda295b__20060412_57680_0200_PP.png,2,Class 2
D:\Practice Projects\Disease Detection\dataset\Messidor-2+EyePac_Balanced\2\20060412_58497_0200_PP.png,D:\Practice Projects\Disease Detection\processed_dataset\Class 2\Messidor-2+EyePac_Balanced__train__dfc9ecf990__20060412_58497_0200_PP.png,2,Class 2
D:\Practice Projects\Disease Detection\dataset\Messidor-2+EyePac_Balanced\2\20060412_58563_0200_PP.png,D:\Practice Projects\Disease Detection\processed_dataset\Class 2\Messidor-2+EyePac_Balanced__train__360f4907c8__20060412_58563_0200_PP.png,2,Class 2
D:\Practice Projects\Disease Detection\dataset\Messidor-2+EyePac_Balanced\2\20060412_58638_0200_PP.png,D:\Practice Projects\Disease Detection\processed_dataset\Class 2\Messidor-2+EyePac_Balanced__train__8852438826__20060412_58638_0200_PP.png,2,Class 2
D:\Practice Projects\Disease Detection\dataset\Messidor-2+EyePac_Balanced\2\20060412_58747_0200_PP.png,D:\Practice Projects\Disease Detection\processed_dataset\Class 2\Messidor-2+EyePac_Balanced__train__c365f661fd__20060412_58747_0200_PP.png,2,Class 2
D:\Practice Projects\Disease Detection\dataset\Messidor-2+EyePac_Balanced\2\20060412_58869_0200_PP.png,D:\Practice Projects\Disease Detection\processed_dataset\Class 2\Messidor-2+EyePac_Balanced__train__2f844b97bb__20060412_58869_0200_PP.png,2,Class 2
D:\Practice Projects\Disease Detection\dataset\Messidor-2+EyePac_Balanced\2\20060412_58889_0200_PP.png,D:\Practice Projects\Disease Detection\processed_dataset\Class 2\Messidor-2+EyePac_Balanced__train__af5239f522__20060412_58889_0200_PP.png,2,Class 2
D:\Practice Projects\Disease Detection\dataset\Messidor-2+EyePac_Balanced\2\20060412_59242_0200_PP.png,D:\Practice Projects\Disease Detection\processed_dataset\Class 2\Messidor-2+EyePac_Balanced__train__feaf6f2394__20060412_59242_0200_PP.png,2,Class 2
D:\Practice Projects\Disease Detection\dataset\Messidor-2+EyePac_Balanced\2\20060412_60454_0200_PP.png,D:\Practice Projects\Disease Detection\processed_dataset\Class 2\Messidor-2+EyePac_Balanced__train__cd3a7fd9b3__20060412_60454_0200_PP.png,2,Class 2
D:\Practice Projects\Disease Detection\dataset\Messidor-2+EyePac_Balanced\2\20060412_60545_0200_PP.png,D:\Practice Projects\Disease Detection\processed_dataset\Class 2\Messidor-2+EyePac_Balanced__train__25ad5aaeda__20060412_60545_0200_PP.png,2,Class 2
D:\Practice Projects\Disease Detection\dataset\Messidor-2+EyePac_Balanced\2\20060412_60895_0200_PP.png,D:\Practice Projects\Disease Detection\processed_dataset\Class 2\Messidor-2+EyePac_Balanced__train__f6b659f796__20060412_60895_0200_PP.png,2,Class 2
D:\Practice Projects\Disease Detection\dataset\Messidor-2+EyePac_Balanced\2\20060412_60978_0200_PP.png,D:\Practice Projects\Disease Detection\processed_dataset\Class 2\Messidor-2+EyePac_Balanced__train__a0a7ef1d9b__20060412_60978_0200_PP.png,2,Class 2
D:\Practice Projects\Disease Detection\dataset\Messidor-2+EyePac_Balanced\2\20060412_61000_0200_PP.png,D:\Practice Projects\Disease Detection\processed_dataset\Class 2\Messidor-2+EyePac_Balanced__train__7c96857fa1__20060412_61000_0200_PP.png,2,Class 2
D:\Practice Projects\Disease Detection\dataset\Messidor-2+EyePac_Balanced\2\20060412_61151_0200_PP.png,D:\Practice Projects\Disease Detection\processed_dataset\Class 2\Messidor-2+EyePac_Balanced__train__6dc17f53fd__20060412_61151_0200_PP.png,2,Class 2
D:\Practice Projects\Disease Detection\dataset\Messidor-2+EyePac_Balanced\2\20060412_61169_0200_PP.png,D:\Practice Projects\Disease Detection\processed_dataset\Class 2\Messidor-2+EyePac_Balanced__train__117750d4cc__20060412_61169_0200_PP.png,2,Class 2
D:\Practice Projects\Disease Detection\dataset\Messidor-2+EyePac_Balanced\2\20060412_61222_0200_PP.png,D:\Practice Projects\Disease Detection\processed_dataset\Class 2\Messidor-2+EyePac_Balanced__train__fa7082f31a__20060412_61222_0200_PP.png,2,Class 2
D:\Practice Projects\Disease Detection\dataset\Messidor-2+EyePac_Balanced\2\20060412_61501_0200_PP.png,D:\Practice Projects\Disease Detection\processed_dataset\Class 2\Messidor-2+EyePac_Balanced__train__f57410e420__20060412_61501_0200_PP.png,2,Class 2
D:\Practice Projects\Disease Detection\dataset\Messidor-2+EyePac_Balanced\2\20060412_61808_0200_PP.png,D:\Practice Projects\Disease Detection\processed_dataset\Class 2\Messidor-2+EyePac_Balanced__train__602a7d6e6f__20060412_61808_0200_PP.png,2,Class 2
D:\Practice Projects\Disease Detection\dataset\Messidor-2+EyePac_Balanced\2\20060522_45691_0100_PP.png,D:\Practice Projects\Disease Detection\processed_dataset\Class 2\Messidor-2+EyePac_Balanced__train__28d9be52d1__20060522_45691_0100_PP.png,2,Class 2
D:\Practice Projects\Disease Detection\dataset\Messidor-2+EyePac_Balanced\2\20060522_45718_0100_PP.png,D:\Practice Projects\Disease Detection\processed_dataset\Class 2\Messidor-2+EyePac_Balanced__train__30a706a6d4__20060522_45718_0100_PP.png,2,Class 2
D:\Practice Projects\Disease Detection\dataset\Messidor-2+EyePac_Balanced\2\20060523_43174_0100_PP.png,D:\Practice Projects\Disease Detection\processed_dataset\Class 2\Messidor-2+EyePac_Balanced__train__f5e6f6dff6__20060523_43174_0100_PP.png,2,Class 2
D:\Practice Projects\Disease Detection\dataset\Messidor-2+EyePac_Balanced\2\20060523_45216_0100_PP.png,D:\Practice Projects\Disease Detection\processed_dataset\Class 2\Messidor-2+EyePac_Balanced__train__b893099489__20060523_45216_0100_PP.png,2,Class 2
D:\Practice Projects\Disease Detection\dataset\Messidor-2+EyePac_Balanced\2\20060523_45235_0100_PP.png,D:\Practice Projects\Disease Detection\processed_dataset\Class 2\Messidor-2+EyePac_Balanced__train__cd83db31b7__20060523_45235_0100_PP.png,2,Class 2
D:\Practice Projects\Disease Detection\dataset\Messidor-2+EyePac_Balanced\2\20060523_45369_0100_PP.png,D:\Practice Projects\Disease Detection\processed_dataset\Class 2\Messidor-2+EyePac_Balanced__train__ff67950560__20060523_45369_0100_PP.png,2,Class 2
D:\Practice Projects\Disease Detection\dataset\Messidor-2+EyePac_Balanced\2\20060523_45389_0100_PP.png,D:\Practice Projects\Disease Detection\processed_dataset\Class 2\Messidor-2+EyePac_Balanced__train__9e3ae6f921__20060523_45389_0100_PP.png,2,Class 2
D:\Practice Projects\Disease Detection\dataset\Messidor-2+EyePac_Balanced\2\20060523_45787_0100_PP.png,D:\Practice Projects\Disease Detection\processed_dataset\Class 2\Messidor-2+EyePac_Balanced__train__6b94c03d8c__20060523_45787_0100_PP.png,2,Class 2
D:\Practice Projects\Disease Detection\dataset\Messidor-2+EyePac_Balanced\2\20060523_48028_0100_PP.png,D:\Practice Projects\Disease Detection\processed_dataset\Class 2\Messidor-2+EyePac_Balanced__train__a21f1846b5__20060523_48028_0100_PP.png,2,Class 2
D:\Practice Projects\Disease Detection\dataset\Messidor-2+EyePac_Balanced\2\20060523_48102_0100_PP.png,D:\Practice Projects\Disease Detection\processed_dataset\Class 2\Messidor-2+EyePac_Balanced__train__38f296ec33__20060523_48102_0100_PP.png,2,Class 2
D:\Practice Projects\Disease Detection\dataset\Messidor-2+EyePac_Balanced\2\20060523_48477_0100_PP.png,D:\Practice Projects\Disease Detection\processed_dataset\Class 2\Messidor-2+EyePac_Balanced__train__699927828d__20060523_48477_0100_PP.png,2,Class 2
D:\Practice Projects\Disease Detection\dataset\Messidor-2+EyePac_Balanced\2\20060523_48572_0100_PP.png,D:\Practice Projects\Disease Detection\processed_dataset\Class 2\Messidor-2+EyePac_Balanced__train__8a5b96cd0d__20060523_48572_0100_PP.png,2,Class 2
D:\Practice Projects\Disease Detection\dataset\Messidor-2+EyePac_Balanced\2\20060523_48787_0100_PP.png,D:\Practice Projects\Disease Detection\processed_dataset\Class 2\Messidor-2+EyePac_Balanced__train__6c1bb3f9c4__20060523_48787_0100_PP.png,2,Class 2
D:\Practice Projects\Disease Detection\dataset\Messidor-2+EyePac_Balanced\2\20060523_48990_0100_PP.png,D:\Practice Projects\Disease Detection\processed_dataset\Class 2\Messidor-2+EyePac_Balanced__train__4454119b4c__20060523_48990_0100_PP.png,2,Class 2
D:\Practice Projects\Disease Detection\dataset\Messidor-2+EyePac_Balanced\2\20060523_49010_0100_PP.png,D:\Practice Projects\Disease Detection\processed_dataset\Class 2\Messidor-2+EyePac_Balanced__train__70d49de124__20060523_49010_0100_PP.png,2,Class 2
D:\Practice Projects\Disease Detection\dataset\Messidor-2+EyePac_Balanced\2\20060523_49791_0100_PP.png,D:\Practice Projects\Disease Detection\processed_dataset\Class 2\Messidor-2+EyePac_Balanced__train__d4db50239f__20060523_49791_0100_PP.png,2,Class 2
D:\Practice Projects\Disease Detection\dataset\Messidor-2+EyePac_Balanced\2\20060523_50019_0100_PP.png,D:\Practice Projects\Disease Detection\processed_dataset\Class 2\Messidor-2+EyePac_Balanced__train__9bd9b2e0e3__20060523_50019_0100_PP.png,2,Class 2
D:\Practice Projects\Disease Detection\dataset\Messidor-2+EyePac_Balanced\2\20060523_50135_0100_PP.png,D:\Practice Projects\Disease Detection\processed_dataset\Class 2\Messidor-2+EyePac_Balanced__train__d282007585__20060523_50135_0100_PP.png,2,Class 2
D:\Practice Projects\Disease Detection\dataset\Messidor-2+EyePac_Balanced\2\20060523_50262_0100_PP.png,D:\Practice Projects\Disease Detection\processed_dataset\Class 2\Messidor-2+EyePac_Balanced__train__fd2baabb36__20060523_50262_0100_PP.png,2,Class 2
D:\Practice Projects\Disease Detection\dataset\Messidor-2+EyePac_Balanced\2\20060523_50392_0100_PP.png,D:\Practice Projects\Disease Detection\processed_dataset\Class 2\Messidor-2+EyePac_Balanced__train__78b8d34a2e__20060523_50392_0100_PP.png,2,Class 2
D:\Practice Projects\Disease Detection\dataset\Messidor-2+EyePac_Balanced\2\20060529_56255_0100_PP.png,D:\Practice Projects\Disease Detection\processed_dataset\Class 2\Messidor-2+EyePac_Balanced__train__634a1f7c33__20060529_56255_0100_PP.png,2,Class 2
D:\Practice Projects\Disease Detection\dataset\Messidor-2+EyePac_Balanced\2\20060529_56338_0100_PP.png,D:\Practice Projects\Disease Detection\processed_dataset\Class 2\Messidor-2+EyePac_Balanced__train__7da9ed5508__20060529_56338_0100_PP.png,2,Class 2
D:\Practice Projects\Disease Detection\dataset\Messidor-2+EyePac_Balanced\2\20060529_56700_0100_PP.png,D:\Practice Projects\Disease Detection\processed_dataset\Class 2\Messidor-2+EyePac_Balanced__train__5c5713d2ae__20060529_56700_0100_PP.png,2,Class 2
D:\Practice Projects\Disease Detection\dataset\Messidor-2+EyePac_Balanced\2\20060529_56730_0100_PP.png,D:\Practice Projects\Disease Detection\processed_dataset\Class 2\Messidor-2+EyePac_Balanced__train__5633115b4a__20060529_56730_0100_PP.png,2,Class 2
D:\Practice Projects\Disease Detection\dataset\Messidor-2+EyePac_Balanced\2\20060529_56834_0100_PP.png,D:\Practice Projects\Disease Detection\processed_dataset\Class 2\Messidor-2+EyePac_Balanced__train__1e8241ada0__20060529_56834_0100_PP.png,2,Class 2
D:\Practice Projects\Disease Detection\dataset\Messidor-2+EyePac_Balanced\2\20060529_57156_0100_PP.png,D:\Practice Projects\Disease Detection\processed_dataset\Class 2\Messidor-2+EyePac_Balanced__train__365df8bb99__20060529_57156_0100_PP.png,2,Class 2
D:\Practice Projects\Disease Detection\dataset\Messidor-2+EyePac_Balanced\2\20060529_57447_0100_PP.png,D:\Practice Projects\Disease Detection\processed_dataset\Class 2\Messidor-2+EyePac_Balanced__train__2a696b7858__20060529_57447_0100_PP.png,2,Class 2
D:\Practice Projects\Disease Detection\dataset\Messidor-2+EyePac_Balanced\2\20060530_36895_0100_PP.png,D:\Practice Projects\Disease Detection\processed_dataset\Class 2\Messidor-2+EyePac_Balanced__train__e0256d8f6e__20060530_36895_0100_PP.png,2,Class 2
D:\Practice Projects\Disease Detection\dataset\Messidor-2+EyePac_Balanced\2\20060530_51377_0100_PP.png,D:\Practice Projects\Disease Detection\processed_dataset\Class 2\Messidor-2+EyePac_Balanced__train__6f4aa1193b__20060530_51377_0100_PP.png,2,Class 2
D:\Practice Projects\Disease Detection\dataset\Messidor-2+EyePac_Balanced\2\20060530_51399_0100_PP.png,D:\Practice Projects\Disease Detection\processed_dataset\Class 2\Messidor-2+EyePac_Balanced__train__94a71ea561__20060530_51399_0100_PP.png,2,Class 2
D:\Practice Projects\Disease Detection\dataset\Messidor-2+EyePac_Balanced\2\20060530_53233_0100_PP.png,D:\Practice Projects\Disease Detection\processed_dataset\Class 2\Messidor-2+EyePac_Balanced__train__c84b8aeb46__20060530_53233_0100_PP.png,2,Class 2
D:\Practice Projects\Disease Detection\dataset\Messidor-2+EyePac_Balanced\2\20060530_53522_0100_PP.png,D:\Practice Projects\Disease Detection\processed_dataset\Class 2\Messidor-2+EyePac_Balanced__train__a26cff3bca__20060530_53522_0100_PP.png,2,Class 2
D:\Practice Projects\Disease Detection\dataset\Messidor-2+EyePac_Balanced\2\20060530_53540_0100_PP.png,D:\Practice Projects\Disease Detection\processed_dataset\Class 2\Messidor-2+EyePac_Balanced__train__7eb8a50e80__20060530_53540_0100_PP.png,2,Class 2
D:\Practice Projects\Disease Detection\dataset\Messidor-2+EyePac_Balanced\2\20060530_54011_0100_PP.png,D:\Practice Projects\Disease Detection\processed_dataset\Class 2\Messidor-2+EyePac_Balanced__train__03a0af7946__20060530_54011_0100_PP.png,2,Class 2
D:\Practice Projects\Disease Detection\dataset\Messidor-2+EyePac_Balanced\2\20060530_54030_0100_PP.png,D:\Practice Projects\Disease Detection\processed_dataset\Class 2\Messidor-2+EyePac_Balanced__train__24b945ef7b__20060530_54030_0100_PP.png,2,Class 2
D:\Practice Projects\Disease Detection\dataset\Messidor-2+EyePac_Balanced\2\20060530_54107_0100_PP.png,D:\Practice Projects\Disease Detection\processed_dataset\Class 2\Messidor-2+EyePac_Balanced__train__d4e348d1eb__20060530_54107_0100_PP.png,2,Class 2
D:\Practice Projects\Disease Detection\dataset\Messidor-2+EyePac_Balanced\2\20060530_54223_0100_PP.png,D:\Practice Projects\Disease Detection\processed_dataset\Class 2\Messidor-2+EyePac_Balanced__train__16a53e8dbe__20060530_54223_0100_PP.png,2,Class 2
D:\Practice Projects\Disease Detection\dataset\Messidor-2+EyePac_Balanced\2\20060530_54312_0100_PP.png,D:\Practice Projects\Disease Detection\processed_dataset\Class 2\Messidor-2+EyePac_Balanced__train__5274e9dd25__20060530_54312_0100_PP.png,2,Class 2
D:\Practice Projects\Disease Detection\dataset\Messidor-2+EyePac_Balanced\2\20060530_54332_0100_PP.png,D:\Practice Projects\Disease Detection\processed_dataset\Class 2\Messidor-2+EyePac_Balanced__train__f238d36756__20060530_54332_0100_PP.png,2,Class 2
D:\Practice Projects\Disease Detection\dataset\Messidor-2+EyePac_Balanced\2\20060530_54529_0100_PP.png,D:\Practice Projects\Disease Detection\processed_dataset\Class 2\Messidor-2+EyePac_Balanced__train__f4ba11b5e7__20060530_54529_0100_PP.png,2,Class 2
D:\Practice Projects\Disease Detection\dataset\Messidor-2+EyePac_Balanced\2\20060530_54556_0100_PP.png,D:\Practice Projects\Disease Detection\processed_dataset\Class 2\Messidor-2+EyePac_Balanced__train__e4194ae0df__20060530_54556_0100_PP.png,2,Class 2
D:\Practice Projects\Disease Detection\dataset\Messidor-2+EyePac_Balanced\2\20060530_54632_0100_PP.png,D:\Practice Projects\Disease Detection\processed_dataset\Class 2\Messidor-2+EyePac_Balanced__train__c3009c1519__20060530_54632_0100_PP.png,2,Class 2
D:\Practice Projects\Disease Detection\dataset\Messidor-2+EyePac_Balanced\2\20060530_54653_0100_PP.png,D:\Practice Projects\Disease Detection\processed_dataset\Class 2\Messidor-2+EyePac_Balanced__train__86dd3487d0__20060530_54653_0100_PP.png,2,Class 2
D:\Practice Projects\Disease Detection\dataset\Messidor-2+EyePac_Balanced\2\20060530_55816_0100_PP.png,D:\Practice Projects\Disease Detection\processed_dataset\Class 2\Messidor-2+EyePac_Balanced__train__926dc3f92d__20060530_55816_0100_PP.png,2,Class 2
D:\Practice Projects\Disease Detection\dataset\Messidor-2+EyePac_Balanced\2\20060530_55837_0100_PP.png,D:\Practice Projects\Disease Detection\processed_dataset\Class 2\Messidor-2+EyePac_Balanced__train__4c9f906151__20060530_55837_0100_PP.png,2,Class 2
D:\Practice Projects\Disease Detection\dataset\Messidor-2+EyePac_Balanced\2\IM000093.JPG,D:\Practice Projects\Disease Detection\processed_dataset\Class 2\Messidor-2+EyePac_Balanced__train__960b759d44__IM000093.jpg,2,Class 2
D:\Practice Projects\Disease Detection\dataset\Messidor-2+EyePac_Balanced\2\IM000094.JPG,D:\Practice Projects\Disease Detection\processed_dataset\Class 2\Messidor-2+EyePac_Balanced__train__77e80eeb25__IM000094.jpg,2,Class 2
D:\Practice Projects\Disease Detection\dataset\Messidor-2+EyePac_Balanced\2\IM000248.JPG,D:\Practice Projects\Disease Detection\processed_dataset\Class 2\Messidor-2+EyePac_Balanced__train__54bb828cbe__IM000248.jpg,2,Class 2
D:\Practice Projects\Disease Detection\dataset\Messidor-2+EyePac_Balanced\2\IM000249.JPG,D:\Practice Projects\Disease Detection\processed_dataset\Class 2\Messidor-2+EyePac_Balanced__train__4561e24d33__IM000249.jpg,2,Class 2
D:\Practice Projects\Disease Detection\dataset\Messidor-2+EyePac_Balanced\2\IM000472.JPG,D:\Practice Projects\Disease Detection\processed_dataset\Class 2\Messidor-2+EyePac_Balanced__train__43c59d6247__IM000472.jpg,2,Class 2
D:\Practice Projects\Disease Detection\dataset\Messidor-2+EyePac_Balanced\2\IM000473.JPG,D:\Practice Projects\Disease Detection\processed_dataset\Class 2\Messidor-2+EyePac_Balanced__train__416ce22500__IM000473.jpg,2,Class 2
D:\Practice Projects\Disease Detection\dataset\Messidor-2+EyePac_Balanced\2\IM000546.JPG,D:\Practice Projects\Disease Detection\processed_dataset\Class 2\Messidor-2+EyePac_Balanced__train__8fc5ac99a6__IM000546.jpg,2,Class 2
D:\Practice Projects\Disease Detection\dataset\Messidor-2+EyePac_Balanced\2\IM000547.JPG,D:\Practice Projects\Disease Detection\processed_dataset\Class 2\Messidor-2+EyePac_Balanced__train__35680a7481__IM000547.jpg,2,Class 2
D:\Practice Projects\Disease Detection\dataset\Messidor-2+EyePac_Balanced\2\IM000726.JPG,D:\Practice Projects\Disease Detection\processed_dataset\Class 2\Messidor-2+EyePac_Balanced__train__d658f7a374__IM000726.jpg,2,Class 2
D:\Practice Projects\Disease Detection\dataset\Messidor-2+EyePac_Balanced\2\IM000896.JPG,D:\Practice Projects\Disease Detection\processed_dataset\Class 2\Messidor-2+EyePac_Balanced__train__5b2c785432__IM000896.jpg,2,Class 2
D:\Practice Projects\Disease Detection\dataset\Messidor-2+EyePac_Balanced\2\IM000985.JPG,D:\Practice Projects\Disease Detection\processed_dataset\Class 2\Messidor-2+EyePac_Balanced__train__7f12a52c47__IM000985.jpg,2,Class 2
D:\Practice Projects\Disease Detection\dataset\Messidor-2+EyePac_Balanced\2\IM001088.JPG,D:\Practice Projects\Disease Detection\processed_dataset\Class 2\Messidor-2+EyePac_Balanced__train__02c9da16fc__IM001088.jpg,2,Class 2
D:\Practice Projects\Disease Detection\dataset\Messidor-2+EyePac_Balanced\2\IM001232.JPG,D:\Practice Projects\Disease Detection\processed_dataset\Class 2\Messidor-2+EyePac_Balanced__train__d7e56b71e2__IM001232.jpg,2,Class 2
D:\Practice Projects\Disease Detection\dataset\Messidor-2+EyePac_Balanced\2\IM001253.JPG,D:\Practice Projects\Disease Detection\processed_dataset\Class 2\Messidor-2+EyePac_Balanced__train__79cb77411c__IM001253.jpg,2,Class 2
D:\Practice Projects\Disease Detection\dataset\Messidor-2+EyePac_Balanced\2\IM001476.JPG,D:\Practice Projects\Disease Detection\processed_dataset\Class 2\Messidor-2+EyePac_Balanced__train__b4188cdf61__IM001476.jpg,2,Class 2
D:\Practice Projects\Disease Detection\dataset\Messidor-2+EyePac_Balanced\2\IM001477.JPG,D:\Practice Projects\Disease Detection\processed_dataset\Class 2\Messidor-2+EyePac_Balanced__train__8f8d2f8300__IM001477.jpg,2,Class 2
D:\Practice Projects\Disease Detection\dataset\Messidor-2+EyePac_Balanced\2\IM001617.JPG,D:\Practice Projects\Disease Detection\processed_dataset\Class 2\Messidor-2+EyePac_Balanced__train__2b1c295988__IM001617.jpg,2,Class 2
D:\Practice Projects\Disease Detection\dataset\Messidor-2+EyePac_Balanced\2\IM001618.JPG,D:\Practice Projects\Disease Detection\processed_dataset\Class 2\Messidor-2+EyePac_Balanced__train__818a462e69__IM001618.jpg,2,Class 2
D:\Practice Projects\Disease Detection\dataset\Messidor-2+EyePac_Balanced\2\IM001644.JPG,D:\Practice Projects\Disease Detection\processed_dataset\Class 2\Messidor-2+EyePac_Balanced__train__bea32b2600__IM001644.jpg,2,Class 2
D:\Practice Projects\Disease Detection\dataset\Messidor-2+EyePac_Balanced\2\IM001866.JPG,D:\Practice Projects\Disease Detection\processed_dataset\Class 2\Messidor-2+EyePac_Balanced__train__9b5b237835__IM001866.jpg,2,Class 2
D:\Practice Projects\Disease Detection\dataset\Messidor-2+EyePac_Balanced\2\IM001881.JPG,D:\Practice Projects\Disease Detection\processed_dataset\Class 2\Messidor-2+EyePac_Balanced__train__e695497944__IM001881.jpg,2,Class 2
D:\Practice Projects\Disease Detection\dataset\Messidor-2+EyePac_Balanced\2\IM002268.JPG,D:\Practice Projects\Disease Detection\processed_dataset\Class 2\Messidor-2+EyePac_Balanced__train__ef87589ffb__IM002268.jpg,2,Class 2
D:\Practice Projects\Disease Detection\dataset\Messidor-2+EyePac_Balanced\2\IM002523.JPG,D:\Practice Projects\Disease Detection\processed_dataset\Class 2\Messidor-2+EyePac_Balanced__train__2aed9158f6__IM002523.jpg,2,Class 2
D:\Practice Projects\Disease Detection\dataset\Messidor-2+EyePac_Balanced\2\IM002922.JPG,D:\Practice Projects\Disease Detection\processed_dataset\Class 2\Messidor-2+EyePac_Balanced__train__1a25889d25__IM002922.jpg,2,Class 2
D:\Practice Projects\Disease Detection\dataset\Messidor-2+EyePac_Balanced\2\IM002938.JPG,D:\Practice Projects\Disease Detection\processed_dataset\Class 2\Messidor-2+EyePac_Balanced__train__6fc7cf8992__IM002938.jpg,2,Class 2
D:\Practice Projects\Disease Detection\dataset\Messidor-2+EyePac_Balanced\2\IM002945.JPG,D:\Practice Projects\Disease Detection\processed_dataset\Class 2\Messidor-2+EyePac_Balanced__train__5a2ec63d8c__IM002945.jpg,2,Class 2
D:\Practice Projects\Disease Detection\dataset\Messidor-2+EyePac_Balanced\2\IM002952.JPG,D:\Practice Projects\Disease Detection\processed_dataset\Class 2\Messidor-2+EyePac_Balanced__train__26256e8ce3__IM002952.jpg,2,Class 2
D:\Practice Projects\Disease Detection\dataset\Messidor-2+EyePac_Balanced\2\IM002953.JPG,D:\Practice Projects\Disease Detection\processed_dataset\Class 2\Messidor-2+EyePac_Balanced__train__463a83f42d__IM002953.jpg,2,Class 2
D:\Practice Projects\Disease Detection\dataset\Messidor-2+EyePac_Balanced\2\IM002982.JPG,D:\Practice Projects\Disease Detection\processed_dataset\Class 2\Messidor-2+EyePac_Balanced__train__8cf462f839__IM002982.jpg,2,Class 2
D:\Practice Projects\Disease Detection\dataset\Messidor-2+EyePac_Balanced\2\IM002983.JPG,D:\Practice Projects\Disease Detection\processed_dataset\Class 2\Messidor-2+EyePac_Balanced__train__31576ac603__IM002983.jpg,2,Class 2
D:\Practice Projects\Disease Detection\dataset\Messidor-2+EyePac_Balanced\2\IM002990.JPG,D:\Practice Projects\Disease Detection\processed_dataset\Class 2\Messidor-2+EyePac_Balanced__train__27a2d16356__IM002990.jpg,2,Class 2
D:\Practice Projects\Disease Detection\dataset\Messidor-2+EyePac_Balanced\2\IM003430.JPG,D:\Practice Projects\Disease Detection\processed_dataset\Class 2\Messidor-2+EyePac_Balanced__train__b73a461523__IM003430.jpg,2,Class 2
D:\Practice Projects\Disease Detection\dataset\Messidor-2+EyePac_Balanced\2\IM003431.JPG,D:\Practice Projects\Disease Detection\processed_dataset\Class 2\Messidor-2+EyePac_Balanced__train__917042d78f__IM003431.jpg,2,Class 2
D:\Practice Projects\Disease Detection\dataset\Messidor-2+EyePac_Balanced\2\IM003482.JPG,D:\Practice Projects\Disease Detection\processed_dataset\Class 2\Messidor-2+EyePac_Balanced__train__4dc453ba65__IM003482.jpg,2,Class 2
D:\Practice Projects\Disease Detection\dataset\Messidor-2+EyePac_Balanced\2\IM003687.JPG,D:\Practice Projects\Disease Detection\processed_dataset\Class 2\Messidor-2+EyePac_Balanced__train__2916f557c4__IM003687.jpg,2,Class 2
D:\Practice Projects\Disease Detection\dataset\Messidor-2+EyePac_Balanced\2\IM003772.JPG,D:\Practice Projects\Disease Detection\processed_dataset\Class 2\Messidor-2+EyePac_Balanced__train__fb52110773__IM003772.jpg,2,Class 2
D:\Practice Projects\Disease Detection\dataset\Messidor-2+EyePac_Balanced\2\IM003811.JPG,D:\Practice Projects\Disease Detection\processed_dataset\Class 2\Messidor-2+EyePac_Balanced__train__dbd88a773c__IM003811.jpg,2,Class 2
D:\Practice Projects\Disease Detection\dataset\Messidor-2+EyePac_Balanced\2\IM004132.JPG,D:\Practice Projects\Disease Detection\processed_dataset\Class 2\Messidor-2+EyePac_Balanced__train__472435e3d9__IM004132.jpg,2,Class 2
D:\Practice Projects\Disease Detection\dataset\Messidor-2+EyePac_Balanced\2\IM004207.JPG,D:\Practice Projects\Disease Detection\processed_dataset\Class 2\Messidor-2+EyePac_Balanced__train__b4bed71e8a__IM004207.jpg,2,Class 2
D:\Practice Projects\Disease Detection\dataset\Messidor-2+EyePac_Balanced\2\IM004208.JPG,D:\Practice Projects\Disease Detection\processed_dataset\Class 2\Messidor-2+EyePac_Balanced__train__0de94b081c__IM004208.jpg,2,Class 2
D:\Practice Projects\Disease Detection\dataset\Messidor-2+EyePac_Balanced\2\IM004347.JPG,D:\Practice Projects\Disease Detection\processed_dataset\Class 2\Messidor-2+EyePac_Balanced__train__30de54d767__IM004347.jpg,2,Class 2
D:\Practice Projects\Disease Detection\dataset\Messidor-2+EyePac_Balanced\2\IM004507.JPG,D:\Practice Projects\Disease Detection\processed_dataset\Class 2\Messidor-2+EyePac_Balanced__train__72f1218c35__IM004507.jpg,2,Class 2
D:\Practice Projects\Disease Detection\dataset\Messidor-2+EyePac_Balanced\2\IM004508.JPG,D:\Practice Projects\Disease Detection\processed_dataset\Class 2\Messidor-2+EyePac_Balanced__train__808ef59bb7__IM004508.jpg,2,Class 2
D:\Practice Projects\Disease Detection\dataset\Messidor-2+EyePac_Balanced\2\IM004812.JPG,D:\Practice Projects\Disease Detection\processed_dataset\Class 2\Messidor-2+EyePac_Balanced__train__a5a2c91cad__IM004812.jpg,2,Class 2
D:\Practice Projects\Disease Detection\dataset\Messidor-2+EyePac_Balanced\3\10153_left.jpeg,D:\Practice Projects\Disease Detection\processed_dataset\Class 3\Messidor-2+EyePac_Balanced__train__c6780585ca__10153_left.jpeg,3,Class 3
D:\Practice Projects\Disease Detection\dataset\Messidor-2+EyePac_Balanced\3\11031_left.jpeg,D:\Practice Projects\Disease Detection\processed_dataset\Class 3\Messidor-2+EyePac_Balanced__train__04b073831d__11031_left.jpeg,3,Class 3
D:\Practice Projects\Disease Detection\dataset\Messidor-2+EyePac_Balanced\3\11031_right.jpeg,D:\Practice Projects\Disease Detection\processed_dataset\Class 3\Messidor-2+EyePac_Balanced__train__082ca5ed23__11031_right.jpeg,3,Class 3
D:\Practice Projects\Disease Detection\dataset\Messidor-2+EyePac_Balanced\3\11035_left.jpeg,D:\Practice Projects\Disease Detection\processed_dataset\Class 3\Messidor-2+EyePac_Balanced__train__2f98abc318__11035_left.jpeg,3,Class 3
D:\Practice Projects\Disease Detection\dataset\Messidor-2+EyePac_Balanced\3\11035_right.jpeg,D:\Practice Projects\Disease Detection\processed_dataset\Class 3\Messidor-2+EyePac_Balanced__train__f49f3cce4a__11035_right.jpeg,3,Class 3
D:\Practice Projects\Disease Detection\dataset\Messidor-2+EyePac_Balanced\3\11292_right.jpeg,D:\Practice Projects\Disease Detection\processed_dataset\Class 3\Messidor-2+EyePac_Balanced__train__50e7244895__11292_right.jpeg,3,Class 3
D:\Practice Projects\Disease Detection\dataset\Messidor-2+EyePac_Balanced\3\11546_left.jpeg,D:\Practice Projects\Disease Detection\processed_dataset\Class 3\Messidor-2+EyePac_Balanced__train__38c03bdbab__11546_left.jpeg,3,Class 3
D:\Practice Projects\Disease Detection\dataset\Messidor-2+EyePac_Balanced\3\11590_left.jpeg,D:\Practice Projects\Disease Detection\processed_dataset\Class 3\Messidor-2+EyePac_Balanced__train__bb661a2adb__11590_left.jpeg,3,Class 3
D:\Practice Projects\Disease Detection\dataset\Messidor-2+EyePac_Balanced\3\11590_right.jpeg,D:\Practice Projects\Disease Detection\processed_dataset\Class 3\Messidor-2+EyePac_Balanced__train__0e5128adb3__11590_right.jpeg,3,Class 3
D:\Practice Projects\Disease Detection\dataset\Messidor-2+EyePac_Balanced\3\1177_left.jpeg,D:\Practice Projects\Disease Detection\processed_dataset\Class 3\Messidor-2+EyePac_Balanced__train__eff54119cf__1177_left.jpeg,3,Class 3
D:\Practice Projects\Disease Detection\dataset\Messidor-2+EyePac_Balanced\3\1177_right.jpeg,D:\Practice Projects\Disease Detection\processed_dataset\Class 3\Messidor-2+EyePac_Balanced__train__9732d8de3c__1177_right.jpeg,3,Class 3
D:\Practice Projects\Disease Detection\dataset\Messidor-2+EyePac_Balanced\3\11871_left.jpeg,D:\Practice Projects\Disease Detection\processed_dataset\Class 3\Messidor-2+EyePac_Balanced__train__cb46387d69__11871_left.jpeg,3,Class 3
D:\Practice Projects\Disease Detection\dataset\Messidor-2+EyePac_Balanced\3\1196_left.jpeg,D:\Practice Projects\Disease Detection\processed_dataset\Class 3\Messidor-2+EyePac_Balanced__train__95598565c9__1196_left.jpeg,3,Class 3
D:\Practice Projects\Disease Detection\dataset\Messidor-2+EyePac_Balanced\3\1196_right.jpeg,D:\Practice Projects\Disease Detection\processed_dataset\Class 3\Messidor-2+EyePac_Balanced__train__cc08b3c49f__1196_right.jpeg,3,Class 3
D:\Practice Projects\Disease Detection\dataset\Messidor-2+EyePac_Balanced\3\12208_left.jpeg,D:\Practice Projects\Disease Detection\processed_dataset\Class 3\Messidor-2+EyePac_Balanced__train__ce562ff78a__12208_left.jpeg,3,Class 3
D:\Practice Projects\Disease Detection\dataset\Messidor-2+EyePac_Balanced\3\12208_right.jpeg,D:\Practice Projects\Disease Detection\processed_dataset\Class 3\Messidor-2+EyePac_Balanced__train__e387e61272__12208_right.jpeg,3,Class 3
D:\Practice Projects\Disease Detection\dataset\Messidor-2+EyePac_Balanced\3\12612_left.jpeg,D:\Practice Projects\Disease Detection\processed_dataset\Class 3\Messidor-2+EyePac_Balanced__train__defe9e99ab__12612_left.jpeg,3,Class 3
D:\Practice Projects\Disease Detection\dataset\Messidor-2+EyePac_Balanced\3\12612_right.jpeg,D:\Practice Projects\Disease Detection\processed_dataset\Class 3\Messidor-2+EyePac_Balanced__train__8cbd868b85__12612_right.jpeg,3,Class 3
D:\Practice Projects\Disease Detection\dataset\Messidor-2+EyePac_Balanced\3\12652_right.jpeg,D:\Practice Projects\Disease Detection\processed_dataset\Class 3\Messidor-2+EyePac_Balanced__train__870ab25ec3__12652_right.jpeg,3,Class 3
D:\Practice Projects\Disease Detection\dataset\Messidor-2+EyePac_Balanced\3\12667_right.jpeg,D:\Practice Projects\Disease Detection\processed_dataset\Class 3\Messidor-2+EyePac_Balanced__train__636fc211a7__12667_right.jpeg,3,Class 3
D:\Practice Projects\Disease Detection\dataset\Messidor-2+EyePac_Balanced\3\12995_right.jpeg,D:\Practice Projects\Disease Detection\processed_dataset\Class 3\Messidor-2+EyePac_Balanced__train__cb10b72210__12995_right.jpeg,3,Class 3
D:\Practice Projects\Disease Detection\dataset\Messidor-2+EyePac_Balanced\3\13190_left.jpeg,D:\Practice Projects\Disease Detection\processed_dataset\Class 3\Messidor-2+EyePac_Balanced__train__fe301d47bd__13190_left.jpeg,3,Class 3
D:\Practice Projects\Disease Detection\dataset\Messidor-2+EyePac_Balanced\3\13190_right.jpeg,D:\Practice Projects\Disease Detection\processed_dataset\Class 3\Messidor-2+EyePac_Balanced__train__8cb6d69db3__13190_right.jpeg,3,Class 3
D:\Practice Projects\Disease Detection\dataset\Messidor-2+EyePac_Balanced\3\13716_left.jpeg,D:\Practice Projects\Disease Detection\processed_dataset\Class 3\Messidor-2+EyePac_Balanced__train__db93171757__13716_left.jpeg,3,Class 3
D:\Practice Projects\Disease Detection\dataset\Messidor-2+EyePac_Balanced\3\13716_right.jpeg,D:\Practice Projects\Disease Detection\processed_dataset\Class 3\Messidor-2+EyePac_Balanced__train__884d355cac__13716_right.jpeg,3,Class 3
D:\Practice Projects\Disease Detection\dataset\Messidor-2+EyePac_Balanced\3\14109_right.jpeg,D:\Practice Projects\Disease Detection\processed_dataset\Class 3\Messidor-2+EyePac_Balanced__train__dfe07b1bcd__14109_right.jpeg,3,Class 3
D:\Practice Projects\Disease Detection\dataset\Messidor-2+EyePac_Balanced\3\14129_right.jpeg,D:\Practice Projects\Disease Detection\processed_dataset\Class 3\Messidor-2+EyePac_Balanced__train__2c43d029b9__14129_right.jpeg,3,Class 3
D:\Practice Projects\Disease Detection\dataset\Messidor-2+EyePac_Balanced\3\14297_left.jpeg,D:\Practice Projects\Disease Detection\processed_dataset\Class 3\Messidor-2+EyePac_Balanced__train__c38efb81a0__14297_left.jpeg,3,Class 3
D:\Practice Projects\Disease Detection\dataset\Messidor-2+EyePac_Balanced\3\15319_left.jpeg,D:\Practice Projects\Disease Detection\processed_dataset\Class 3\Messidor-2+EyePac_Balanced__train__5167a49221__15319_left.jpeg,3,Class 3
D:\Practice Projects\Disease Detection\dataset\Messidor-2+EyePac_Balanced\3\15450_left.jpeg,D:\Practice Projects\Disease Detection\processed_dataset\Class 3\Messidor-2+EyePac_Balanced__train__a44a61c326__15450_left.jpeg,3,Class 3
D:\Practice Projects\Disease Detection\dataset\Messidor-2+EyePac_Balanced\3\15450_right.jpeg,D:\Practice Projects\Disease Detection\processed_dataset\Class 3\Messidor-2+EyePac_Balanced__train__6f2735e536__15450_right.jpeg,3,Class 3
D:\Practice Projects\Disease Detection\dataset\Messidor-2+EyePac_Balanced\3\15923_right.jpeg,D:\Practice Projects\Disease Detection\processed_dataset\Class 3\Messidor-2+EyePac_Balanced__train__9c31ad7441__15923_right.jpeg,3,Class 3
D:\Practice Projects\Disease Detection\dataset\Messidor-2+EyePac_Balanced\3\15930_left.jpeg,D:\Practice Projects\Disease Detection\processed_dataset\Class 3\Messidor-2+EyePac_Balanced__train__13c617a6d5__15930_left.jpeg,3,Class 3
D:\Practice Projects\Disease Detection\dataset\Messidor-2+EyePac_Balanced\3\15954_right.jpeg,D:\Practice Projects\Disease Detection\processed_dataset\Class 3\Messidor-2+EyePac_Balanced__train__1cca76cf3a__15954_right.jpeg,3,Class 3
D:\Practice Projects\Disease Detection\dataset\Messidor-2+EyePac_Balanced\3\16011_left.jpeg,D:\Practice Projects\Disease Detection\processed_dataset\Class 3\Messidor-2+EyePac_Balanced__train__3c1ce3a140__16011_left.jpeg,3,Class 3
D:\Practice Projects\Disease Detection\dataset\Messidor-2+EyePac_Balanced\3\16011_right.jpeg,D:\Practice Projects\Disease Detection\processed_dataset\Class 3\Messidor-2+EyePac_Balanced__train__28395447bc__16011_right.jpeg,3,Class 3
D:\Practice Projects\Disease Detection\dataset\Messidor-2+EyePac_Balanced\3\1639_left.jpeg,D:\Practice Projects\Disease Detection\processed_dataset\Class 3\Messidor-2+EyePac_Balanced__train__b2a618efaa__1639_left.jpeg,3,Class 3
D:\Practice Projects\Disease Detection\dataset\Messidor-2+EyePac_Balanced\3\1639_right.jpeg,D:\Practice Projects\Disease Detection\processed_dataset\Class 3\Messidor-2+EyePac_Balanced__train__4b94913654__1639_right.jpeg,3,Class 3
D:\Practice Projects\Disease Detection\dataset\Messidor-2+EyePac_Balanced\3\16633_right.jpeg,D:\Practice Projects\Disease Detection\processed_dataset\Class 3\Messidor-2+EyePac_Balanced__train__dd6711bf03__16633_right.jpeg,3,Class 3
D:\Practice Projects\Disease Detection\dataset\Messidor-2+EyePac_Balanced\3\16651_right.jpeg,D:\Practice Projects\Disease Detection\processed_dataset\Class 3\Messidor-2+EyePac_Balanced__train__9e346688ae__16651_right.jpeg,3,Class 3
D:\Practice Projects\Disease Detection\dataset\Messidor-2+EyePac_Balanced\3\16692_left.jpeg,D:\Practice Projects\Disease Detection\processed_dataset\Class 3\Messidor-2+EyePac_Balanced__train__3faf487088__16692_left.jpeg,3,Class 3
D:\Practice Projects\Disease Detection\dataset\Messidor-2+EyePac_Balanced\3\16692_right.jpeg,D:\Practice Projects\Disease Detection\processed_dataset\Class 3\Messidor-2+EyePac_Balanced__train__1e813f7e23__16692_right.jpeg,3,Class 3
D:\Practice Projects\Disease Detection\dataset\Messidor-2+EyePac_Balanced\3\16718_right.jpeg,D:\Practice Projects\Disease Detection\processed_dataset\Class 3\Messidor-2+EyePac_Balanced__train__34bc3346ba__16718_right.jpeg,3,Class 3
D:\Practice Projects\Disease Detection\dataset\Messidor-2+EyePac_Balanced\3\16740_right.jpeg,D:\Practice Projects\Disease Detection\processed_dataset\Class 3\Messidor-2+EyePac_Balanced__train__db13017ceb__16740_right.jpeg,3,Class 3
D:\Practice Projects\Disease Detection\dataset\Messidor-2+EyePac_Balanced\3\18025_left.jpeg,D:\Practice Projects\Disease Detection\processed_dataset\Class 3\Messidor-2+EyePac_Balanced__train__e14c9612ff__18025_left.jpeg,3,Class 3
D:\Practice Projects\Disease Detection\dataset\Messidor-2+EyePac_Balanced\3\18126_left.jpeg,D:\Practice Projects\Disease Detection\processed_dataset\Class 3\Messidor-2+EyePac_Balanced__train__0ac236bee7__18126_left.jpeg,3,Class 3
D:\Practice Projects\Disease Detection\dataset\Messidor-2+EyePac_Balanced\3\18235_left.jpeg,D:\Practice Projects\Disease Detection\processed_dataset\Class 3\Messidor-2+EyePac_Balanced__train__a00329c8c7__18235_left.jpeg,3,Class 3
D:\Practice Projects\Disease Detection\dataset\Messidor-2+EyePac_Balanced\3\18970_left.jpeg,D:\Practice Projects\Disease Detection\processed_dataset\Class 3\Messidor-2+EyePac_Balanced__train__d8b4f111ac__18970_left.jpeg,3,Class 3
D:\Practice Projects\Disease Detection\dataset\Messidor-2+EyePac_Balanced\3\20051020_45050_0100_PP.png,D:\Practice Projects\Disease Detection\processed_dataset\Class 3\Messidor-2+EyePac_Balanced__train__56bb20bae0__20051020_45050_0100_PP.png,3,Class 3
D:\Practice Projects\Disease Detection\dataset\Messidor-2+EyePac_Balanced\3\20051020_45068_0100_PP.png,D:\Practice Projects\Disease Detection\processed_dataset\Class 3\Messidor-2+EyePac_Balanced__train__f7faaee993__20051020_45068_0100_PP.png,3,Class 3
D:\Practice Projects\Disease Detection\dataset\Messidor-2+EyePac_Balanced\3\20051020_54209_0100_PP.png,D:\Practice Projects\Disease Detection\processed_dataset\Class 3\Messidor-2+EyePac_Balanced__train__707a6f6d5a__20051020_54209_0100_PP.png,3,Class 3
D:\Practice Projects\Disease Detection\dataset\Messidor-2+EyePac_Balanced\3\20051020_55346_0100_PP.png,D:\Practice Projects\Disease Detection\processed_dataset\Class 3\Messidor-2+EyePac_Balanced__train__9bdd4663cf__20051020_55346_0100_PP.png,3,Class 3
D:\Practice Projects\Disease Detection\dataset\Messidor-2+EyePac_Balanced\3\20051021_36208_0100_PP.png,D:\Practice Projects\Disease Detection\processed_dataset\Class 3\Messidor-2+EyePac_Balanced__train__9d397a8564__20051021_36208_0100_PP.png,3,Class 3
D:\Practice Projects\Disease Detection\dataset\Messidor-2+EyePac_Balanced\3\20051021_51804_0100_PP.png,D:\Practice Projects\Disease Detection\processed_dataset\Class 3\Messidor-2+EyePac_Balanced__train__7f66cd5dc1__20051021_51804_0100_PP.png,3,Class 3
D:\Practice Projects\Disease Detection\dataset\Messidor-2+EyePac_Balanced\3\20051021_52075_0100_PP.png,D:\Practice Projects\Disease Detection\processed_dataset\Class 3\Messidor-2+EyePac_Balanced__train__666898a506__20051021_52075_0100_PP.png,3,Class 3
D:\Practice Projects\Disease Detection\dataset\Messidor-2+EyePac_Balanced\3\20051021_58683_0100_PP.png,D:\Practice Projects\Disease Detection\processed_dataset\Class 3\Messidor-2+EyePac_Balanced__train__a9e95758d8__20051021_58683_0100_PP.png,3,Class 3
D:\Practice Projects\Disease Detection\dataset\Messidor-2+EyePac_Balanced\3\20051213_62383_0100_PP.png,D:\Practice Projects\Disease Detection\processed_dataset\Class 3\Messidor-2+EyePac_Balanced__train__2f92272038__20051213_62383_0100_PP.png,3,Class 3
D:\Practice Projects\Disease Detection\dataset\Messidor-2+EyePac_Balanced\3\20051214_51609_0100_PP.png,D:\Practice Projects\Disease Detection\processed_dataset\Class 3\Messidor-2+EyePac_Balanced__train__d66549dc88__20051214_51609_0100_PP.png,3,Class 3
D:\Practice Projects\Disease Detection\dataset\Messidor-2+EyePac_Balanced\3\20051214_51733_0100_PP.png,D:\Practice Projects\Disease Detection\processed_dataset\Class 3\Messidor-2+EyePac_Balanced__train__2eb5ce023e__20051214_51733_0100_PP.png,3,Class 3
D:\Practice Projects\Disease Detection\dataset\Messidor-2+EyePac_Balanced\3\20051214_52204_0100_PP.png,D:\Practice Projects\Disease Detection\processed_dataset\Class 3\Messidor-2+EyePac_Balanced__train__ec317dc38f__20051214_52204_0100_PP.png,3,Class 3
D:\Practice Projects\Disease Detection\dataset\Messidor-2+EyePac_Balanced\3\20051214_56778_0100_PP.png,D:\Practice Projects\Disease Detection\processed_dataset\Class 3\Messidor-2+EyePac_Balanced__train__f5eceae996__20051214_56778_0100_PP.png,3,Class 3
D:\Practice Projects\Disease Detection\dataset\Messidor-2+EyePac_Balanced\3\20051214_57125_0100_PP.png,D:\Practice Projects\Disease Detection\processed_dataset\Class 3\Messidor-2+EyePac_Balanced__train__28ed58c6e3__20051214_57125_0100_PP.png,3,Class 3
D:\Practice Projects\Disease Detection\dataset\Messidor-2+EyePac_Balanced\3\20051214_57154_0100_PP.png,D:\Practice Projects\Disease Detection\processed_dataset\Class 3\Messidor-2+EyePac_Balanced__train__51f7bf6e9f__20051214_57154_0100_PP.png,3,Class 3
D:\Practice Projects\Disease Detection\dataset\Messidor-2+EyePac_Balanced\3\20051216_45245_0200_PP.png,D:\Practice Projects\Disease Detection\processed_dataset\Class 3\Messidor-2+EyePac_Balanced__train__8c2a570948__20051216_45245_0200_PP.png,3,Class 3
D:\Practice Projects\Disease Detection\dataset\Messidor-2+EyePac_Balanced\3\20051216_46827_0200_PP.png,D:\Practice Projects\Disease Detection\processed_dataset\Class 3\Messidor-2+EyePac_Balanced__train__de709ecdcd__20051216_46827_0200_PP.png,3,Class 3
D:\Practice Projects\Disease Detection\dataset\Messidor-2+EyePac_Balanced\3\20051216_46847_0200_PP.png,D:\Practice Projects\Disease Detection\processed_dataset\Class 3\Messidor-2+EyePac_Balanced__train__7f6df95bbe__20051216_46847_0200_PP.png,3,Class 3
D:\Practice Projects\Disease Detection\dataset\Messidor-2+EyePac_Balanced\3\20051216_47000_0200_PP.png,D:\Practice Projects\Disease Detection\processed_dataset\Class 3\Messidor-2+EyePac_Balanced__train__e0f373a830__20051216_47000_0200_PP.png,3,Class 3
D:\Practice Projects\Disease Detection\dataset\Messidor-2+EyePac_Balanced\3\20051216_47024_0200_PP.png,D:\Practice Projects\Disease Detection\processed_dataset\Class 3\Messidor-2+EyePac_Balanced__train__7b93d0b057__20051216_47024_0200_PP.png,3,Class 3
D:\Practice Projects\Disease Detection\dataset\Messidor-2+EyePac_Balanced\3\20060410_43698_0200_PP.png,D:\Practice Projects\Disease Detection\processed_dataset\Class 3\Messidor-2+EyePac_Balanced__train__f80c322454__20060410_43698_0200_PP.png,3,Class 3
D:\Practice Projects\Disease Detection\dataset\Messidor-2+EyePac_Balanced\3\20060411_57879_0200_PP.png,D:\Practice Projects\Disease Detection\processed_dataset\Class 3\Messidor-2+EyePac_Balanced__train__21be9ac3e8__20060411_57879_0200_PP.png,3,Class 3
D:\Practice Projects\Disease Detection\dataset\Messidor-2+EyePac_Balanced\3\20060411_61624_0200_PP.png,D:\Practice Projects\Disease Detection\processed_dataset\Class 3\Messidor-2+EyePac_Balanced__train__dd334f494a__20060411_61624_0200_PP.png,3,Class 3
D:\Practice Projects\Disease Detection\dataset\Messidor-2+EyePac_Balanced\3\20060411_62373_0200_PP.png,D:\Practice Projects\Disease Detection\processed_dataset\Class 3\Messidor-2+EyePac_Balanced__train__06320295b3__20060411_62373_0200_PP.png,3,Class 3
D:\Practice Projects\Disease Detection\dataset\Messidor-2+EyePac_Balanced\3\20060412_52497_0200_PP.png,D:\Practice Projects\Disease Detection\processed_dataset\Class 3\Messidor-2+EyePac_Balanced__train__a7a34e1b6c__20060412_52497_0200_PP.png,3,Class 3
D:\Practice Projects\Disease Detection\dataset\Messidor-2+EyePac_Balanced\3\20060412_52520_0200_PP.png,D:\Practice Projects\Disease Detection\processed_dataset\Class 3\Messidor-2+EyePac_Balanced__train__aa9222b78c__20060412_52520_0200_PP.png,3,Class 3
D:\Practice Projects\Disease Detection\dataset\Messidor-2+EyePac_Balanced\3\20060412_52668_0200_PP.png,D:\Practice Projects\Disease Detection\processed_dataset\Class 3\Messidor-2+EyePac_Balanced__train__72c1cb3c55__20060412_52668_0200_PP.png,3,Class 3
D:\Practice Projects\Disease Detection\dataset\Messidor-2+EyePac_Balanced\3\20060412_52910_0200_PP.png,D:\Practice Projects\Disease Detection\processed_dataset\Class 3\Messidor-2+EyePac_Balanced__train__2781d700d3__20060412_52910_0200_PP.png,3,Class 3
D:\Practice Projects\Disease Detection\dataset\Messidor-2+EyePac_Balanced\3\20060412_52931_0200_PP.png,D:\Practice Projects\Disease Detection\processed_dataset\Class 3\Messidor-2+EyePac_Balanced__train__39e77a834d__20060412_52931_0200_PP.png,3,Class 3
D:\Practice Projects\Disease Detection\dataset\Messidor-2+EyePac_Balanced\3\20060412_62960_0200_PP.png,D:\Practice Projects\Disease Detection\processed_dataset\Class 3\Messidor-2+EyePac_Balanced__train__7e9870de7a__20060412_62960_0200_PP.png,3,Class 3
D:\Practice Projects\Disease Detection\dataset\Messidor-2+EyePac_Balanced\3\20060523_48182_0100_PP.png,D:\Practice Projects\Disease Detection\processed_dataset\Class 3\Messidor-2+EyePac_Balanced__train__aa9dcc1c4c__20060523_48182_0100_PP.png,3,Class 3
D:\Practice Projects\Disease Detection\dataset\Messidor-2+EyePac_Balanced\3\20060523_48499_0100_PP.png,D:\Practice Projects\Disease Detection\processed_dataset\Class 3\Messidor-2+EyePac_Balanced__train__3008f6e8a5__20060523_48499_0100_PP.png,3,Class 3
D:\Practice Projects\Disease Detection\dataset\Messidor-2+EyePac_Balanced\3\20060523_49875_0100_PP.png,D:\Practice Projects\Disease Detection\processed_dataset\Class 3\Messidor-2+EyePac_Balanced__train__0319490c1b__20060523_49875_0100_PP.png,3,Class 3
D:\Practice Projects\Disease Detection\dataset\Messidor-2+EyePac_Balanced\3\20060523_50003_0100_PP.png,D:\Practice Projects\Disease Detection\processed_dataset\Class 3\Messidor-2+EyePac_Balanced__train__194e9f6e77__20060523_50003_0100_PP.png,3,Class 3
D:\Practice Projects\Disease Detection\dataset\Messidor-2+EyePac_Balanced\3\20060523_50469_0100_PP.png,D:\Practice Projects\Disease Detection\processed_dataset\Class 3\Messidor-2+EyePac_Balanced__train__1094ffa008__20060523_50469_0100_PP.png,3,Class 3
D:\Practice Projects\Disease Detection\dataset\Messidor-2+EyePac_Balanced\3\20060523_50489_0100_PP.png,D:\Practice Projects\Disease Detection\processed_dataset\Class 3\Messidor-2+EyePac_Balanced__train__d1a901955a__20060523_50489_0100_PP.png,3,Class 3
D:\Practice Projects\Disease Detection\dataset\Messidor-2+EyePac_Balanced\3\20060523_50539_0100_PP.png,D:\Practice Projects\Disease Detection\processed_dataset\Class 3\Messidor-2+EyePac_Balanced__train__e93f7de1e8__20060523_50539_0100_PP.png,3,Class 3
D:\Practice Projects\Disease Detection\dataset\Messidor-2+EyePac_Balanced\3\20060523_50790_0100_PP.png,D:\Practice Projects\Disease Detection\processed_dataset\Class 3\Messidor-2+EyePac_Balanced__train__6128ccbae5__20060523_50790_0100_PP.png,3,Class 3
D:\Practice Projects\Disease Detection\dataset\Messidor-2+EyePac_Balanced\3\20060523_50806_0100_PP.png,D:\Practice Projects\Disease Detection\processed_dataset\Class 3\Messidor-2+EyePac_Balanced__train__b6f5f4c8ce__20060523_50806_0100_PP.png,3,Class 3
D:\Practice Projects\Disease Detection\dataset\Messidor-2+EyePac_Balanced\3\20060529_57030_0100_PP.png,D:\Practice Projects\Disease Detection\processed_dataset\Class 3\Messidor-2+EyePac_Balanced__train__4d1c107ad3__20060529_57030_0100_PP.png,3,Class 3
D:\Practice Projects\Disease Detection\dataset\Messidor-2+EyePac_Balanced\3\20060529_57063_0100_PP.png,D:\Practice Projects\Disease Detection\processed_dataset\Class 3\Messidor-2+EyePac_Balanced__train__ee151ee0de__20060529_57063_0100_PP.png,3,Class 3
D:\Practice Projects\Disease Detection\dataset\Messidor-2+EyePac_Balanced\3\20060530_53421_0100_PP.png,D:\Practice Projects\Disease Detection\processed_dataset\Class 3\Messidor-2+EyePac_Balanced__train__09d93573d0__20060530_53421_0100_PP.png,3,Class 3
D:\Practice Projects\Disease Detection\dataset\Messidor-2+EyePac_Balanced\3\20060530_54242_0100_PP.png,D:\Practice Projects\Disease Detection\processed_dataset\Class 3\Messidor-2+EyePac_Balanced__train__227e36082b__20060530_54242_0100_PP.png,3,Class 3
D:\Practice Projects\Disease Detection\dataset\Messidor-2+EyePac_Balanced\3\20167_left.jpeg,D:\Practice Projects\Disease Detection\processed_dataset\Class 3\Messidor-2+EyePac_Balanced__train__310f562793__20167_left.jpeg,3,Class 3
D:\Practice Projects\Disease Detection\dataset\Messidor-2+EyePac_Balanced\3\20167_right.jpeg,D:\Practice Projects\Disease Detection\processed_dataset\Class 3\Messidor-2+EyePac_Balanced__train__f744853bdd__20167_right.jpeg,3,Class 3
D:\Practice Projects\Disease Detection\dataset\Messidor-2+EyePac_Balanced\3\2016_right.jpeg,D:\Practice Projects\Disease Detection\processed_dataset\Class 3\Messidor-2+EyePac_Balanced__train__3b5a57ff3d__2016_right.jpeg,3,Class 3
D:\Practice Projects\Disease Detection\dataset\Messidor-2+EyePac_Balanced\3\20351_left.jpeg,D:\Practice Projects\Disease Detection\processed_dataset\Class 3\Messidor-2+EyePac_Balanced__train__125c1f6e01__20351_left.jpeg,3,Class 3
D:\Practice Projects\Disease Detection\dataset\Messidor-2+EyePac_Balanced\3\20351_right.jpeg,D:\Practice Projects\Disease Detection\processed_dataset\Class 3\Messidor-2+EyePac_Balanced__train__a5b8c9754d__20351_right.jpeg,3,Class 3
D:\Practice Projects\Disease Detection\dataset\Messidor-2+EyePac_Balanced\3\20458_left.jpeg,D:\Practice Projects\Disease Detection\processed_dataset\Class 3\Messidor-2+EyePac_Balanced__train__2f49989e30__20458_left.jpeg,3,Class 3
D:\Practice Projects\Disease Detection\dataset\Messidor-2+EyePac_Balanced\3\20760_left.jpeg,D:\Practice Projects\Disease Detection\processed_dataset\Class 3\Messidor-2+EyePac_Balanced__train__b4e88cee63__20760_left.jpeg,3,Class 3
D:\Practice Projects\Disease Detection\dataset\Messidor-2+EyePac_Balanced\3\20858_left.jpeg,D:\Practice Projects\Disease Detection\processed_dataset\Class 3\Messidor-2+EyePac_Balanced__train__4a2f78f69a__20858_left.jpeg,3,Class 3
D:\Practice Projects\Disease Detection\dataset\Messidor-2+EyePac_Balanced\3\20905_left.jpeg,D:\Practice Projects\Disease Detection\processed_dataset\Class 3\Messidor-2+EyePac_Balanced__train__3b1c59bdb0__20905_left.jpeg,3,Class 3
D:\Practice Projects\Disease Detection\dataset\Messidor-2+EyePac_Balanced\3\20939_left.jpeg,D:\Practice Projects\Disease Detection\processed_dataset\Class 3\Messidor-2+EyePac_Balanced__train__d973986107__20939_left.jpeg,3,Class 3
D:\Practice Projects\Disease Detection\dataset\Messidor-2+EyePac_Balanced\3\2132_right.jpeg,D:\Practice Projects\Disease Detection\processed_dataset\Class 3\Messidor-2+EyePac_Balanced__train__b152439ff0__2132_right.jpeg,3,Class 3
D:\Practice Projects\Disease Detection\dataset\Messidor-2+EyePac_Balanced\3\21746_left.jpeg,D:\Practice Projects\Disease Detection\processed_dataset\Class 3\Messidor-2+EyePac_Balanced__train__05b93c023a__21746_left.jpeg,3,Class 3
D:\Practice Projects\Disease Detection\dataset\Messidor-2+EyePac_Balanced\3\21746_right.jpeg,D:\Practice Projects\Disease Detection\processed_dataset\Class 3\Messidor-2+EyePac_Balanced__train__d172d17ac7__21746_right.jpeg,3,Class 3
D:\Practice Projects\Disease Detection\dataset\Messidor-2+EyePac_Balanced\3\21760_left.jpeg,D:\Practice Projects\Disease Detection\processed_dataset\Class 3\Messidor-2+EyePac_Balanced__train__d736e65f00__21760_left.jpeg,3,Class 3
D:\Practice Projects\Disease Detection\dataset\Messidor-2+EyePac_Balanced\3\21760_right.jpeg,D:\Practice Projects\Disease Detection\processed_dataset\Class 3\Messidor-2+EyePac_Balanced__train__d2132ddecd__21760_right.jpeg,3,Class 3
D:\Practice Projects\Disease Detection\dataset\Messidor-2+EyePac_Balanced\3\21796_left.jpeg,D:\Practice Projects\Disease Detection\processed_dataset\Class 3\Messidor-2+EyePac_Balanced__train__7f6cd0f961__21796_left.jpeg,3,Class 3
D:\Practice Projects\Disease Detection\dataset\Messidor-2+EyePac_Balanced\3\21796_right.jpeg,D:\Practice Projects\Disease Detection\processed_dataset\Class 3\Messidor-2+EyePac_Balanced__train__5d6b4e34a1__21796_right.jpeg,3,Class 3
D:\Practice Projects\Disease Detection\dataset\Messidor-2+EyePac_Balanced\3\21846_left.jpeg,D:\Practice Projects\Disease Detection\processed_dataset\Class 3\Messidor-2+EyePac_Balanced__train__109125f277__21846_left.jpeg,3,Class 3
D:\Practice Projects\Disease Detection\dataset\Messidor-2+EyePac_Balanced\3\22769_left.jpeg,D:\Practice Projects\Disease Detection\processed_dataset\Class 3\Messidor-2+EyePac_Balanced__train__6a5935b068__22769_left.jpeg,3,Class 3
D:\Practice Projects\Disease Detection\dataset\Messidor-2+EyePac_Balanced\3\22801_left.jpeg,D:\Practice Projects\Disease Detection\processed_dataset\Class 3\Messidor-2+EyePac_Balanced__train__b29a43192b__22801_left.jpeg,3,Class 3
D:\Practice Projects\Disease Detection\dataset\Messidor-2+EyePac_Balanced\3\23426_right.jpeg,D:\Practice Projects\Disease Detection\processed_dataset\Class 3\Messidor-2+EyePac_Balanced__train__4d48e85d5f__23426_right.jpeg,3,Class 3
D:\Practice Projects\Disease Detection\dataset\Messidor-2+EyePac_Balanced\3\23485_left.jpeg,D:\Practice Projects\Disease Detection\processed_dataset\Class 3\Messidor-2+EyePac_Balanced__train__6a08edb9e4__23485_left.jpeg,3,Class 3
D:\Practice Projects\Disease Detection\dataset\Messidor-2+EyePac_Balanced\3\23695_right.jpeg,D:\Practice Projects\Disease Detection\processed_dataset\Class 3\Messidor-2+EyePac_Balanced__train__f9e1e278d6__23695_right.jpeg,3,Class 3
D:\Practice Projects\Disease Detection\dataset\Messidor-2+EyePac_Balanced\3\23787_left.jpeg,D:\Practice Projects\Disease Detection\processed_dataset\Class 3\Messidor-2+EyePac_Balanced__train__8b9461e96d__23787_left.jpeg,3,Class 3
D:\Practice Projects\Disease Detection\dataset\Messidor-2+EyePac_Balanced\3\23787_right.jpeg,D:\Practice Projects\Disease Detection\processed_dataset\Class 3\Messidor-2+EyePac_Balanced__train__220f809444__23787_right.jpeg,3,Class 3
D:\Practice Projects\Disease Detection\dataset\Messidor-2+EyePac_Balanced\3\23884_left.jpeg,D:\Practice Projects\Disease Detection\processed_dataset\Class 3\Messidor-2+EyePac_Balanced__train__451cb69794__23884_left.jpeg,3,Class 3
D:\Practice Projects\Disease Detection\dataset\Messidor-2+EyePac_Balanced\3\24075_right.jpeg,D:\Practice Projects\Disease Detection\processed_dataset\Class 3\Messidor-2+EyePac_Balanced__train__045c76c2a1__24075_right.jpeg,3,Class 3
D:\Practice Projects\Disease Detection\dataset\Messidor-2+EyePac_Balanced\3\24317_left.jpeg,D:\Practice Projects\Disease Detection\processed_dataset\Class 3\Messidor-2+EyePac_Balanced__train__6ed78332a8__24317_left.jpeg,3,Class 3
D:\Practice Projects\Disease Detection\dataset\Messidor-2+EyePac_Balanced\3\24317_right.jpeg,D:\Practice Projects\Disease Detection\processed_dataset\Class 3\Messidor-2+EyePac_Balanced__train__f5966db9ba__24317_right.jpeg,3,Class 3
D:\Practice Projects\Disease Detection\dataset\Messidor-2+EyePac_Balanced\3\24656_left.jpeg,D:\Practice Projects\Disease Detection\processed_dataset\Class 3\Messidor-2+EyePac_Balanced__train__e2b20d96d6__24656_left.jpeg,3,Class 3
D:\Practice Projects\Disease Detection\dataset\Messidor-2+EyePac_Balanced\3\25318_right.jpeg,D:\Practice Projects\Disease Detection\processed_dataset\Class 3\Messidor-2+EyePac_Balanced__train__041f1cfc84__25318_right.jpeg,3,Class 3
D:\Practice Projects\Disease Detection\dataset\Messidor-2+EyePac_Balanced\3\25620_right.jpeg,D:\Practice Projects\Disease Detection\processed_dataset\Class 3\Messidor-2+EyePac_Balanced__train__b8b36a151f__25620_right.jpeg,3,Class 3
D:\Practice Projects\Disease Detection\dataset\Messidor-2+EyePac_Balanced\3\25650_left.jpeg,D:\Practice Projects\Disease Detection\processed_dataset\Class 3\Messidor-2+EyePac_Balanced__train__66291ebd7b__25650_left.jpeg,3,Class 3
D:\Practice Projects\Disease Detection\dataset\Messidor-2+EyePac_Balanced\3\25650_right.jpeg,D:\Practice Projects\Disease Detection\processed_dataset\Class 3\Messidor-2+EyePac_Balanced__train__86a0e72470__25650_right.jpeg,3,Class 3
D:\Practice Projects\Disease Detection\dataset\Messidor-2+EyePac_Balanced\3\25723_left.jpeg,D:\Practice Projects\Disease Detection\processed_dataset\Class 3\Messidor-2+EyePac_Balanced__train__ae9ef0bc80__25723_left.jpeg,3,Class 3
D:\Practice Projects\Disease Detection\dataset\Messidor-2+EyePac_Balanced\3\25723_right.jpeg,D:\Practice Projects\Disease Detection\processed_dataset\Class 3\Messidor-2+EyePac_Balanced__train__a2f224a51c__25723_right.jpeg,3,Class 3
D:\Practice Projects\Disease Detection\dataset\Messidor-2+EyePac_Balanced\3\25733_left.jpeg,D:\Practice Projects\Disease Detection\processed_dataset\Class 3\Messidor-2+EyePac_Balanced__train__cb84ddd736__25733_left.jpeg,3,Class 3
D:\Practice Projects\Disease Detection\dataset\Messidor-2+EyePac_Balanced\3\25733_right.jpeg,D:\Practice Projects\Disease Detection\processed_dataset\Class 3\Messidor-2+EyePac_Balanced__train__697390c0d9__25733_right.jpeg,3,Class 3
D:\Practice Projects\Disease Detection\dataset\Messidor-2+EyePac_Balanced\3\2577_right.jpeg,D:\Practice Projects\Disease Detection\processed_dataset\Class 3\Messidor-2+EyePac_Balanced__train__39964a0e54__2577_right.jpeg,3,Class 3
D:\Practice Projects\Disease Detection\dataset\Messidor-2+EyePac_Balanced\3\25872_right.jpeg,D:\Practice Projects\Disease Detection\processed_dataset\Class 3\Messidor-2+EyePac_Balanced__train__23cbd742e6__25872_right.jpeg,3,Class 3
D:\Practice Projects\Disease Detection\dataset\Messidor-2+EyePac_Balanced\3\26553_left.jpeg,D:\Practice Projects\Disease Detection\processed_dataset\Class 3\Messidor-2+EyePac_Balanced__train__1016002946__26553_left.jpeg,3,Class 3
D:\Practice Projects\Disease Detection\dataset\Messidor-2+EyePac_Balanced\3\26553_right.jpeg,D:\Practice Projects\Disease Detection\processed_dataset\Class 3\Messidor-2+EyePac_Balanced__train__c4740949d3__26553_right.jpeg,3,Class 3
D:\Practice Projects\Disease Detection\dataset\Messidor-2+EyePac_Balanced\3\27653_right.jpeg,D:\Practice Projects\Disease Detection\processed_dataset\Class 3\Messidor-2+EyePac_Balanced__train__27a41d6df3__27653_right.jpeg,3,Class 3
D:\Practice Projects\Disease Detection\dataset\Messidor-2+EyePac_Balanced\3\27773_left.jpeg,D:\Practice Projects\Disease Detection\processed_dataset\Class 3\Messidor-2+EyePac_Balanced__train__a0e96f7ed4__27773_left.jpeg,3,Class 3
D:\Practice Projects\Disease Detection\dataset\Messidor-2+EyePac_Balanced\3\27773_right.jpeg,D:\Practice Projects\Disease Detection\processed_dataset\Class 3\Messidor-2+EyePac_Balanced__train__1c65403070__27773_right.jpeg,3,Class 3
D:\Practice Projects\Disease Detection\dataset\Messidor-2+EyePac_Balanced\3\27939_right.jpeg,D:\Practice Projects\Disease Detection\processed_dataset\Class 3\Messidor-2+EyePac_Balanced__train__4fbe1300d5__27939_right.jpeg,3,Class 3
D:\Practice Projects\Disease Detection\dataset\Messidor-2+EyePac_Balanced\3\28052_left.jpeg,D:\Practice Projects\Disease Detection\processed_dataset\Class 3\Messidor-2+EyePac_Balanced__train__9717c99bfa__28052_left.jpeg,3,Class 3
D:\Practice Projects\Disease Detection\dataset\Messidor-2+EyePac_Balanced\3\28052_right.jpeg,D:\Practice Projects\Disease Detection\processed_dataset\Class 3\Messidor-2+EyePac_Balanced__train__78734e566e__28052_right.jpeg,3,Class 3
D:\Practice Projects\Disease Detection\dataset\Messidor-2+EyePac_Balanced\3\28093_right.jpeg,D:\Practice Projects\Disease Detection\processed_dataset\Class 3\Messidor-2+EyePac_Balanced__train__6f20e70744__28093_right.jpeg,3,Class 3
D:\Practice Projects\Disease Detection\dataset\Messidor-2+EyePac_Balanced\3\28129_right.jpeg,D:\Practice Projects\Disease Detection\processed_dataset\Class 3\Messidor-2+EyePac_Balanced__train__654a8685cb__28129_right.jpeg,3,Class 3
D:\Practice Projects\Disease Detection\dataset\Messidor-2+EyePac_Balanced\3\28675_right.jpeg,D:\Practice Projects\Disease Detection\processed_dataset\Class 3\Messidor-2+EyePac_Balanced__train__1fd70b0dc9__28675_right.jpeg,3,Class 3
D:\Practice Projects\Disease Detection\dataset\Messidor-2+EyePac_Balanced\3\28840_left.jpeg,D:\Practice Projects\Disease Detection\processed_dataset\Class 3\Messidor-2+EyePac_Balanced__train__d2435c06c3__28840_left.jpeg,3,Class 3
D:\Practice Projects\Disease Detection\dataset\Messidor-2+EyePac_Balanced\3\28919_left.jpeg,D:\Practice Projects\Disease Detection\processed_dataset\Class 3\Messidor-2+EyePac_Balanced__train__c1f409ec7f__28919_left.jpeg,3,Class 3
D:\Practice Projects\Disease Detection\dataset\Messidor-2+EyePac_Balanced\3\28919_right.jpeg,D:\Practice Projects\Disease Detection\processed_dataset\Class 3\Messidor-2+EyePac_Balanced__train__9f4505c670__28919_right.jpeg,3,Class 3
D:\Practice Projects\Disease Detection\dataset\Messidor-2+EyePac_Balanced\3\28975_right.jpeg,D:\Practice Projects\Disease Detection\processed_dataset\Class 3\Messidor-2+EyePac_Balanced__train__c3ea7adf30__28975_right.jpeg,3,Class 3
D:\Practice Projects\Disease Detection\dataset\Messidor-2+EyePac_Balanced\3\29097_left.jpeg,D:\Practice Projects\Disease Detection\processed_dataset\Class 3\Messidor-2+EyePac_Balanced__train__41f2c73097__29097_left.jpeg,3,Class 3
D:\Practice Projects\Disease Detection\dataset\Messidor-2+EyePac_Balanced\3\29490_right.jpeg,D:\Practice Projects\Disease Detection\processed_dataset\Class 3\Messidor-2+EyePac_Balanced__train__e5ed0b05b1__29490_right.jpeg,3,Class 3
D:\Practice Projects\Disease Detection\dataset\Messidor-2+EyePac_Balanced\3\29604_left.jpeg,D:\Practice Projects\Disease Detection\processed_dataset\Class 3\Messidor-2+EyePac_Balanced__train__8eff7996cb__29604_left.jpeg,3,Class 3
D:\Practice Projects\Disease Detection\dataset\Messidor-2+EyePac_Balanced\3\30226_left.jpeg,D:\Practice Projects\Disease Detection\processed_dataset\Class 3\Messidor-2+EyePac_Balanced__train__0f25893d95__30226_left.jpeg,3,Class 3
D:\Practice Projects\Disease Detection\dataset\Messidor-2+EyePac_Balanced\3\30226_right.jpeg,D:\Practice Projects\Disease Detection\processed_dataset\Class 3\Messidor-2+EyePac_Balanced__train__ca5a6cc405__30226_right.jpeg,3,Class 3
D:\Practice Projects\Disease Detection\dataset\Messidor-2+EyePac_Balanced\3\30301_left.jpeg,D:\Practice Projects\Disease Detection\processed_dataset\Class 3\Messidor-2+EyePac_Balanced__train__1aadc23fe5__30301_left.jpeg,3,Class 3
D:\Practice Projects\Disease Detection\dataset\Messidor-2+EyePac_Balanced\3\30301_right.jpeg,D:\Practice Projects\Disease Detection\processed_dataset\Class 3\Messidor-2+EyePac_Balanced__train__a6f505d6d3__30301_right.jpeg,3,Class 3
D:\Practice Projects\Disease Detection\dataset\Messidor-2+EyePac_Balanced\3\30922_left.jpeg,D:\Practice Projects\Disease Detection\processed_dataset\Class 3\Messidor-2+EyePac_Balanced__train__195d7e30f1__30922_left.jpeg,3,Class 3
D:\Practice Projects\Disease Detection\dataset\Messidor-2+EyePac_Balanced\3\30925_right.jpeg,D:\Practice Projects\Disease Detection\processed_dataset\Class 3\Messidor-2+EyePac_Balanced__train__95cb33cbaa__30925_right.jpeg,3,Class 3
D:\Practice Projects\Disease Detection\dataset\Messidor-2+EyePac_Balanced\3\30930_left.jpeg,D:\Practice Projects\Disease Detection\processed_dataset\Class 3\Messidor-2+EyePac_Balanced__train__0983f4cc3c__30930_left.jpeg,3,Class 3
D:\Practice Projects\Disease Detection\dataset\Messidor-2+EyePac_Balanced\3\3096_left.jpeg,D:\Practice Projects\Disease Detection\processed_dataset\Class 3\Messidor-2+EyePac_Balanced__train__d8befa7170__3096_left.jpeg,3,Class 3
D:\Practice Projects\Disease Detection\dataset\Messidor-2+EyePac_Balanced\3\3096_right.jpeg,D:\Practice Projects\Disease Detection\processed_dataset\Class 3\Messidor-2+EyePac_Balanced__train__1fa73dcfa6__3096_right.jpeg,3,Class 3
D:\Practice Projects\Disease Detection\dataset\Messidor-2+EyePac_Balanced\3\31712_right.jpeg,D:\Practice Projects\Disease Detection\processed_dataset\Class 3\Messidor-2+EyePac_Balanced__train__6f234abe1d__31712_right.jpeg,3,Class 3
D:\Practice Projects\Disease Detection\dataset\Messidor-2+EyePac_Balanced\3\31837_right.jpeg,D:\Practice Projects\Disease Detection\processed_dataset\Class 3\Messidor-2+EyePac_Balanced__train__bba5919e39__31837_right.jpeg,3,Class 3
D:\Practice Projects\Disease Detection\dataset\Messidor-2+EyePac_Balanced\3\31962_left.jpeg,D:\Practice Projects\Disease Detection\processed_dataset\Class 3\Messidor-2+EyePac_Balanced__train__8bcee0749b__31962_left.jpeg,3,Class 3
D:\Practice Projects\Disease Detection\dataset\Messidor-2+EyePac_Balanced\3\31984_right.jpeg,D:\Practice Projects\Disease Detection\processed_dataset\Class 3\Messidor-2+EyePac_Balanced__train__a29c2cb10c__31984_right.jpeg,3,Class 3
D:\Practice Projects\Disease Detection\dataset\Messidor-2+EyePac_Balanced\3\32242_left.jpeg,D:\Practice Projects\Disease Detection\processed_dataset\Class 3\Messidor-2+EyePac_Balanced__train__d9b41dd02a__32242_left.jpeg,3,Class 3
D:\Practice Projects\Disease Detection\dataset\Messidor-2+EyePac_Balanced\3\32247_left.jpeg,D:\Practice Projects\Disease Detection\processed_dataset\Class 3\Messidor-2+EyePac_Balanced__train__6eeb99730b__32247_left.jpeg,3,Class 3
D:\Practice Projects\Disease Detection\dataset\Messidor-2+EyePac_Balanced\3\32247_right.jpeg,D:\Practice Projects\Disease Detection\processed_dataset\Class 3\Messidor-2+EyePac_Balanced__train__d7a4115957__32247_right.jpeg,3,Class 3
D:\Practice Projects\Disease Detection\dataset\Messidor-2+EyePac_Balanced\3\32603_right.jpeg,D:\Practice Projects\Disease Detection\processed_dataset\Class 3\Messidor-2+EyePac_Balanced__train__46ad2cea8b__32603_right.jpeg,3,Class 3
D:\Practice Projects\Disease Detection\dataset\Messidor-2+EyePac_Balanced\3\32604_left.jpeg,D:\Practice Projects\Disease Detection\processed_dataset\Class 3\Messidor-2+EyePac_Balanced__train__497c522658__32604_left.jpeg,3,Class 3
D:\Practice Projects\Disease Detection\dataset\Messidor-2+EyePac_Balanced\3\32604_right.jpeg,D:\Practice Projects\Disease Detection\processed_dataset\Class 3\Messidor-2+EyePac_Balanced__train__cab24c7ed2__32604_right.jpeg,3,Class 3
D:\Practice Projects\Disease Detection\dataset\Messidor-2+EyePac_Balanced\3\32821_left.jpeg,D:\Practice Projects\Disease Detection\processed_dataset\Class 3\Messidor-2+EyePac_Balanced__train__0f6ffe8d24__32821_left.jpeg,3,Class 3
D:\Practice Projects\Disease Detection\dataset\Messidor-2+EyePac_Balanced\3\32821_right.jpeg,D:\Practice Projects\Disease Detection\processed_dataset\Class 3\Messidor-2+EyePac_Balanced__train__7684c49ddf__32821_right.jpeg,3,Class 3
D:\Practice Projects\Disease Detection\dataset\Messidor-2+EyePac_Balanced\3\3287_right.jpeg,D:\Practice Projects\Disease Detection\processed_dataset\Class 3\Messidor-2+EyePac_Balanced__train__2ed5ad7c08__3287_right.jpeg,3,Class 3
D:\Practice Projects\Disease Detection\dataset\Messidor-2+EyePac_Balanced\3\33685_left.jpeg,D:\Practice Projects\Disease Detection\processed_dataset\Class 3\Messidor-2+EyePac_Balanced__train__420152c223__33685_left.jpeg,3,Class 3
D:\Practice Projects\Disease Detection\dataset\Messidor-2+EyePac_Balanced\3\33685_right.jpeg,D:\Practice Projects\Disease Detection\processed_dataset\Class 3\Messidor-2+EyePac_Balanced__train__8ad4a2042a__33685_right.jpeg,3,Class 3
D:\Practice Projects\Disease Detection\dataset\Messidor-2+EyePac_Balanced\3\33753_right.jpeg,D:\Practice Projects\Disease Detection\processed_dataset\Class 3\Messidor-2+EyePac_Balanced__train__c3b6b1ff27__33753_right.jpeg,3,Class 3
D:\Practice Projects\Disease Detection\dataset\Messidor-2+EyePac_Balanced\3\33840_left.jpeg,D:\Practice Projects\Disease Detection\processed_dataset\Class 3\Messidor-2+EyePac_Balanced__train__887bb0d49a__33840_left.jpeg,3,Class 3
D:\Practice Projects\Disease Detection\dataset\Messidor-2+EyePac_Balanced\3\34006_left.jpeg,D:\Practice Projects\Disease Detection\processed_dataset\Class 3\Messidor-2+EyePac_Balanced__train__9a930c5fa8__34006_left.jpeg,3,Class 3
D:\Practice Projects\Disease Detection\dataset\Messidor-2+EyePac_Balanced\3\3422_left.jpeg,D:\Practice Projects\Disease Detection\processed_dataset\Class 3\Messidor-2+EyePac_Balanced__train__7e56d9e846__3422_left.jpeg,3,Class 3
D:\Practice Projects\Disease Detection\dataset\Messidor-2+EyePac_Balanced\3\3422_right.jpeg,D:\Practice Projects\Disease Detection\processed_dataset\Class 3\Messidor-2+EyePac_Balanced__train__dbb7fcade3__3422_right.jpeg,3,Class 3
D:\Practice Projects\Disease Detection\dataset\Messidor-2+EyePac_Balanced\3\34445_left.jpeg,D:\Practice Projects\Disease Detection\processed_dataset\Class 3\Messidor-2+EyePac_Balanced__train__b0ed67b1f5__34445_left.jpeg,3,Class 3
D:\Practice Projects\Disease Detection\dataset\Messidor-2+EyePac_Balanced\3\34547_left.jpeg,D:\Practice Projects\Disease Detection\processed_dataset\Class 3\Messidor-2+EyePac_Balanced__train__673a5b2323__34547_left.jpeg,3,Class 3
D:\Practice Projects\Disease Detection\dataset\Messidor-2+EyePac_Balanced\3\34690_right.jpeg,D:\Practice Projects\Disease Detection\processed_dataset\Class 3\Messidor-2+EyePac_Balanced__train__131bc29886__34690_right.jpeg,3,Class 3
D:\Practice Projects\Disease Detection\dataset\Messidor-2+EyePac_Balanced\3\34918_left.jpeg,D:\Practice Projects\Disease Detection\processed_dataset\Class 3\Messidor-2+EyePac_Balanced__train__7e36e2f9cd__34918_left.jpeg,3,Class 3
D:\Practice Projects\Disease Detection\dataset\Messidor-2+EyePac_Balanced\3\352_right.jpeg,D:\Practice Projects\Disease Detection\processed_dataset\Class 3\Messidor-2+EyePac_Balanced__train__9ed9efacd8__352_right.jpeg,3,Class 3
D:\Practice Projects\Disease Detection\dataset\Messidor-2+EyePac_Balanced\3\35850_left.jpeg,D:\Practice Projects\Disease Detection\processed_dataset\Class 3\Messidor-2+EyePac_Balanced__train__df5b265d4f__35850_left.jpeg,3,Class 3
D:\Practice Projects\Disease Detection\dataset\Messidor-2+EyePac_Balanced\3\35850_right.jpeg,D:\Practice Projects\Disease Detection\processed_dataset\Class 3\Messidor-2+EyePac_Balanced__train__150a4dbe61__35850_right.jpeg,3,Class 3
D:\Practice Projects\Disease Detection\dataset\Messidor-2+EyePac_Balanced\3\36166_left.jpeg,D:\Practice Projects\Disease Detection\processed_dataset\Class 3\Messidor-2+EyePac_Balanced__train__caa094c734__36166_left.jpeg,3,Class 3
D:\Practice Projects\Disease Detection\dataset\Messidor-2+EyePac_Balanced\3\36336_left.jpeg,D:\Practice Projects\Disease Detection\processed_dataset\Class 3\Messidor-2+EyePac_Balanced__train__acc5d4ee3d__36336_left.jpeg,3,Class 3
D:\Practice Projects\Disease Detection\dataset\Messidor-2+EyePac_Balanced\3\36692_left.jpeg,D:\Practice Projects\Disease Detection\processed_dataset\Class 3\Messidor-2+EyePac_Balanced__train__b236feb840__36692_left.jpeg,3,Class 3
D:\Practice Projects\Disease Detection\dataset\Messidor-2+EyePac_Balanced\3\36692_right.jpeg,D:\Practice Projects\Disease Detection\processed_dataset\Class 3\Messidor-2+EyePac_Balanced__train__b353b42dcd__36692_right.jpeg,3,Class 3
D:\Practice Projects\Disease Detection\dataset\Messidor-2+EyePac_Balanced\3\36978_right.jpeg,D:\Practice Projects\Disease Detection\processed_dataset\Class 3\Messidor-2+EyePac_Balanced__train__6dfb1d1de3__36978_right.jpeg,3,Class 3
D:\Practice Projects\Disease Detection\dataset\Messidor-2+EyePac_Balanced\3\37032_right.jpeg,D:\Practice Projects\Disease Detection\processed_dataset\Class 3\Messidor-2+EyePac_Balanced__train__1925a16bfa__37032_right.jpeg,3,Class 3
D:\Practice Projects\Disease Detection\dataset\Messidor-2+EyePac_Balanced\3\37339_left.jpeg,D:\Practice Projects\Disease Detection\processed_dataset\Class 3\Messidor-2+EyePac_Balanced__train__e12cb8e728__37339_left.jpeg,3,Class 3
D:\Practice Projects\Disease Detection\dataset\Messidor-2+EyePac_Balanced\3\37339_right.jpeg,D:\Practice Projects\Disease Detection\processed_dataset\Class 3\Messidor-2+EyePac_Balanced__train__abd166dec6__37339_right.jpeg,3,Class 3
D:\Practice Projects\Disease Detection\dataset\Messidor-2+EyePac_Balanced\3\37426_right.jpeg,D:\Practice Projects\Disease Detection\processed_dataset\Class 3\Messidor-2+EyePac_Balanced__train__25e2ae4d4c__37426_right.jpeg,3,Class 3
D:\Practice Projects\Disease Detection\dataset\Messidor-2+EyePac_Balanced\3\3748_right.jpeg,D:\Practice Projects\Disease Detection\processed_dataset\Class 3\Messidor-2+EyePac_Balanced__train__b8dc1b40ca__3748_right.jpeg,3,Class 3
D:\Practice Projects\Disease Detection\dataset\Messidor-2+EyePac_Balanced\3\3773_left.jpeg,D:\Practice Projects\Disease Detection\processed_dataset\Class 3\Messidor-2+EyePac_Balanced__train__d0f847e52a__3773_left.jpeg,3,Class 3
D:\Practice Projects\Disease Detection\dataset\Messidor-2+EyePac_Balanced\3\38247_right.jpeg,D:\Practice Projects\Disease Detection\processed_dataset\Class 3\Messidor-2+EyePac_Balanced__train__79594267be__38247_right.jpeg,3,Class 3
D:\Practice Projects\Disease Detection\dataset\Messidor-2+EyePac_Balanced\3\3868_left.jpeg,D:\Practice Projects\Disease Detection\processed_dataset\Class 3\Messidor-2+EyePac_Balanced__train__62f3a96365__3868_left.jpeg,3,Class 3
D:\Practice Projects\Disease Detection\dataset\Messidor-2+EyePac_Balanced\3\3868_right.jpeg,D:\Practice Projects\Disease Detection\processed_dataset\Class 3\Messidor-2+EyePac_Balanced__train__a4060db62a__3868_right.jpeg,3,Class 3
D:\Practice Projects\Disease Detection\dataset\Messidor-2+EyePac_Balanced\3\38825_left.jpeg,D:\Practice Projects\Disease Detection\processed_dataset\Class 3\Messidor-2+EyePac_Balanced__train__44194c7141__38825_left.jpeg,3,Class 3
D:\Practice Projects\Disease Detection\dataset\Messidor-2+EyePac_Balanced\3\38825_right.jpeg,D:\Practice Projects\Disease Detection\processed_dataset\Class 3\Messidor-2+EyePac_Balanced__train__5805053c4a__38825_right.jpeg,3,Class 3
D:\Practice Projects\Disease Detection\dataset\Messidor-2+EyePac_Balanced\3\39575_left.jpeg,D:\Practice Projects\Disease Detection\processed_dataset\Class 3\Messidor-2+EyePac_Balanced__train__642e434f89__39575_left.jpeg,3,Class 3
D:\Practice Projects\Disease Detection\dataset\Messidor-2+EyePac_Balanced\3\3992_left.jpeg,D:\Practice Projects\Disease Detection\processed_dataset\Class 3\Messidor-2+EyePac_Balanced__train__000ce11333__3992_left.jpeg,3,Class 3
D:\Practice Projects\Disease Detection\dataset\Messidor-2+EyePac_Balanced\3\3992_right.jpeg,D:\Practice Projects\Disease Detection\processed_dataset\Class 3\Messidor-2+EyePac_Balanced__train__812ddfa96d__3992_right.jpeg,3,Class 3
D:\Practice Projects\Disease Detection\dataset\Messidor-2+EyePac_Balanced\3\40078_right.jpeg,D:\Practice Projects\Disease Detection\processed_dataset\Class 3\Messidor-2+EyePac_Balanced__train__6deb0b1514__40078_right.jpeg,3,Class 3
D:\Practice Projects\Disease Detection\dataset\Messidor-2+EyePac_Balanced\3\40366_left.jpeg,D:\Practice Projects\Disease Detection\processed_dataset\Class 3\Messidor-2+EyePac_Balanced__train__d3f99d6955__40366_left.jpeg,3,Class 3
D:\Practice Projects\Disease Detection\dataset\Messidor-2+EyePac_Balanced\3\40366_right.jpeg,D:\Practice Projects\Disease Detection\processed_dataset\Class 3\Messidor-2+EyePac_Balanced__train__17cc53ef51__40366_right.jpeg,3,Class 3
D:\Practice Projects\Disease Detection\dataset\Messidor-2+EyePac_Balanced\3\4148_right.jpeg,D:\Practice Projects\Disease Detection\processed_dataset\Class 3\Messidor-2+EyePac_Balanced__train__43a2bda3fe__4148_right.jpeg,3,Class 3
D:\Practice Projects\Disease Detection\dataset\Messidor-2+EyePac_Balanced\3\4155_left.jpeg,D:\Practice Projects\Disease Detection\processed_dataset\Class 3\Messidor-2+EyePac_Balanced__train__c0904acd97__4155_left.jpeg,3,Class 3
D:\Practice Projects\Disease Detection\dataset\Messidor-2+EyePac_Balanced\3\41714_left.jpeg,D:\Practice Projects\Disease Detection\processed_dataset\Class 3\Messidor-2+EyePac_Balanced__train__d08ec810b7__41714_left.jpeg,3,Class 3
D:\Practice Projects\Disease Detection\dataset\Messidor-2+EyePac_Balanced\3\41714_right.jpeg,D:\Practice Projects\Disease Detection\processed_dataset\Class 3\Messidor-2+EyePac_Balanced__train__c1edfce96d__41714_right.jpeg,3,Class 3
D:\Practice Projects\Disease Detection\dataset\Messidor-2+EyePac_Balanced\3\42172_left.jpeg,D:\Practice Projects\Disease Detection\processed_dataset\Class 3\Messidor-2+EyePac_Balanced__train__7c20b45f3e__42172_left.jpeg,3,Class 3
D:\Practice Projects\Disease Detection\dataset\Messidor-2+EyePac_Balanced\3\42260_right.jpeg,D:\Practice Projects\Disease Detection\processed_dataset\Class 3\Messidor-2+EyePac_Balanced__train__bd5746c2bd__42260_right.jpeg,3,Class 3
D:\Practice Projects\Disease Detection\dataset\Messidor-2+EyePac_Balanced\3\42772_left.jpeg,D:\Practice Projects\Disease Detection\processed_dataset\Class 3\Messidor-2+EyePac_Balanced__train__5f25a39c34__42772_left.jpeg,3,Class 3
D:\Practice Projects\Disease Detection\dataset\Messidor-2+EyePac_Balanced\3\42772_right.jpeg,D:\Practice Projects\Disease Detection\processed_dataset\Class 3\Messidor-2+EyePac_Balanced__train__969d1a5bf6__42772_right.jpeg,3,Class 3
D:\Practice Projects\Disease Detection\dataset\Messidor-2+EyePac_Balanced\3\4282_left.jpeg,D:\Practice Projects\Disease Detection\processed_dataset\Class 3\Messidor-2+EyePac_Balanced__train__3fa6b02c7d__4282_left.jpeg,3,Class 3
D:\Practice Projects\Disease Detection\dataset\Messidor-2+EyePac_Balanced\3\4282_right.jpeg,D:\Practice Projects\Disease Detection\processed_dataset\Class 3\Messidor-2+EyePac_Balanced__train__91254bf6fc__4282_right.jpeg,3,Class 3
D:\Practice Projects\Disease Detection\dataset\Messidor-2+EyePac_Balanced\3\43105_right.jpeg,D:\Practice Projects\Disease Detection\processed_dataset\Class 3\Messidor-2+EyePac_Balanced__train__a7faec4cba__43105_right.jpeg,3,Class 3
D:\Practice Projects\Disease Detection\dataset\Messidor-2+EyePac_Balanced\3\43157_left.jpeg,D:\Practice Projects\Disease Detection\processed_dataset\Class 3\Messidor-2+EyePac_Balanced__train__7a657680f1__43157_left.jpeg,3,Class 3
D:\Practice Projects\Disease Detection\dataset\Messidor-2+EyePac_Balanced\3\43157_right.jpeg,D:\Practice Projects\Disease Detection\processed_dataset\Class 3\Messidor-2+EyePac_Balanced__train__38267116ad__43157_right.jpeg,3,Class 3
D:\Practice Projects\Disease Detection\dataset\Messidor-2+EyePac_Balanced\3\43416_right.jpeg,D:\Practice Projects\Disease Detection\processed_dataset\Class 3\Messidor-2+EyePac_Balanced__train__f0210167b0__43416_right.jpeg,3,Class 3
D:\Practice Projects\Disease Detection\dataset\Messidor-2+EyePac_Balanced\3\43633_left.jpeg,D:\Practice Projects\Disease Detection\processed_dataset\Class 3\Messidor-2+EyePac_Balanced__train__f7a338823e__43633_left.jpeg,3,Class 3
D:\Practice Projects\Disease Detection\dataset\Messidor-2+EyePac_Balanced\3\43633_right.jpeg,D:\Practice Projects\Disease Detection\processed_dataset\Class 3\Messidor-2+EyePac_Balanced__train__b97c5b3b18__43633_right.jpeg,3,Class 3
D:\Practice Projects\Disease Detection\dataset\Messidor-2+EyePac_Balanced\3\4366_left.jpeg,D:\Practice Projects\Disease Detection\processed_dataset\Class 3\Messidor-2+EyePac_Balanced__train__9fb915a010__4366_left.jpeg,3,Class 3
D:\Practice Projects\Disease Detection\dataset\Messidor-2+EyePac_Balanced\3\4366_right.jpeg,D:\Practice Projects\Disease Detection\processed_dataset\Class 3\Messidor-2+EyePac_Balanced__train__bbe0fb4496__4366_right.jpeg,3,Class 3
D:\Practice Projects\Disease Detection\dataset\Messidor-2+EyePac_Balanced\3\4374_right.jpeg,D:\Practice Projects\Disease Detection\processed_dataset\Class 3\Messidor-2+EyePac_Balanced__train__d311889107__4374_right.jpeg,3,Class 3
D:\Practice Projects\Disease Detection\dataset\Messidor-2+EyePac_Balanced\3\44165_right.jpeg,D:\Practice Projects\Disease Detection\processed_dataset\Class 3\Messidor-2+EyePac_Balanced__train__3d7d31e999__44165_right.jpeg,3,Class 3
D:\Practice Projects\Disease Detection\dataset\Messidor-2+EyePac_Balanced\3\44200_left.jpeg,D:\Practice Projects\Disease Detection\processed_dataset\Class 3\Messidor-2+EyePac_Balanced__train__a01382871e__44200_left.jpeg,3,Class 3
D:\Practice Projects\Disease Detection\dataset\Messidor-2+EyePac_Balanced\3\4531_right.jpeg,D:\Practice Projects\Disease Detection\processed_dataset\Class 3\Messidor-2+EyePac_Balanced__train__1229728ba9__4531_right.jpeg,3,Class 3
D:\Practice Projects\Disease Detection\dataset\Messidor-2+EyePac_Balanced\3\4967_left.jpeg,D:\Practice Projects\Disease Detection\processed_dataset\Class 3\Messidor-2+EyePac_Balanced__train__7675b6a5f4__4967_left.jpeg,3,Class 3
D:\Practice Projects\Disease Detection\dataset\Messidor-2+EyePac_Balanced\3\5140_left.jpeg,D:\Practice Projects\Disease Detection\processed_dataset\Class 3\Messidor-2+EyePac_Balanced__train__8ccb705f1b__5140_left.jpeg,3,Class 3
D:\Practice Projects\Disease Detection\dataset\Messidor-2+EyePac_Balanced\3\5140_right.jpeg,D:\Practice Projects\Disease Detection\processed_dataset\Class 3\Messidor-2+EyePac_Balanced__train__c1d3b3641a__5140_right.jpeg,3,Class 3
D:\Practice Projects\Disease Detection\dataset\Messidor-2+EyePac_Balanced\3\5505_left.jpeg,D:\Practice Projects\Disease Detection\processed_dataset\Class 3\Messidor-2+EyePac_Balanced__train__2d94473107__5505_left.jpeg,3,Class 3
D:\Practice Projects\Disease Detection\dataset\Messidor-2+EyePac_Balanced\3\5964_right.jpeg,D:\Practice Projects\Disease Detection\processed_dataset\Class 3\Messidor-2+EyePac_Balanced__train__07484ef090__5964_right.jpeg,3,Class 3
D:\Practice Projects\Disease Detection\dataset\Messidor-2+EyePac_Balanced\3\6878_right.jpeg,D:\Practice Projects\Disease Detection\processed_dataset\Class 3\Messidor-2+EyePac_Balanced__train__93da07332b__6878_right.jpeg,3,Class 3
D:\Practice Projects\Disease Detection\dataset\Messidor-2+EyePac_Balanced\3\7060_left.jpeg,D:\Practice Projects\Disease Detection\processed_dataset\Class 3\Messidor-2+EyePac_Balanced__train__789246595f__7060_left.jpeg,3,Class 3
D:\Practice Projects\Disease Detection\dataset\Messidor-2+EyePac_Balanced\3\7060_right.jpeg,D:\Practice Projects\Disease Detection\processed_dataset\Class 3\Messidor-2+EyePac_Balanced__train__6c22c23f19__7060_right.jpeg,3,Class 3
D:\Practice Projects\Disease Detection\dataset\Messidor-2+EyePac_Balanced\3\7298_right.jpeg,D:\Practice Projects\Disease Detection\processed_dataset\Class 3\Messidor-2+EyePac_Balanced__train__872424cd92__7298_right.jpeg,3,Class 3
D:\Practice Projects\Disease Detection\dataset\Messidor-2+EyePac_Balanced\3\7623_left.jpeg,D:\Practice Projects\Disease Detection\processed_dataset\Class 3\Messidor-2+EyePac_Balanced__train__708b12d445__7623_left.jpeg,3,Class 3
D:\Practice Projects\Disease Detection\dataset\Messidor-2+EyePac_Balanced\3\7623_right.jpeg,D:\Practice Projects\Disease Detection\processed_dataset\Class 3\Messidor-2+EyePac_Balanced__train__bab50b8f74__7623_right.jpeg,3,Class 3
D:\Practice Projects\Disease Detection\dataset\Messidor-2+EyePac_Balanced\3\7859_left.jpeg,D:\Practice Projects\Disease Detection\processed_dataset\Class 3\Messidor-2+EyePac_Balanced__train__bd51ad798e__7859_left.jpeg,3,Class 3
D:\Practice Projects\Disease Detection\dataset\Messidor-2+EyePac_Balanced\3\7859_right.jpeg,D:\Practice Projects\Disease Detection\processed_dataset\Class 3\Messidor-2+EyePac_Balanced__train__a9458285d5__7859_right.jpeg,3,Class 3
D:\Practice Projects\Disease Detection\dataset\Messidor-2+EyePac_Balanced\3\8284_left.jpeg,D:\Practice Projects\Disease Detection\processed_dataset\Class 3\Messidor-2+EyePac_Balanced__train__ade4771a36__8284_left.jpeg,3,Class 3
D:\Practice Projects\Disease Detection\dataset\Messidor-2+EyePac_Balanced\3\8302_right.jpeg,D:\Practice Projects\Disease Detection\processed_dataset\Class 3\Messidor-2+EyePac_Balanced__train__e7489dd2ba__8302_right.jpeg,3,Class 3
D:\Practice Projects\Disease Detection\dataset\Messidor-2+EyePac_Balanced\3\8749_left.jpeg,D:\Practice Projects\Disease Detection\processed_dataset\Class 3\Messidor-2+EyePac_Balanced__train__ebbfe8b527__8749_left.jpeg,3,Class 3
D:\Practice Projects\Disease Detection\dataset\Messidor-2+EyePac_Balanced\3\8749_right.jpeg,D:\Practice Projects\Disease Detection\processed_dataset\Class 3\Messidor-2+EyePac_Balanced__train__a7dfed8f40__8749_right.jpeg,3,Class 3
D:\Practice Projects\Disease Detection\dataset\Messidor-2+EyePac_Balanced\3\8950_right.jpeg,D:\Practice Projects\Disease Detection\processed_dataset\Class 3\Messidor-2+EyePac_Balanced__train__7759f28e39__8950_right.jpeg,3,Class 3
D:\Practice Projects\Disease Detection\dataset\Messidor-2+EyePac_Balanced\3\9001_left.jpeg,D:\Practice Projects\Disease Detection\processed_dataset\Class 3\Messidor-2+EyePac_Balanced__train__82b7b3f6e6__9001_left.jpeg,3,Class 3
D:\Practice Projects\Disease Detection\dataset\Messidor-2+EyePac_Balanced\3\9001_right.jpeg,D:\Practice Projects\Disease Detection\processed_dataset\Class 3\Messidor-2+EyePac_Balanced__train__b5aefd7068__9001_right.jpeg,3,Class 3
D:\Practice Projects\Disease Detection\dataset\Messidor-2+EyePac_Balanced\3\IM001372.JPG,D:\Practice Projects\Disease Detection\processed_dataset\Class 3\Messidor-2+EyePac_Balanced__train__4e9aca7272__IM001372.jpg,3,Class 3
D:\Practice Projects\Disease Detection\dataset\Messidor-2+EyePac_Balanced\3\IM002269.JPG,D:\Practice Projects\Disease Detection\processed_dataset\Class 3\Messidor-2+EyePac_Balanced__train__6f3df1d0fe__IM002269.jpg,3,Class 3
D:\Practice Projects\Disease Detection\dataset\Messidor-2+EyePac_Balanced\4\10017_right - Copy.jpeg,D:\Practice Projects\Disease Detection\processed_dataset\Class 4\Messidor-2+EyePac_Balanced__train__23172d9d03__10017_right_-_Copy.jpeg,4,Class 4
D:\Practice Projects\Disease Detection\dataset\Messidor-2+EyePac_Balanced\4\10017_right.jpeg,D:\Practice Projects\Disease Detection\processed_dataset\Class 4\Messidor-2+EyePac_Balanced__train__23172d9d03__10017_right.jpeg,4,Class 4
D:\Practice Projects\Disease Detection\dataset\Messidor-2+EyePac_Balanced\4\10321_left - Copy.jpeg,D:\Practice Projects\Disease Detection\processed_dataset\Class 4\Messidor-2+EyePac_Balanced__train__640367885f__10321_left_-_Copy.jpeg,4,Class 4
D:\Practice Projects\Disease Detection\dataset\Messidor-2+EyePac_Balanced\4\10321_left.jpeg,D:\Practice Projects\Disease Detection\processed_dataset\Class 4\Messidor-2+EyePac_Balanced__train__640367885f__10321_left.jpeg,4,Class 4
D:\Practice Projects\Disease Detection\dataset\Messidor-2+EyePac_Balanced\4\10904_left - Copy.jpeg,D:\Practice Projects\Disease Detection\processed_dataset\Class 4\Messidor-2+EyePac_Balanced__train__46550be135__10904_left_-_Copy.jpeg,4,Class 4
D:\Practice Projects\Disease Detection\dataset\Messidor-2+EyePac_Balanced\4\10904_left.jpeg,D:\Practice Projects\Disease Detection\processed_dataset\Class 4\Messidor-2+EyePac_Balanced__train__46550be135__10904_left.jpeg,4,Class 4
D:\Practice Projects\Disease Detection\dataset\Messidor-2+EyePac_Balanced\4\11854_right - Copy.jpeg,D:\Practice Projects\Disease Detection\processed_dataset\Class 4\Messidor-2+EyePac_Balanced__train__4cdc15d72d__11854_right_-_Copy.jpeg,4,Class 4
D:\Practice Projects\Disease Detection\dataset\Messidor-2+EyePac_Balanced\4\11854_right.jpeg,D:\Practice Projects\Disease Detection\processed_dataset\Class 4\Messidor-2+EyePac_Balanced__train__4cdc15d72d__11854_right.jpeg,4,Class 4
D:\Practice Projects\Disease Detection\dataset\Messidor-2+EyePac_Balanced\4\11896_left - Copy.jpeg,D:\Practice Projects\Disease Detection\processed_dataset\Class 4\Messidor-2+EyePac_Balanced__train__8d0ed06760__11896_left_-_Copy.jpeg,4,Class 4
D:\Practice Projects\Disease Detection\dataset\Messidor-2+EyePac_Balanced\4\11896_left.jpeg,D:\Practice Projects\Disease Detection\processed_dataset\Class 4\Messidor-2+EyePac_Balanced__train__8d0ed06760__11896_left.jpeg,4,Class 4
D:\Practice Projects\Disease Detection\dataset\Messidor-2+EyePac_Balanced\4\12108_left - Copy.jpeg,D:\Practice Projects\Disease Detection\processed_dataset\Class 4\Messidor-2+EyePac_Balanced__train__161378dfbd__12108_left_-_Copy.jpeg,4,Class 4
D:\Practice Projects\Disease Detection\dataset\Messidor-2+EyePac_Balanced\4\12108_left.jpeg,D:\Practice Projects\Disease Detection\processed_dataset\Class 4\Messidor-2+EyePac_Balanced__train__161378dfbd__12108_left.jpeg,4,Class 4
D:\Practice Projects\Disease Detection\dataset\Messidor-2+EyePac_Balanced\4\12108_right - Copy.jpeg,D:\Practice Projects\Disease Detection\processed_dataset\Class 4\Messidor-2+EyePac_Balanced__train__6244241553__12108_right_-_Copy.jpeg,4,Class 4
D:\Practice Projects\Disease Detection\dataset\Messidor-2+EyePac_Balanced\4\12108_right.jpeg,D:\Practice Projects\Disease Detection\processed_dataset\Class 4\Messidor-2+EyePac_Balanced__train__6244241553__12108_right.jpeg,4,Class 4
D:\Practice Projects\Disease Detection\dataset\Messidor-2+EyePac_Balanced\4\12652_left - Copy.jpeg,D:\Practice Projects\Disease Detection\processed_dataset\Class 4\Messidor-2+EyePac_Balanced__train__fa4bc0f65a__12652_left_-_Copy.jpeg,4,Class 4
D:\Practice Projects\Disease Detection\dataset\Messidor-2+EyePac_Balanced\4\12652_left.jpeg,D:\Practice Projects\Disease Detection\processed_dataset\Class 4\Messidor-2+EyePac_Balanced__train__fa4bc0f65a__12652_left.jpeg,4,Class 4
D:\Practice Projects\Disease Detection\dataset\Messidor-2+EyePac_Balanced\4\12995_left - Copy.jpeg,D:\Practice Projects\Disease Detection\processed_dataset\Class 4\Messidor-2+EyePac_Balanced__train__897cbe3e0e__12995_left_-_Copy.jpeg,4,Class 4
D:\Practice Projects\Disease Detection\dataset\Messidor-2+EyePac_Balanced\4\12995_left.jpeg,D:\Practice Projects\Disease Detection\processed_dataset\Class 4\Messidor-2+EyePac_Balanced__train__897cbe3e0e__12995_left.jpeg,4,Class 4
D:\Practice Projects\Disease Detection\dataset\Messidor-2+EyePac_Balanced\4\13038_right - Copy.jpeg,D:\Practice Projects\Disease Detection\processed_dataset\Class 4\Messidor-2+EyePac_Balanced__train__c0127310f8__13038_right_-_Copy.jpeg,4,Class 4
D:\Practice Projects\Disease Detection\dataset\Messidor-2+EyePac_Balanced\4\13038_right.jpeg,D:\Practice Projects\Disease Detection\processed_dataset\Class 4\Messidor-2+EyePac_Balanced__train__c0127310f8__13038_right.jpeg,4,Class 4
D:\Practice Projects\Disease Detection\dataset\Messidor-2+EyePac_Balanced\4\13066_right - Copy.jpeg,D:\Practice Projects\Disease Detection\processed_dataset\Class 4\Messidor-2+EyePac_Balanced__train__6b3173df1b__13066_right_-_Copy.jpeg,4,Class 4
D:\Practice Projects\Disease Detection\dataset\Messidor-2+EyePac_Balanced\4\13066_right.jpeg,D:\Practice Projects\Disease Detection\processed_dataset\Class 4\Messidor-2+EyePac_Balanced__train__6b3173df1b__13066_right.jpeg,4,Class 4
D:\Practice Projects\Disease Detection\dataset\Messidor-2+EyePac_Balanced\4\13651_right - Copy.jpeg,D:\Practice Projects\Disease Detection\processed_dataset\Class 4\Messidor-2+EyePac_Balanced__train__dd67f82fa8__13651_right_-_Copy.jpeg,4,Class 4
D:\Practice Projects\Disease Detection\dataset\Messidor-2+EyePac_Balanced\4\13651_right.jpeg,D:\Practice Projects\Disease Detection\processed_dataset\Class 4\Messidor-2+EyePac_Balanced__train__dd67f82fa8__13651_right.jpeg,4,Class 4
D:\Practice Projects\Disease Detection\dataset\Messidor-2+EyePac_Balanced\4\13811_left - Copy.jpeg,D:\Practice Projects\Disease Detection\processed_dataset\Class 4\Messidor-2+EyePac_Balanced__train__f7961b1d44__13811_left_-_Copy.jpeg,4,Class 4
D:\Practice Projects\Disease Detection\dataset\Messidor-2+EyePac_Balanced\4\13811_left.jpeg,D:\Practice Projects\Disease Detection\processed_dataset\Class 4\Messidor-2+EyePac_Balanced__train__f7961b1d44__13811_left.jpeg,4,Class 4
D:\Practice Projects\Disease Detection\dataset\Messidor-2+EyePac_Balanced\4\13811_right - Copy.jpeg,D:\Practice Projects\Disease Detection\processed_dataset\Class 4\Messidor-2+EyePac_Balanced__train__ff87a4bbc3__13811_right_-_Copy.jpeg,4,Class 4
D:\Practice Projects\Disease Detection\dataset\Messidor-2+EyePac_Balanced\4\13811_right.jpeg,D:\Practice Projects\Disease Detection\processed_dataset\Class 4\Messidor-2+EyePac_Balanced__train__ff87a4bbc3__13811_right.jpeg,4,Class 4
D:\Practice Projects\Disease Detection\dataset\Messidor-2+EyePac_Balanced\4\13819_left - Copy.jpeg,D:\Practice Projects\Disease Detection\processed_dataset\Class 4\Messidor-2+EyePac_Balanced__train__614075b351__13819_left_-_Copy.jpeg,4,Class 4
D:\Practice Projects\Disease Detection\dataset\Messidor-2+EyePac_Balanced\4\13819_left.jpeg,D:\Practice Projects\Disease Detection\processed_dataset\Class 4\Messidor-2+EyePac_Balanced__train__614075b351__13819_left.jpeg,4,Class 4
D:\Practice Projects\Disease Detection\dataset\Messidor-2+EyePac_Balanced\4\13819_right - Copy.jpeg,D:\Practice Projects\Disease Detection\processed_dataset\Class 4\Messidor-2+EyePac_Balanced__train__99bfdfc60a__13819_right_-_Copy.jpeg,4,Class 4
D:\Practice Projects\Disease Detection\dataset\Messidor-2+EyePac_Balanced\4\13819_right.jpeg,D:\Practice Projects\Disease Detection\processed_dataset\Class 4\Messidor-2+EyePac_Balanced__train__99bfdfc60a__13819_right.jpeg,4,Class 4
D:\Practice Projects\Disease Detection\dataset\Messidor-2+EyePac_Balanced\4\13938_left - Copy.jpeg,D:\Practice Projects\Disease Detection\processed_dataset\Class 4\Messidor-2+EyePac_Balanced__train__2143773e81__13938_left_-_Copy.jpeg,4,Class 4
D:\Practice Projects\Disease Detection\dataset\Messidor-2+EyePac_Balanced\4\13938_left.jpeg,D:\Practice Projects\Disease Detection\processed_dataset\Class 4\Messidor-2+EyePac_Balanced__train__2143773e81__13938_left.jpeg,4,Class 4
D:\Practice Projects\Disease Detection\dataset\Messidor-2+EyePac_Balanced\4\14844_left - Copy.jpeg,D:\Practice Projects\Disease Detection\processed_dataset\Class 4\Messidor-2+EyePac_Balanced__train__ab344c08a4__14844_left_-_Copy.jpeg,4,Class 4
D:\Practice Projects\Disease Detection\dataset\Messidor-2+EyePac_Balanced\4\14844_left.jpeg,D:\Practice Projects\Disease Detection\processed_dataset\Class 4\Messidor-2+EyePac_Balanced__train__ab344c08a4__14844_left.jpeg,4,Class 4
D:\Practice Projects\Disease Detection\dataset\Messidor-2+EyePac_Balanced\4\14844_right - Copy.jpeg,D:\Practice Projects\Disease Detection\processed_dataset\Class 4\Messidor-2+EyePac_Balanced__train__b293252199__14844_right_-_Copy.jpeg,4,Class 4
D:\Practice Projects\Disease Detection\dataset\Messidor-2+EyePac_Balanced\4\14844_right.jpeg,D:\Practice Projects\Disease Detection\processed_dataset\Class 4\Messidor-2+EyePac_Balanced__train__b293252199__14844_right.jpeg,4,Class 4
D:\Practice Projects\Disease Detection\dataset\Messidor-2+EyePac_Balanced\4\15459_left - Copy.jpeg,D:\Practice Projects\Disease Detection\processed_dataset\Class 4\Messidor-2+EyePac_Balanced__train__631282576f__15459_left_-_Copy.jpeg,4,Class 4
D:\Practice Projects\Disease Detection\dataset\Messidor-2+EyePac_Balanced\4\15459_left.jpeg,D:\Practice Projects\Disease Detection\processed_dataset\Class 4\Messidor-2+EyePac_Balanced__train__631282576f__15459_left.jpeg,4,Class 4
D:\Practice Projects\Disease Detection\dataset\Messidor-2+EyePac_Balanced\4\15459_right - Copy.jpeg,D:\Practice Projects\Disease Detection\processed_dataset\Class 4\Messidor-2+EyePac_Balanced__train__1ab0716163__15459_right_-_Copy.jpeg,4,Class 4
D:\Practice Projects\Disease Detection\dataset\Messidor-2+EyePac_Balanced\4\15459_right.jpeg,D:\Practice Projects\Disease Detection\processed_dataset\Class 4\Messidor-2+EyePac_Balanced__train__1ab0716163__15459_right.jpeg,4,Class 4
D:\Practice Projects\Disease Detection\dataset\Messidor-2+EyePac_Balanced\4\15975_left - Copy.jpeg,D:\Practice Projects\Disease Detection\processed_dataset\Class 4\Messidor-2+EyePac_Balanced__train__0270137bc9__15975_left_-_Copy.jpeg,4,Class 4
D:\Practice Projects\Disease Detection\dataset\Messidor-2+EyePac_Balanced\4\15975_left.jpeg,D:\Practice Projects\Disease Detection\processed_dataset\Class 4\Messidor-2+EyePac_Balanced__train__0270137bc9__15975_left.jpeg,4,Class 4
D:\Practice Projects\Disease Detection\dataset\Messidor-2+EyePac_Balanced\4\15975_right - Copy.jpeg,D:\Practice Projects\Disease Detection\processed_dataset\Class 4\Messidor-2+EyePac_Balanced__train__dec333c38c__15975_right_-_Copy.jpeg,4,Class 4
D:\Practice Projects\Disease Detection\dataset\Messidor-2+EyePac_Balanced\4\15975_right.jpeg,D:\Practice Projects\Disease Detection\processed_dataset\Class 4\Messidor-2+EyePac_Balanced__train__dec333c38c__15975_right.jpeg,4,Class 4
D:\Practice Projects\Disease Detection\dataset\Messidor-2+EyePac_Balanced\4\16007_right - Copy.jpeg,D:\Practice Projects\Disease Detection\processed_dataset\Class 4\Messidor-2+EyePac_Balanced__train__81acb6e490__16007_right_-_Copy.jpeg,4,Class 4
D:\Practice Projects\Disease Detection\dataset\Messidor-2+EyePac_Balanced\4\16007_right.jpeg,D:\Practice Projects\Disease Detection\processed_dataset\Class 4\Messidor-2+EyePac_Balanced__train__81acb6e490__16007_right.jpeg,4,Class 4
D:\Practice Projects\Disease Detection\dataset\Messidor-2+EyePac_Balanced\4\16114_left - Copy.jpeg,D:\Practice Projects\Disease Detection\processed_dataset\Class 4\Messidor-2+EyePac_Balanced__train__0fc55f0df2__16114_left_-_Copy.jpeg,4,Class 4
D:\Practice Projects\Disease Detection\dataset\Messidor-2+EyePac_Balanced\4\16114_left.jpeg,D:\Practice Projects\Disease Detection\processed_dataset\Class 4\Messidor-2+EyePac_Balanced__train__0fc55f0df2__16114_left.jpeg,4,Class 4
D:\Practice Projects\Disease Detection\dataset\Messidor-2+EyePac_Balanced\4\16114_right - Copy.jpeg,D:\Practice Projects\Disease Detection\processed_dataset\Class 4\Messidor-2+EyePac_Balanced__train__cabd96d24a__16114_right_-_Copy.jpeg,4,Class 4
D:\Practice Projects\Disease Detection\dataset\Messidor-2+EyePac_Balanced\4\16114_right.jpeg,D:\Practice Projects\Disease Detection\processed_dataset\Class 4\Messidor-2+EyePac_Balanced__train__cabd96d24a__16114_right.jpeg,4,Class 4
D:\Practice Projects\Disease Detection\dataset\Messidor-2+EyePac_Balanced\4\16309_left - Copy.jpeg,D:\Practice Projects\Disease Detection\processed_dataset\Class 4\Messidor-2+EyePac_Balanced__train__eb7a88f9be__16309_left_-_Copy.jpeg,4,Class 4
D:\Practice Projects\Disease Detection\dataset\Messidor-2+EyePac_Balanced\4\16309_left.jpeg,D:\Practice Projects\Disease Detection\processed_dataset\Class 4\Messidor-2+EyePac_Balanced__train__eb7a88f9be__16309_left.jpeg,4,Class 4
D:\Practice Projects\Disease Detection\dataset\Messidor-2+EyePac_Balanced\4\16309_right - Copy.jpeg,D:\Practice Projects\Disease Detection\processed_dataset\Class 4\Messidor-2+EyePac_Balanced__train__df3bf2b52a__16309_right_-_Copy.jpeg,4,Class 4
D:\Practice Projects\Disease Detection\dataset\Messidor-2+EyePac_Balanced\4\16309_right.jpeg,D:\Practice Projects\Disease Detection\processed_dataset\Class 4\Messidor-2+EyePac_Balanced__train__df3bf2b52a__16309_right.jpeg,4,Class 4
D:\Practice Projects\Disease Detection\dataset\Messidor-2+EyePac_Balanced\4\17669_right - Copy.jpeg,D:\Practice Projects\Disease Detection\processed_dataset\Class 4\Messidor-2+EyePac_Balanced__train__ee294b2a1e__17669_right_-_Copy.jpeg,4,Class 4
D:\Practice Projects\Disease Detection\dataset\Messidor-2+EyePac_Balanced\4\17669_right.jpeg,D:\Practice Projects\Disease Detection\processed_dataset\Class 4\Messidor-2+EyePac_Balanced__train__ee294b2a1e__17669_right.jpeg,4,Class 4
D:\Practice Projects\Disease Detection\dataset\Messidor-2+EyePac_Balanced\4\18143_right - Copy.jpeg,D:\Practice Projects\Disease Detection\processed_dataset\Class 4\Messidor-2+EyePac_Balanced__train__2d2ef57263__18143_right_-_Copy.jpeg,4,Class 4
D:\Practice Projects\Disease Detection\dataset\Messidor-2+EyePac_Balanced\4\18143_right.jpeg,D:\Practice Projects\Disease Detection\processed_dataset\Class 4\Messidor-2+EyePac_Balanced__train__2d2ef57263__18143_right.jpeg,4,Class 4
D:\Practice Projects\Disease Detection\dataset\Messidor-2+EyePac_Balanced\4\18798_left - Copy.jpeg,D:\Practice Projects\Disease Detection\processed_dataset\Class 4\Messidor-2+EyePac_Balanced__train__31a56990d8__18798_left_-_Copy.jpeg,4,Class 4
D:\Practice Projects\Disease Detection\dataset\Messidor-2+EyePac_Balanced\4\18798_left.jpeg,D:\Practice Projects\Disease Detection\processed_dataset\Class 4\Messidor-2+EyePac_Balanced__train__31a56990d8__18798_left.jpeg,4,Class 4
D:\Practice Projects\Disease Detection\dataset\Messidor-2+EyePac_Balanced\4\19285_right - Copy.jpeg,D:\Practice Projects\Disease Detection\processed_dataset\Class 4\Messidor-2+EyePac_Balanced__train__99367194c9__19285_right_-_Copy.jpeg,4,Class 4
D:\Practice Projects\Disease Detection\dataset\Messidor-2+EyePac_Balanced\4\19285_right.jpeg,D:\Practice Projects\Disease Detection\processed_dataset\Class 4\Messidor-2+EyePac_Balanced__train__99367194c9__19285_right.jpeg,4,Class 4
D:\Practice Projects\Disease Detection\dataset\Messidor-2+EyePac_Balanced\4\19347_right - Copy.jpeg,D:\Practice Projects\Disease Detection\processed_dataset\Class 4\Messidor-2+EyePac_Balanced__train__ad9ef8fd7e__19347_right_-_Copy.jpeg,4,Class 4
D:\Practice Projects\Disease Detection\dataset\Messidor-2+EyePac_Balanced\4\19347_right.jpeg,D:\Practice Projects\Disease Detection\processed_dataset\Class 4\Messidor-2+EyePac_Balanced__train__ad9ef8fd7e__19347_right.jpeg,4,Class 4
D:\Practice Projects\Disease Detection\dataset\Messidor-2+EyePac_Balanced\4\19771_left - Copy.jpeg,D:\Practice Projects\Disease Detection\processed_dataset\Class 4\Messidor-2+EyePac_Balanced__train__307f582be8__19771_left_-_Copy.jpeg,4,Class 4
D:\Practice Projects\Disease Detection\dataset\Messidor-2+EyePac_Balanced\4\19771_left.jpeg,D:\Practice Projects\Disease Detection\processed_dataset\Class 4\Messidor-2+EyePac_Balanced__train__307f582be8__19771_left.jpeg,4,Class 4
D:\Practice Projects\Disease Detection\dataset\Messidor-2+EyePac_Balanced\4\19771_right - Copy.jpeg,D:\Practice Projects\Disease Detection\processed_dataset\Class 4\Messidor-2+EyePac_Balanced__train__0c1f613716__19771_right_-_Copy.jpeg,4,Class 4
D:\Practice Projects\Disease Detection\dataset\Messidor-2+EyePac_Balanced\4\19771_right.jpeg,D:\Practice Projects\Disease Detection\processed_dataset\Class 4\Messidor-2+EyePac_Balanced__train__0c1f613716__19771_right.jpeg,4,Class 4
D:\Practice Projects\Disease Detection\dataset\Messidor-2+EyePac_Balanced\4\20051020_45137_0100_PP.png,D:\Practice Projects\Disease Detection\processed_dataset\Class 4\Messidor-2+EyePac_Balanced__train__f9fdac6213__20051020_45137_0100_PP.png,4,Class 4
D:\Practice Projects\Disease Detection\dataset\Messidor-2+EyePac_Balanced\4\20051020_62709_0100_PP.png,D:\Practice Projects\Disease Detection\processed_dataset\Class 4\Messidor-2+EyePac_Balanced__train__729a58cef6__20051020_62709_0100_PP.png,4,Class 4
D:\Practice Projects\Disease Detection\dataset\Messidor-2+EyePac_Balanced\4\20051020_62802_0100_PP.png,D:\Practice Projects\Disease Detection\processed_dataset\Class 4\Messidor-2+EyePac_Balanced__train__3c7fd5a26b__20051020_62802_0100_PP.png,4,Class 4
D:\Practice Projects\Disease Detection\dataset\Messidor-2+EyePac_Balanced\4\20051021_40377_0100_PP.png,D:\Practice Projects\Disease Detection\processed_dataset\Class 4\Messidor-2+EyePac_Balanced__train__4f53d6a85a__20051021_40377_0100_PP.png,4,Class 4
D:\Practice Projects\Disease Detection\dataset\Messidor-2+EyePac_Balanced\4\20051021_40450_0100_PP.png,D:\Practice Projects\Disease Detection\processed_dataset\Class 4\Messidor-2+EyePac_Balanced__train__394142b24a__20051021_40450_0100_PP.png,4,Class 4
D:\Practice Projects\Disease Detection\dataset\Messidor-2+EyePac_Balanced\4\20051021_52127_0100_PP.png,D:\Practice Projects\Disease Detection\processed_dataset\Class 4\Messidor-2+EyePac_Balanced__train__3353d046c3__20051021_52127_0100_PP.png,4,Class 4
D:\Practice Projects\Disease Detection\dataset\Messidor-2+EyePac_Balanced\4\20051021_59459_0100_PP.png,D:\Practice Projects\Disease Detection\processed_dataset\Class 4\Messidor-2+EyePac_Balanced__train__93b24ab574__20051021_59459_0100_PP.png,4,Class 4
D:\Practice Projects\Disease Detection\dataset\Messidor-2+EyePac_Balanced\4\20051021_59504_0100_PP.png,D:\Practice Projects\Disease Detection\processed_dataset\Class 4\Messidor-2+EyePac_Balanced__train__ee95feaa13__20051021_59504_0100_PP.png,4,Class 4
D:\Practice Projects\Disease Detection\dataset\Messidor-2+EyePac_Balanced\4\20051208_41318_0400_PP.png,D:\Practice Projects\Disease Detection\processed_dataset\Class 4\Messidor-2+EyePac_Balanced__train__6abcf6c031__20051208_41318_0400_PP.png,4,Class 4
D:\Practice Projects\Disease Detection\dataset\Messidor-2+EyePac_Balanced\4\20051208_42314_0400_PP.png,D:\Practice Projects\Disease Detection\processed_dataset\Class 4\Messidor-2+EyePac_Balanced__train__ac5e3402d2__20051208_42314_0400_PP.png,4,Class 4
D:\Practice Projects\Disease Detection\dataset\Messidor-2+EyePac_Balanced\4\20051213_62648_0100_PP.png,D:\Practice Projects\Disease Detection\processed_dataset\Class 4\Messidor-2+EyePac_Balanced__train__63a652e7cb__20051213_62648_0100_PP.png,4,Class 4
D:\Practice Projects\Disease Detection\dataset\Messidor-2+EyePac_Balanced\4\20051213_62705_0100_PP.png,D:\Practice Projects\Disease Detection\processed_dataset\Class 4\Messidor-2+EyePac_Balanced__train__d0f20e5523__20051213_62705_0100_PP.png,4,Class 4
D:\Practice Projects\Disease Detection\dataset\Messidor-2+EyePac_Balanced\4\20051214_40912_0100_PP.png,D:\Practice Projects\Disease Detection\processed_dataset\Class 4\Messidor-2+EyePac_Balanced__train__10edfbbaab__20051214_40912_0100_PP.png,4,Class 4
D:\Practice Projects\Disease Detection\dataset\Messidor-2+EyePac_Balanced\4\20051214_56821_0100_PP.png,D:\Practice Projects\Disease Detection\processed_dataset\Class 4\Messidor-2+EyePac_Balanced__train__627b9b3692__20051214_56821_0100_PP.png,4,Class 4
D:\Practice Projects\Disease Detection\dataset\Messidor-2+EyePac_Balanced\4\20051214_56944_0100_PP.png,D:\Practice Projects\Disease Detection\processed_dataset\Class 4\Messidor-2+EyePac_Balanced__train__509ca16f7f__20051214_56944_0100_PP.png,4,Class 4
D:\Practice Projects\Disease Detection\dataset\Messidor-2+EyePac_Balanced\4\20051214_56971_0100_PP.png,D:\Practice Projects\Disease Detection\processed_dataset\Class 4\Messidor-2+EyePac_Balanced__train__2804352c25__20051214_56971_0100_PP.png,4,Class 4
D:\Practice Projects\Disease Detection\dataset\Messidor-2+EyePac_Balanced\4\2016_left - Copy.jpeg,D:\Practice Projects\Disease Detection\processed_dataset\Class 4\Messidor-2+EyePac_Balanced__train__985ecc147c__2016_left_-_Copy.jpeg,4,Class 4
D:\Practice Projects\Disease Detection\dataset\Messidor-2+EyePac_Balanced\4\2016_left.jpeg,D:\Practice Projects\Disease Detection\processed_dataset\Class 4\Messidor-2+EyePac_Balanced__train__985ecc147c__2016_left.jpeg,4,Class 4
D:\Practice Projects\Disease Detection\dataset\Messidor-2+EyePac_Balanced\4\20432_right - Copy.jpeg,D:\Practice Projects\Disease Detection\processed_dataset\Class 4\Messidor-2+EyePac_Balanced__train__267faf0e8f__20432_right_-_Copy.jpeg,4,Class 4
D:\Practice Projects\Disease Detection\dataset\Messidor-2+EyePac_Balanced\4\20432_right.jpeg,D:\Practice Projects\Disease Detection\processed_dataset\Class 4\Messidor-2+EyePac_Balanced__train__267faf0e8f__20432_right.jpeg,4,Class 4
D:\Practice Projects\Disease Detection\dataset\Messidor-2+EyePac_Balanced\4\22271_right - Copy.jpeg,D:\Practice Projects\Disease Detection\processed_dataset\Class 4\Messidor-2+EyePac_Balanced__train__7c5a1f78ee__22271_right_-_Copy.jpeg,4,Class 4
D:\Practice Projects\Disease Detection\dataset\Messidor-2+EyePac_Balanced\4\22271_right.jpeg,D:\Practice Projects\Disease Detection\processed_dataset\Class 4\Messidor-2+EyePac_Balanced__train__7c5a1f78ee__22271_right.jpeg,4,Class 4
D:\Practice Projects\Disease Detection\dataset\Messidor-2+EyePac_Balanced\4\22568_right - Copy.jpeg,D:\Practice Projects\Disease Detection\processed_dataset\Class 4\Messidor-2+EyePac_Balanced__train__6ed19256b2__22568_right_-_Copy.jpeg,4,Class 4
D:\Practice Projects\Disease Detection\dataset\Messidor-2+EyePac_Balanced\4\22568_right.jpeg,D:\Practice Projects\Disease Detection\processed_dataset\Class 4\Messidor-2+EyePac_Balanced__train__6ed19256b2__22568_right.jpeg,4,Class 4
D:\Practice Projects\Disease Detection\dataset\Messidor-2+EyePac_Balanced\4\22801_right - Copy.jpeg,D:\Practice Projects\Disease Detection\processed_dataset\Class 4\Messidor-2+EyePac_Balanced__train__d7ab8ee916__22801_right_-_Copy.jpeg,4,Class 4
D:\Practice Projects\Disease Detection\dataset\Messidor-2+EyePac_Balanced\4\22801_right.jpeg,D:\Practice Projects\Disease Detection\processed_dataset\Class 4\Messidor-2+EyePac_Balanced__train__d7ab8ee916__22801_right.jpeg,4,Class 4
D:\Practice Projects\Disease Detection\dataset\Messidor-2+EyePac_Balanced\4\23326_left - Copy.jpeg,D:\Practice Projects\Disease Detection\processed_dataset\Class 4\Messidor-2+EyePac_Balanced__train__b225bbc3c7__23326_left_-_Copy.jpeg,4,Class 4
D:\Practice Projects\Disease Detection\dataset\Messidor-2+EyePac_Balanced\4\23326_left.jpeg,D:\Practice Projects\Disease Detection\processed_dataset\Class 4\Messidor-2+EyePac_Balanced__train__b225bbc3c7__23326_left.jpeg,4,Class 4
D:\Practice Projects\Disease Detection\dataset\Messidor-2+EyePac_Balanced\4\23326_right - Copy.jpeg,D:\Practice Projects\Disease Detection\processed_dataset\Class 4\Messidor-2+EyePac_Balanced__train__02283aeaa9__23326_right_-_Copy.jpeg,4,Class 4
D:\Practice Projects\Disease Detection\dataset\Messidor-2+EyePac_Balanced\4\23326_right.jpeg,D:\Practice Projects\Disease Detection\processed_dataset\Class 4\Messidor-2+EyePac_Balanced__train__02283aeaa9__23326_right.jpeg,4,Class 4
D:\Practice Projects\Disease Detection\dataset\Messidor-2+EyePac_Balanced\4\23403_left - Copy.jpeg,D:\Practice Projects\Disease Detection\processed_dataset\Class 4\Messidor-2+EyePac_Balanced__train__3af85de017__23403_left_-_Copy.jpeg,4,Class 4
D:\Practice Projects\Disease Detection\dataset\Messidor-2+EyePac_Balanced\4\23403_left.jpeg,D:\Practice Projects\Disease Detection\processed_dataset\Class 4\Messidor-2+EyePac_Balanced__train__3af85de017__23403_left.jpeg,4,Class 4
D:\Practice Projects\Disease Detection\dataset\Messidor-2+EyePac_Balanced\4\23692_left - Copy.jpeg,D:\Practice Projects\Disease Detection\processed_dataset\Class 4\Messidor-2+EyePac_Balanced__train__8ff29ace4c__23692_left_-_Copy.jpeg,4,Class 4
D:\Practice Projects\Disease Detection\dataset\Messidor-2+EyePac_Balanced\4\23692_left.jpeg,D:\Practice Projects\Disease Detection\processed_dataset\Class 4\Messidor-2+EyePac_Balanced__train__8ff29ace4c__23692_left.jpeg,4,Class 4
D:\Practice Projects\Disease Detection\dataset\Messidor-2+EyePac_Balanced\4\23692_right - Copy.jpeg,D:\Practice Projects\Disease Detection\processed_dataset\Class 4\Messidor-2+EyePac_Balanced__train__c0027e6b1e__23692_right_-_Copy.jpeg,4,Class 4
D:\Practice Projects\Disease Detection\dataset\Messidor-2+EyePac_Balanced\4\23692_right.jpeg,D:\Practice Projects\Disease Detection\processed_dataset\Class 4\Messidor-2+EyePac_Balanced__train__c0027e6b1e__23692_right.jpeg,4,Class 4
D:\Practice Projects\Disease Detection\dataset\Messidor-2+EyePac_Balanced\4\23906_right - Copy.jpeg,D:\Practice Projects\Disease Detection\processed_dataset\Class 4\Messidor-2+EyePac_Balanced__train__984b1de060__23906_right_-_Copy.jpeg,4,Class 4
D:\Practice Projects\Disease Detection\dataset\Messidor-2+EyePac_Balanced\4\23906_right.jpeg,D:\Practice Projects\Disease Detection\processed_dataset\Class 4\Messidor-2+EyePac_Balanced__train__984b1de060__23906_right.jpeg,4,Class 4
D:\Practice Projects\Disease Detection\dataset\Messidor-2+EyePac_Balanced\4\24010_right - Copy.jpeg,D:\Practice Projects\Disease Detection\processed_dataset\Class 4\Messidor-2+EyePac_Balanced__train__2bfb7a6d1f__24010_right_-_Copy.jpeg,4,Class 4
D:\Practice Projects\Disease Detection\dataset\Messidor-2+EyePac_Balanced\4\24010_right.jpeg,D:\Practice Projects\Disease Detection\processed_dataset\Class 4\Messidor-2+EyePac_Balanced__train__2bfb7a6d1f__24010_right.jpeg,4,Class 4
D:\Practice Projects\Disease Detection\dataset\Messidor-2+EyePac_Balanced\4\24163_left - Copy.jpeg,D:\Practice Projects\Disease Detection\processed_dataset\Class 4\Messidor-2+EyePac_Balanced__train__8a77049ddf__24163_left_-_Copy.jpeg,4,Class 4
D:\Practice Projects\Disease Detection\dataset\Messidor-2+EyePac_Balanced\4\24163_left.jpeg,D:\Practice Projects\Disease Detection\processed_dataset\Class 4\Messidor-2+EyePac_Balanced__train__8a77049ddf__24163_left.jpeg,4,Class 4
D:\Practice Projects\Disease Detection\dataset\Messidor-2+EyePac_Balanced\4\24472_left - Copy.jpeg,D:\Practice Projects\Disease Detection\processed_dataset\Class 4\Messidor-2+EyePac_Balanced__train__bb9fdb6f64__24472_left_-_Copy.jpeg,4,Class 4
D:\Practice Projects\Disease Detection\dataset\Messidor-2+EyePac_Balanced\4\24472_left.jpeg,D:\Practice Projects\Disease Detection\processed_dataset\Class 4\Messidor-2+EyePac_Balanced__train__bb9fdb6f64__24472_left.jpeg,4,Class 4
D:\Practice Projects\Disease Detection\dataset\Messidor-2+EyePac_Balanced\4\24773_left - Copy.jpeg,D:\Practice Projects\Disease Detection\processed_dataset\Class 4\Messidor-2+EyePac_Balanced__train__b553c9ce0d__24773_left_-_Copy.jpeg,4,Class 4
D:\Practice Projects\Disease Detection\dataset\Messidor-2+EyePac_Balanced\4\24773_left.jpeg,D:\Practice Projects\Disease Detection\processed_dataset\Class 4\Messidor-2+EyePac_Balanced__train__b553c9ce0d__24773_left.jpeg,4,Class 4
D:\Practice Projects\Disease Detection\dataset\Messidor-2+EyePac_Balanced\4\25741_right - Copy.jpeg,D:\Practice Projects\Disease Detection\processed_dataset\Class 4\Messidor-2+EyePac_Balanced__train__f2475cceaf__25741_right_-_Copy.jpeg,4,Class 4
D:\Practice Projects\Disease Detection\dataset\Messidor-2+EyePac_Balanced\4\25741_right.jpeg,D:\Practice Projects\Disease Detection\processed_dataset\Class 4\Messidor-2+EyePac_Balanced__train__f2475cceaf__25741_right.jpeg,4,Class 4
D:\Practice Projects\Disease Detection\dataset\Messidor-2+EyePac_Balanced\4\27251_left - Copy.jpeg,D:\Practice Projects\Disease Detection\processed_dataset\Class 4\Messidor-2+EyePac_Balanced__train__59871312e6__27251_left_-_Copy.jpeg,4,Class 4
D:\Practice Projects\Disease Detection\dataset\Messidor-2+EyePac_Balanced\4\27251_left.jpeg,D:\Practice Projects\Disease Detection\processed_dataset\Class 4\Messidor-2+EyePac_Balanced__train__59871312e6__27251_left.jpeg,4,Class 4
D:\Practice Projects\Disease Detection\dataset\Messidor-2+EyePac_Balanced\4\27251_right - Copy.jpeg,D:\Practice Projects\Disease Detection\processed_dataset\Class 4\Messidor-2+EyePac_Balanced__train__b310b2bd2d__27251_right_-_Copy.jpeg,4,Class 4
D:\Practice Projects\Disease Detection\dataset\Messidor-2+EyePac_Balanced\4\27251_right.jpeg,D:\Practice Projects\Disease Detection\processed_dataset\Class 4\Messidor-2+EyePac_Balanced__train__b310b2bd2d__27251_right.jpeg,4,Class 4
D:\Practice Projects\Disease Detection\dataset\Messidor-2+EyePac_Balanced\4\28257_right - Copy.jpeg,D:\Practice Projects\Disease Detection\processed_dataset\Class 4\Messidor-2+EyePac_Balanced__train__3b7a059b32__28257_right_-_Copy.jpeg,4,Class 4
D:\Practice Projects\Disease Detection\dataset\Messidor-2+EyePac_Balanced\4\28257_right.jpeg,D:\Practice Projects\Disease Detection\processed_dataset\Class 4\Messidor-2+EyePac_Balanced__train__3b7a059b32__28257_right.jpeg,4,Class 4
D:\Practice Projects\Disease Detection\dataset\Messidor-2+EyePac_Balanced\4\28386_right - Copy.jpeg,D:\Practice Projects\Disease Detection\processed_dataset\Class 4\Messidor-2+EyePac_Balanced__train__0617612b82__28386_right_-_Copy.jpeg,4,Class 4
D:\Practice Projects\Disease Detection\dataset\Messidor-2+EyePac_Balanced\4\28386_right.jpeg,D:\Practice Projects\Disease Detection\processed_dataset\Class 4\Messidor-2+EyePac_Balanced__train__0617612b82__28386_right.jpeg,4,Class 4
D:\Practice Projects\Disease Detection\dataset\Messidor-2+EyePac_Balanced\4\28435_left - Copy.jpeg,D:\Practice Projects\Disease Detection\processed_dataset\Class 4\Messidor-2+EyePac_Balanced__train__b8a550aa04__28435_left_-_Copy.jpeg,4,Class 4
D:\Practice Projects\Disease Detection\dataset\Messidor-2+EyePac_Balanced\4\28435_left.jpeg,D:\Practice Projects\Disease Detection\processed_dataset\Class 4\Messidor-2+EyePac_Balanced__train__b8a550aa04__28435_left.jpeg,4,Class 4
D:\Practice Projects\Disease Detection\dataset\Messidor-2+EyePac_Balanced\4\28524_right - Copy.jpeg,D:\Practice Projects\Disease Detection\processed_dataset\Class 4\Messidor-2+EyePac_Balanced__train__6413740150__28524_right_-_Copy.jpeg,4,Class 4
D:\Practice Projects\Disease Detection\dataset\Messidor-2+EyePac_Balanced\4\28524_right.jpeg,D:\Practice Projects\Disease Detection\processed_dataset\Class 4\Messidor-2+EyePac_Balanced__train__6413740150__28524_right.jpeg,4,Class 4
D:\Practice Projects\Disease Detection\dataset\Messidor-2+EyePac_Balanced\4\28549_left - Copy.jpeg,D:\Practice Projects\Disease Detection\processed_dataset\Class 4\Messidor-2+EyePac_Balanced__train__c4baed5a92__28549_left_-_Copy.jpeg,4,Class 4
D:\Practice Projects\Disease Detection\dataset\Messidor-2+EyePac_Balanced\4\28549_left.jpeg,D:\Practice Projects\Disease Detection\processed_dataset\Class 4\Messidor-2+EyePac_Balanced__train__c4baed5a92__28549_left.jpeg,4,Class 4
D:\Practice Projects\Disease Detection\dataset\Messidor-2+EyePac_Balanced\4\28549_right - Copy.jpeg,D:\Practice Projects\Disease Detection\processed_dataset\Class 4\Messidor-2+EyePac_Balanced__train__b6773782c9__28549_right_-_Copy.jpeg,4,Class 4
D:\Practice Projects\Disease Detection\dataset\Messidor-2+EyePac_Balanced\4\28549_right.jpeg,D:\Practice Projects\Disease Detection\processed_dataset\Class 4\Messidor-2+EyePac_Balanced__train__b6773782c9__28549_right.jpeg,4,Class 4
D:\Practice Projects\Disease Detection\dataset\Messidor-2+EyePac_Balanced\4\28675_left - Copy.jpeg,D:\Practice Projects\Disease Detection\processed_dataset\Class 4\Messidor-2+EyePac_Balanced__train__48d96dfc46__28675_left_-_Copy.jpeg,4,Class 4
D:\Practice Projects\Disease Detection\dataset\Messidor-2+EyePac_Balanced\4\28675_left.jpeg,D:\Practice Projects\Disease Detection\processed_dataset\Class 4\Messidor-2+EyePac_Balanced__train__48d96dfc46__28675_left.jpeg,4,Class 4
D:\Practice Projects\Disease Detection\dataset\Messidor-2+EyePac_Balanced\4\28976_right - Copy.jpeg,D:\Practice Projects\Disease Detection\processed_dataset\Class 4\Messidor-2+EyePac_Balanced__train__a350fde942__28976_right_-_Copy.jpeg,4,Class 4
D:\Practice Projects\Disease Detection\dataset\Messidor-2+EyePac_Balanced\4\28976_right.jpeg,D:\Practice Projects\Disease Detection\processed_dataset\Class 4\Messidor-2+EyePac_Balanced__train__a350fde942__28976_right.jpeg,4,Class 4
D:\Practice Projects\Disease Detection\dataset\Messidor-2+EyePac_Balanced\4\294_right - Copy.jpeg,D:\Practice Projects\Disease Detection\processed_dataset\Class 4\Messidor-2+EyePac_Balanced__train__9950a129d2__294_right_-_Copy.jpeg,4,Class 4
D:\Practice Projects\Disease Detection\dataset\Messidor-2+EyePac_Balanced\4\294_right.jpeg,D:\Practice Projects\Disease Detection\processed_dataset\Class 4\Messidor-2+EyePac_Balanced__train__9950a129d2__294_right.jpeg,4,Class 4
D:\Practice Projects\Disease Detection\dataset\Messidor-2+EyePac_Balanced\4\29599_left - Copy.jpeg,D:\Practice Projects\Disease Detection\processed_dataset\Class 4\Messidor-2+EyePac_Balanced__train__e687d2cece__29599_left_-_Copy.jpeg,4,Class 4
D:\Practice Projects\Disease Detection\dataset\Messidor-2+EyePac_Balanced\4\29599_left.jpeg,D:\Practice Projects\Disease Detection\processed_dataset\Class 4\Messidor-2+EyePac_Balanced__train__e687d2cece__29599_left.jpeg,4,Class 4
D:\Practice Projects\Disease Detection\dataset\Messidor-2+EyePac_Balanced\4\29960_left - Copy.jpeg,D:\Practice Projects\Disease Detection\processed_dataset\Class 4\Messidor-2+EyePac_Balanced__train__3bf634cbc0__29960_left_-_Copy.jpeg,4,Class 4
D:\Practice Projects\Disease Detection\dataset\Messidor-2+EyePac_Balanced\4\29960_left.jpeg,D:\Practice Projects\Disease Detection\processed_dataset\Class 4\Messidor-2+EyePac_Balanced__train__3bf634cbc0__29960_left.jpeg,4,Class 4
D:\Practice Projects\Disease Detection\dataset\Messidor-2+EyePac_Balanced\4\30039_right - Copy.jpeg,D:\Practice Projects\Disease Detection\processed_dataset\Class 4\Messidor-2+EyePac_Balanced__train__0f652be351__30039_right_-_Copy.jpeg,4,Class 4
D:\Practice Projects\Disease Detection\dataset\Messidor-2+EyePac_Balanced\4\30039_right.jpeg,D:\Practice Projects\Disease Detection\processed_dataset\Class 4\Messidor-2+EyePac_Balanced__train__0f652be351__30039_right.jpeg,4,Class 4
D:\Practice Projects\Disease Detection\dataset\Messidor-2+EyePac_Balanced\4\30297_left - Copy.jpeg,D:\Practice Projects\Disease Detection\processed_dataset\Class 4\Messidor-2+EyePac_Balanced__train__f75b31c063__30297_left_-_Copy.jpeg,4,Class 4
D:\Practice Projects\Disease Detection\dataset\Messidor-2+EyePac_Balanced\4\30297_left.jpeg,D:\Practice Projects\Disease Detection\processed_dataset\Class 4\Messidor-2+EyePac_Balanced__train__f75b31c063__30297_left.jpeg,4,Class 4
D:\Practice Projects\Disease Detection\dataset\Messidor-2+EyePac_Balanced\4\30297_right - Copy.jpeg,D:\Practice Projects\Disease Detection\processed_dataset\Class 4\Messidor-2+EyePac_Balanced__train__edd27ba1b3__30297_right_-_Copy.jpeg,4,Class 4
D:\Practice Projects\Disease Detection\dataset\Messidor-2+EyePac_Balanced\4\30297_right.jpeg,D:\Practice Projects\Disease Detection\processed_dataset\Class 4\Messidor-2+EyePac_Balanced__train__edd27ba1b3__30297_right.jpeg,4,Class 4
D:\Practice Projects\Disease Detection\dataset\Messidor-2+EyePac_Balanced\4\30549_right - Copy.jpeg,D:\Practice Projects\Disease Detection\processed_dataset\Class 4\Messidor-2+EyePac_Balanced__train__0009c1de84__30549_right_-_Copy.jpeg,4,Class 4
D:\Practice Projects\Disease Detection\dataset\Messidor-2+EyePac_Balanced\4\30549_right.jpeg,D:\Practice Projects\Disease Detection\processed_dataset\Class 4\Messidor-2+EyePac_Balanced__train__0009c1de84__30549_right.jpeg,4,Class 4
D:\Practice Projects\Disease Detection\dataset\Messidor-2+EyePac_Balanced\4\3064_left - Copy.jpeg,D:\Practice Projects\Disease Detection\processed_dataset\Class 4\Messidor-2+EyePac_Balanced__train__57bc49f301__3064_left_-_Copy.jpeg,4,Class 4
D:\Practice Projects\Disease Detection\dataset\Messidor-2+EyePac_Balanced\4\3064_left.jpeg,D:\Practice Projects\Disease Detection\processed_dataset\Class 4\Messidor-2+EyePac_Balanced__train__57bc49f301__3064_left.jpeg,4,Class 4
D:\Practice Projects\Disease Detection\dataset\Messidor-2+EyePac_Balanced\4\30722_left - Copy.jpeg,D:\Practice Projects\Disease Detection\processed_dataset\Class 4\Messidor-2+EyePac_Balanced__train__ac3e3b7f92__30722_left_-_Copy.jpeg,4,Class 4
D:\Practice Projects\Disease Detection\dataset\Messidor-2+EyePac_Balanced\4\30722_left.jpeg,D:\Practice Projects\Disease Detection\processed_dataset\Class 4\Messidor-2+EyePac_Balanced__train__ac3e3b7f92__30722_left.jpeg,4,Class 4
D:\Practice Projects\Disease Detection\dataset\Messidor-2+EyePac_Balanced\4\30722_right - Copy.jpeg,D:\Practice Projects\Disease Detection\processed_dataset\Class 4\Messidor-2+EyePac_Balanced__train__f491ac2eee__30722_right_-_Copy.jpeg,4,Class 4
D:\Practice Projects\Disease Detection\dataset\Messidor-2+EyePac_Balanced\4\30722_right.jpeg,D:\Practice Projects\Disease Detection\processed_dataset\Class 4\Messidor-2+EyePac_Balanced__train__f491ac2eee__30722_right.jpeg,4,Class 4
D:\Practice Projects\Disease Detection\dataset\Messidor-2+EyePac_Balanced\4\3088_left - Copy.jpeg,D:\Practice Projects\Disease Detection\processed_dataset\Class 4\Messidor-2+EyePac_Balanced__train__3ff6799cd5__3088_left_-_Copy.jpeg,4,Class 4
D:\Practice Projects\Disease Detection\dataset\Messidor-2+EyePac_Balanced\4\3088_left.jpeg,D:\Practice Projects\Disease Detection\processed_dataset\Class 4\Messidor-2+EyePac_Balanced__train__3ff6799cd5__3088_left.jpeg,4,Class 4
D:\Practice Projects\Disease Detection\dataset\Messidor-2+EyePac_Balanced\4\31442_right - Copy.jpeg,D:\Practice Projects\Disease Detection\processed_dataset\Class 4\Messidor-2+EyePac_Balanced__train__7f2f7417fe__31442_right_-_Copy.jpeg,4,Class 4
D:\Practice Projects\Disease Detection\dataset\Messidor-2+EyePac_Balanced\4\31442_right.jpeg,D:\Practice Projects\Disease Detection\processed_dataset\Class 4\Messidor-2+EyePac_Balanced__train__7f2f7417fe__31442_right.jpeg,4,Class 4
D:\Practice Projects\Disease Detection\dataset\Messidor-2+EyePac_Balanced\4\32851_right.jpeg,D:\Practice Projects\Disease Detection\processed_dataset\Class 4\Messidor-2+EyePac_Balanced__train__e76f36513f__32851_right.jpeg,4,Class 4
D:\Practice Projects\Disease Detection\dataset\Messidor-2+EyePac_Balanced\4\33080_right.jpeg,D:\Practice Projects\Disease Detection\processed_dataset\Class 4\Messidor-2+EyePac_Balanced__train__982f768399__33080_right.jpeg,4,Class 4
D:\Practice Projects\Disease Detection\dataset\Messidor-2+EyePac_Balanced\4\33283_left.jpeg,D:\Practice Projects\Disease Detection\processed_dataset\Class 4\Messidor-2+EyePac_Balanced__train__eec9ddecde__33283_left.jpeg,4,Class 4
D:\Practice Projects\Disease Detection\dataset\Messidor-2+EyePac_Balanced\4\33283_right.jpeg,D:\Practice Projects\Disease Detection\processed_dataset\Class 4\Messidor-2+EyePac_Balanced__train__0944c94256__33283_right.jpeg,4,Class 4
D:\Practice Projects\Disease Detection\dataset\Messidor-2+EyePac_Balanced\4\33358_right.jpeg,D:\Practice Projects\Disease Detection\processed_dataset\Class 4\Messidor-2+EyePac_Balanced__train__c42939cd84__33358_right.jpeg,4,Class 4
D:\Practice Projects\Disease Detection\dataset\Messidor-2+EyePac_Balanced\4\33580_left.jpeg,D:\Practice Projects\Disease Detection\processed_dataset\Class 4\Messidor-2+EyePac_Balanced__train__650a7290f2__33580_left.jpeg,4,Class 4
D:\Practice Projects\Disease Detection\dataset\Messidor-2+EyePac_Balanced\4\33621_left.jpeg,D:\Practice Projects\Disease Detection\processed_dataset\Class 4\Messidor-2+EyePac_Balanced__train__02f7956b37__33621_left.jpeg,4,Class 4
D:\Practice Projects\Disease Detection\dataset\Messidor-2+EyePac_Balanced\4\33621_right.jpeg,D:\Practice Projects\Disease Detection\processed_dataset\Class 4\Messidor-2+EyePac_Balanced__train__0055483e18__33621_right.jpeg,4,Class 4
D:\Practice Projects\Disease Detection\dataset\Messidor-2+EyePac_Balanced\4\33753_left.jpeg,D:\Practice Projects\Disease Detection\processed_dataset\Class 4\Messidor-2+EyePac_Balanced__train__11b75446df__33753_left.jpeg,4,Class 4
D:\Practice Projects\Disease Detection\dataset\Messidor-2+EyePac_Balanced\4\33812_right.jpeg,D:\Practice Projects\Disease Detection\processed_dataset\Class 4\Messidor-2+EyePac_Balanced__train__95e8afbe37__33812_right.jpeg,4,Class 4
D:\Practice Projects\Disease Detection\dataset\Messidor-2+EyePac_Balanced\4\33884_right.jpeg,D:\Practice Projects\Disease Detection\processed_dataset\Class 4\Messidor-2+EyePac_Balanced__train__aadf795c06__33884_right.jpeg,4,Class 4
D:\Practice Projects\Disease Detection\dataset\Messidor-2+EyePac_Balanced\4\33906_right.jpeg,D:\Practice Projects\Disease Detection\processed_dataset\Class 4\Messidor-2+EyePac_Balanced__train__b49a75d8bb__33906_right.jpeg,4,Class 4
D:\Practice Projects\Disease Detection\dataset\Messidor-2+EyePac_Balanced\4\34453_left.jpeg,D:\Practice Projects\Disease Detection\processed_dataset\Class 4\Messidor-2+EyePac_Balanced__train__ebfd9acb2e__34453_left.jpeg,4,Class 4
D:\Practice Projects\Disease Detection\dataset\Messidor-2+EyePac_Balanced\4\34453_right.jpeg,D:\Practice Projects\Disease Detection\processed_dataset\Class 4\Messidor-2+EyePac_Balanced__train__920859dafc__34453_right.jpeg,4,Class 4
D:\Practice Projects\Disease Detection\dataset\Messidor-2+EyePac_Balanced\4\34844_right.jpeg,D:\Practice Projects\Disease Detection\processed_dataset\Class 4\Messidor-2+EyePac_Balanced__train__b1f1786262__34844_right.jpeg,4,Class 4
D:\Practice Projects\Disease Detection\dataset\Messidor-2+EyePac_Balanced\4\34995_left.jpeg,D:\Practice Projects\Disease Detection\processed_dataset\Class 4\Messidor-2+EyePac_Balanced__train__ef01570a78__34995_left.jpeg,4,Class 4
D:\Practice Projects\Disease Detection\dataset\Messidor-2+EyePac_Balanced\4\34995_right.jpeg,D:\Practice Projects\Disease Detection\processed_dataset\Class 4\Messidor-2+EyePac_Balanced__train__d838d6a107__34995_right.jpeg,4,Class 4
D:\Practice Projects\Disease Detection\dataset\Messidor-2+EyePac_Balanced\4\35412_left.jpeg,D:\Practice Projects\Disease Detection\processed_dataset\Class 4\Messidor-2+EyePac_Balanced__train__12334d00d4__35412_left.jpeg,4,Class 4
D:\Practice Projects\Disease Detection\dataset\Messidor-2+EyePac_Balanced\4\35955_left.jpeg,D:\Practice Projects\Disease Detection\processed_dataset\Class 4\Messidor-2+EyePac_Balanced__train__dd2d72b292__35955_left.jpeg,4,Class 4
D:\Practice Projects\Disease Detection\dataset\Messidor-2+EyePac_Balanced\4\35955_right.jpeg,D:\Practice Projects\Disease Detection\processed_dataset\Class 4\Messidor-2+EyePac_Balanced__train__25552edf18__35955_right.jpeg,4,Class 4
D:\Practice Projects\Disease Detection\dataset\Messidor-2+EyePac_Balanced\4\36027_right.jpeg,D:\Practice Projects\Disease Detection\processed_dataset\Class 4\Messidor-2+EyePac_Balanced__train__db1b2dc305__36027_right.jpeg,4,Class 4
D:\Practice Projects\Disease Detection\dataset\Messidor-2+EyePac_Balanced\4\36166_right.jpeg,D:\Practice Projects\Disease Detection\processed_dataset\Class 4\Messidor-2+EyePac_Balanced__train__c238b8a9b3__36166_right.jpeg,4,Class 4
D:\Practice Projects\Disease Detection\dataset\Messidor-2+EyePac_Balanced\4\36653_left.jpeg,D:\Practice Projects\Disease Detection\processed_dataset\Class 4\Messidor-2+EyePac_Balanced__train__a867d0f925__36653_left.jpeg,4,Class 4
D:\Practice Projects\Disease Detection\dataset\Messidor-2+EyePac_Balanced\4\37951_left.jpeg,D:\Practice Projects\Disease Detection\processed_dataset\Class 4\Messidor-2+EyePac_Balanced__train__ee225177fd__37951_left.jpeg,4,Class 4
D:\Practice Projects\Disease Detection\dataset\Messidor-2+EyePac_Balanced\4\37951_right.jpeg,D:\Practice Projects\Disease Detection\processed_dataset\Class 4\Messidor-2+EyePac_Balanced__train__6477ad4d84__37951_right.jpeg,4,Class 4
D:\Practice Projects\Disease Detection\dataset\Messidor-2+EyePac_Balanced\4\38064_left.jpeg,D:\Practice Projects\Disease Detection\processed_dataset\Class 4\Messidor-2+EyePac_Balanced__train__4d6486c6d3__38064_left.jpeg,4,Class 4
D:\Practice Projects\Disease Detection\dataset\Messidor-2+EyePac_Balanced\4\38064_right.jpeg,D:\Practice Projects\Disease Detection\processed_dataset\Class 4\Messidor-2+EyePac_Balanced__train__45179437db__38064_right.jpeg,4,Class 4
D:\Practice Projects\Disease Detection\dataset\Messidor-2+EyePac_Balanced\4\38407_left.jpeg,D:\Practice Projects\Disease Detection\processed_dataset\Class 4\Messidor-2+EyePac_Balanced__train__49e129d79f__38407_left.jpeg,4,Class 4
D:\Practice Projects\Disease Detection\dataset\Messidor-2+EyePac_Balanced\4\38518_left.jpeg,D:\Practice Projects\Disease Detection\processed_dataset\Class 4\Messidor-2+EyePac_Balanced__train__1a1774e176__38518_left.jpeg,4,Class 4
D:\Practice Projects\Disease Detection\dataset\Messidor-2+EyePac_Balanced\4\38518_right.jpeg,D:\Practice Projects\Disease Detection\processed_dataset\Class 4\Messidor-2+EyePac_Balanced__train__9856d0ade3__38518_right.jpeg,4,Class 4
D:\Practice Projects\Disease Detection\dataset\Messidor-2+EyePac_Balanced\4\39164_left.jpeg,D:\Practice Projects\Disease Detection\processed_dataset\Class 4\Messidor-2+EyePac_Balanced__train__657974c10f__39164_left.jpeg,4,Class 4
D:\Practice Projects\Disease Detection\dataset\Messidor-2+EyePac_Balanced\4\39164_right.jpeg,D:\Practice Projects\Disease Detection\processed_dataset\Class 4\Messidor-2+EyePac_Balanced__train__1c6ff2f1b7__39164_right.jpeg,4,Class 4
D:\Practice Projects\Disease Detection\dataset\Messidor-2+EyePac_Balanced\4\4005_right - Copy.jpeg,D:\Practice Projects\Disease Detection\processed_dataset\Class 4\Messidor-2+EyePac_Balanced__train__8a02f76b33__4005_right_-_Copy.jpeg,4,Class 4
D:\Practice Projects\Disease Detection\dataset\Messidor-2+EyePac_Balanced\4\4005_right.jpeg,D:\Practice Projects\Disease Detection\processed_dataset\Class 4\Messidor-2+EyePac_Balanced__train__8a02f76b33__4005_right.jpeg,4,Class 4
D:\Practice Projects\Disease Detection\dataset\Messidor-2+EyePac_Balanced\4\40078_left.jpeg,D:\Practice Projects\Disease Detection\processed_dataset\Class 4\Messidor-2+EyePac_Balanced__train__23f419d218__40078_left.jpeg,4,Class 4
D:\Practice Projects\Disease Detection\dataset\Messidor-2+EyePac_Balanced\4\40178_right.jpeg,D:\Practice Projects\Disease Detection\processed_dataset\Class 4\Messidor-2+EyePac_Balanced__train__ee71b4fe66__40178_right.jpeg,4,Class 4
D:\Practice Projects\Disease Detection\dataset\Messidor-2+EyePac_Balanced\4\40183_left.jpeg,D:\Practice Projects\Disease Detection\processed_dataset\Class 4\Messidor-2+EyePac_Balanced__train__59569485ba__40183_left.jpeg,4,Class 4
D:\Practice Projects\Disease Detection\dataset\Messidor-2+EyePac_Balanced\4\40183_right.jpeg,D:\Practice Projects\Disease Detection\processed_dataset\Class 4\Messidor-2+EyePac_Balanced__train__8ec02e0376__40183_right.jpeg,4,Class 4
D:\Practice Projects\Disease Detection\dataset\Messidor-2+EyePac_Balanced\4\40319_right.jpeg,D:\Practice Projects\Disease Detection\processed_dataset\Class 4\Messidor-2+EyePac_Balanced__train__fb2e7f9077__40319_right.jpeg,4,Class 4
D:\Practice Projects\Disease Detection\dataset\Messidor-2+EyePac_Balanced\4\406_left - Copy.jpeg,D:\Practice Projects\Disease Detection\processed_dataset\Class 4\Messidor-2+EyePac_Balanced__train__a4e42c76ff__406_left_-_Copy.jpeg,4,Class 4
D:\Practice Projects\Disease Detection\dataset\Messidor-2+EyePac_Balanced\4\406_left.jpeg,D:\Practice Projects\Disease Detection\processed_dataset\Class 4\Messidor-2+EyePac_Balanced__train__a4e42c76ff__406_left.jpeg,4,Class 4
D:\Practice Projects\Disease Detection\dataset\Messidor-2+EyePac_Balanced\4\406_right - Copy.jpeg,D:\Practice Projects\Disease Detection\processed_dataset\Class 4\Messidor-2+EyePac_Balanced__train__5066426ed9__406_right_-_Copy.jpeg,4,Class 4
D:\Practice Projects\Disease Detection\dataset\Messidor-2+EyePac_Balanced\4\406_right.jpeg,D:\Practice Projects\Disease Detection\processed_dataset\Class 4\Messidor-2+EyePac_Balanced__train__5066426ed9__406_right.jpeg,4,Class 4
D:\Practice Projects\Disease Detection\dataset\Messidor-2+EyePac_Balanced\4\41174_left.jpeg,D:\Practice Projects\Disease Detection\processed_dataset\Class 4\Messidor-2+EyePac_Balanced__train__2fefeb9906__41174_left.jpeg,4,Class 4
D:\Practice Projects\Disease Detection\dataset\Messidor-2+EyePac_Balanced\4\41174_right.jpeg,D:\Practice Projects\Disease Detection\processed_dataset\Class 4\Messidor-2+EyePac_Balanced__train__888ff2353c__41174_right.jpeg,4,Class 4
D:\Practice Projects\Disease Detection\dataset\Messidor-2+EyePac_Balanced\4\41201_left.jpeg,D:\Practice Projects\Disease Detection\processed_dataset\Class 4\Messidor-2+EyePac_Balanced__train__c2010ac262__41201_left.jpeg,4,Class 4
D:\Practice Projects\Disease Detection\dataset\Messidor-2+EyePac_Balanced\4\41387_left.jpeg,D:\Practice Projects\Disease Detection\processed_dataset\Class 4\Messidor-2+EyePac_Balanced__train__2bb9dd96c2__41387_left.jpeg,4,Class 4
D:\Practice Projects\Disease Detection\dataset\Messidor-2+EyePac_Balanced\4\4155_right - Copy.jpeg,D:\Practice Projects\Disease Detection\processed_dataset\Class 4\Messidor-2+EyePac_Balanced__train__d963b8c858__4155_right_-_Copy.jpeg,4,Class 4
D:\Practice Projects\Disease Detection\dataset\Messidor-2+EyePac_Balanced\4\4155_right.jpeg,D:\Practice Projects\Disease Detection\processed_dataset\Class 4\Messidor-2+EyePac_Balanced__train__d963b8c858__4155_right.jpeg,4,Class 4
D:\Practice Projects\Disease Detection\dataset\Messidor-2+EyePac_Balanced\4\41746_left.jpeg,D:\Practice Projects\Disease Detection\processed_dataset\Class 4\Messidor-2+EyePac_Balanced__train__3280234288__41746_left.jpeg,4,Class 4
D:\Practice Projects\Disease Detection\dataset\Messidor-2+EyePac_Balanced\4\41746_right.jpeg,D:\Practice Projects\Disease Detection\processed_dataset\Class 4\Messidor-2+EyePac_Balanced__train__f304af2d26__41746_right.jpeg,4,Class 4
D:\Practice Projects\Disease Detection\dataset\Messidor-2+EyePac_Balanced\4\41852_right.jpeg,D:\Practice Projects\Disease Detection\processed_dataset\Class 4\Messidor-2+EyePac_Balanced__train__b407aba496__41852_right.jpeg,4,Class 4
D:\Practice Projects\Disease Detection\dataset\Messidor-2+EyePac_Balanced\4\42815_left.jpeg,D:\Practice Projects\Disease Detection\processed_dataset\Class 4\Messidor-2+EyePac_Balanced__train__143ca8ae3d__42815_left.jpeg,4,Class 4
D:\Practice Projects\Disease Detection\dataset\Messidor-2+EyePac_Balanced\4\4374_left - Copy.jpeg,D:\Practice Projects\Disease Detection\processed_dataset\Class 4\Messidor-2+EyePac_Balanced__train__2140295684__4374_left_-_Copy.jpeg,4,Class 4
D:\Practice Projects\Disease Detection\dataset\Messidor-2+EyePac_Balanced\4\4374_left.jpeg,D:\Practice Projects\Disease Detection\processed_dataset\Class 4\Messidor-2+EyePac_Balanced__train__2140295684__4374_left.jpeg,4,Class 4
D:\Practice Projects\Disease Detection\dataset\Messidor-2+EyePac_Balanced\4\43997_left.jpeg,D:\Practice Projects\Disease Detection\processed_dataset\Class 4\Messidor-2+EyePac_Balanced__train__ac1cd1403b__43997_left.jpeg,4,Class 4
D:\Practice Projects\Disease Detection\dataset\Messidor-2+EyePac_Balanced\4\44249_left.jpeg,D:\Practice Projects\Disease Detection\processed_dataset\Class 4\Messidor-2+EyePac_Balanced__train__f9a158aa87__44249_left.jpeg,4,Class 4
D:\Practice Projects\Disease Detection\dataset\Messidor-2+EyePac_Balanced\4\44249_right.jpeg,D:\Practice Projects\Disease Detection\processed_dataset\Class 4\Messidor-2+EyePac_Balanced__train__1bb83732a7__44249_right.jpeg,4,Class 4
D:\Practice Projects\Disease Detection\dataset\Messidor-2+EyePac_Balanced\4\6719_right - Copy.jpeg,D:\Practice Projects\Disease Detection\processed_dataset\Class 4\Messidor-2+EyePac_Balanced__train__30879f8dd5__6719_right_-_Copy.jpeg,4,Class 4
D:\Practice Projects\Disease Detection\dataset\Messidor-2+EyePac_Balanced\4\6719_right.jpeg,D:\Practice Projects\Disease Detection\processed_dataset\Class 4\Messidor-2+EyePac_Balanced__train__30879f8dd5__6719_right.jpeg,4,Class 4
D:\Practice Projects\Disease Detection\dataset\Messidor-2+EyePac_Balanced\4\7853_left - Copy.jpeg,D:\Practice Projects\Disease Detection\processed_dataset\Class 4\Messidor-2+EyePac_Balanced__train__b20298b416__7853_left_-_Copy.jpeg,4,Class 4
D:\Practice Projects\Disease Detection\dataset\Messidor-2+EyePac_Balanced\4\7853_left.jpeg,D:\Practice Projects\Disease Detection\processed_dataset\Class 4\Messidor-2+EyePac_Balanced__train__b20298b416__7853_left.jpeg,4,Class 4
D:\Practice Projects\Disease Detection\dataset\Messidor-2+EyePac_Balanced\4\7853_right - Copy.jpeg,D:\Practice Projects\Disease Detection\processed_dataset\Class 4\Messidor-2+EyePac_Balanced__train__15be11b083__7853_right_-_Copy.jpeg,4,Class 4
D:\Practice Projects\Disease Detection\dataset\Messidor-2+EyePac_Balanced\4\7853_right.jpeg,D:\Practice Projects\Disease Detection\processed_dataset\Class 4\Messidor-2+EyePac_Balanced__train__15be11b083__7853_right.jpeg,4,Class 4
D:\Practice Projects\Disease Detection\dataset\Messidor-2+EyePac_Balanced\4\7992_left - Copy.jpeg,D:\Practice Projects\Disease Detection\processed_dataset\Class 4\Messidor-2+EyePac_Balanced__train__4b0d961def__7992_left_-_Copy.jpeg,4,Class 4
D:\Practice Projects\Disease Detection\dataset\Messidor-2+EyePac_Balanced\4\7992_left.jpeg,D:\Practice Projects\Disease Detection\processed_dataset\Class 4\Messidor-2+EyePac_Balanced__train__4b0d961def__7992_left.jpeg,4,Class 4
D:\Practice Projects\Disease Detection\dataset\Messidor-2+EyePac_Balanced\4\7992_right - Copy.jpeg,D:\Practice Projects\Disease Detection\processed_dataset\Class 4\Messidor-2+EyePac_Balanced__train__29b74561af__7992_right_-_Copy.jpeg,4,Class 4
D:\Practice Projects\Disease Detection\dataset\Messidor-2+EyePac_Balanced\4\7992_right.jpeg,D:\Practice Projects\Disease Detection\processed_dataset\Class 4\Messidor-2+EyePac_Balanced__train__29b74561af__7992_right.jpeg,4,Class 4
D:\Practice Projects\Disease Detection\dataset\Messidor-2+EyePac_Balanced\4\8087_right - Copy.jpeg,D:\Practice Projects\Disease Detection\processed_dataset\Class 4\Messidor-2+EyePac_Balanced__train__a70f653d7d__8087_right_-_Copy.jpeg,4,Class 4
D:\Practice Projects\Disease Detection\dataset\Messidor-2+EyePac_Balanced\4\8087_right.jpeg,D:\Practice Projects\Disease Detection\processed_dataset\Class 4\Messidor-2+EyePac_Balanced__train__a70f653d7d__8087_right.jpeg,4,Class 4
D:\Practice Projects\Disease Detection\dataset\Messidor-2+EyePac_Balanced\4\8950_left - Copy.jpeg,D:\Practice Projects\Disease Detection\processed_dataset\Class 4\Messidor-2+EyePac_Balanced__train__f86181d48f__8950_left_-_Copy.jpeg,4,Class 4
D:\Practice Projects\Disease Detection\dataset\Messidor-2+EyePac_Balanced\4\8950_left.jpeg,D:\Practice Projects\Disease Detection\processed_dataset\Class 4\Messidor-2+EyePac_Balanced__train__f86181d48f__8950_left.jpeg,4,Class 4
D:\Practice Projects\Disease Detection\dataset\Messidor-2+EyePac_Balanced\4\9216_left - Copy.jpeg,D:\Practice Projects\Disease Detection\processed_dataset\Class 4\Messidor-2+EyePac_Balanced__train__dfdc711846__9216_left_-_Copy.jpeg,4,Class 4
D:\Practice Projects\Disease Detection\dataset\Messidor-2+EyePac_Balanced\4\9216_left.jpeg,D:\Practice Projects\Disease Detection\processed_dataset\Class 4\Messidor-2+EyePac_Balanced__train__dfdc711846__9216_left.jpeg,4,Class 4
D:\Practice Projects\Disease Detection\dataset\Messidor-2+EyePac_Balanced\4\9311_left - Copy.jpeg,D:\Practice Projects\Disease Detection\processed_dataset\Class 4\Messidor-2+EyePac_Balanced__train__db6eddcff5__9311_left_-_Copy.jpeg,4,Class 4
D:\Practice Projects\Disease Detection\dataset\Messidor-2+EyePac_Balanced\4\9311_left.jpeg,D:\Practice Projects\Disease Detection\processed_dataset\Class 4\Messidor-2+EyePac_Balanced__train__db6eddcff5__9311_left.jpeg,4,Class 4
D:\Practice Projects\Disease Detection\dataset\Messidor-2+EyePac_Balanced\4\9353_right - Copy.jpeg,D:\Practice Projects\Disease Detection\processed_dataset\Class 4\Messidor-2+EyePac_Balanced__train__8d22c77624__9353_right_-_Copy.jpeg,4,Class 4
D:\Practice Projects\Disease Detection\dataset\Messidor-2+EyePac_Balanced\4\9353_right.jpeg,D:\Practice Projects\Disease Detection\processed_dataset\Class 4\Messidor-2+EyePac_Balanced__train__8d22c77624__9353_right.jpeg,4,Class 4
D:\Practice Projects\Disease Detection\dataset\Messidor-2+EyePac_Balanced\4\9680_left - Copy.jpeg,D:\Practice Projects\Disease Detection\processed_dataset\Class 4\Messidor-2+EyePac_Balanced__train__41304a8368__9680_left_-_Copy.jpeg,4,Class 4
D:\Practice Projects\Disease Detection\dataset\Messidor-2+EyePac_Balanced\4\9680_left.jpeg,D:\Practice Projects\Disease Detection\processed_dataset\Class 4\Messidor-2+EyePac_Balanced__train__41304a8368__9680_left.jpeg,4,Class 4
D:\Practice Projects\Disease Detection\dataset\Messidor-2+EyePac_Balanced\4\IM001751.JPG,D:\Practice Projects\Disease Detection\processed_dataset\Class 4\Messidor-2+EyePac_Balanced__train__f1a1458c3a__IM001751.jpg,4,Class 4
D:\Practice Projects\Disease Detection\dataset\Messidor-2+EyePac_Balanced\4\IM001752.JPG,D:\Practice Projects\Disease Detection\processed_dataset\Class 4\Messidor-2+EyePac_Balanced__train__273d513f52__IM001752.jpg,4,Class 4
D:\Practice Projects\Disease Detection\dataset\Messidor-2+EyePac_Balanced\4\IM001941.JPG,D:\Practice Projects\Disease Detection\processed_dataset\Class 4\Messidor-2+EyePac_Balanced__train__2979819c7b__IM001941.jpg,4,Class 4
D:\Practice Projects\Disease Detection\dataset\Messidor-2+EyePac_Balanced\4\IM001942.JPG,D:\Practice Projects\Disease Detection\processed_dataset\Class 4\Messidor-2+EyePac_Balanced__train__4f5a2e7d0d__IM001942.jpg,4,Class 4
D:\Practice Projects\Disease Detection\dataset\Messidor-2+EyePac_Balanced\4\IM002486.JPG,D:\Practice Projects\Disease Detection\processed_dataset\Class 4\Messidor-2+EyePac_Balanced__train__5b79bc47bc__IM002486.jpg,4,Class 4
D:\Practice Projects\Disease Detection\dataset\Messidor-2+EyePac_Balanced\4\IM002487.JPG,D:\Practice Projects\Disease Detection\processed_dataset\Class 4\Messidor-2+EyePac_Balanced__train__b6258d81d0__IM002487.jpg,4,Class 4
D:\Practice Projects\Disease Detection\dataset\Messidor-2+EyePac_Balanced\4\IM003230.JPG,D:\Practice Projects\Disease Detection\processed_dataset\Class 4\Messidor-2+EyePac_Balanced__train__77520e6aeb__IM003230.jpg,4,Class 4
D:\Practice Projects\Disease Detection\dataset\Messidor-2+EyePac_Balanced\4\IM004183.JPG,D:\Practice Projects\Disease Detection\processed_dataset\Class 4\Messidor-2+EyePac_Balanced__train__2e1d30964c__IM004183.jpg,4,Class 4
D:\Practice Projects\Disease Detection\dataset\Messidor-2+EyePac_Balanced\4\IM004346.JPG,D:\Practice Projects\Disease Detection\processed_dataset\Class 4\Messidor-2+EyePac_Balanced__train__f0f31e520d__IM004346.jpg,4,Class 4
