source_split,original_filename,crop_filename,original_width,original_height,crop_width,crop_height,class_id,disease_name,bbox_x_center,bbox_y_center,bbox_width,bbox_height,padding,quality_status,rejection_reason
train,PHOTO-2023-07-27-12-08-36_jpg.rf.5e2b7aae13bde64a4613048f6b1a8aef.jpg,PHOTO-2023-07-27-12-08-36_jpg.rf.5e2b7aae13bde64a4613048f6b1a8aef_box00.jpg,288,640,116,94,0,Cataract,0.4722222222222222,0.48125,0.3333333333333333,0.121875,0.1,accepted,
train,PHOTO-2023-07-27-12-41-24_jpg.rf.801c68d38adb092b1f9dc0364c1584c7.jpg,PHOTO-2023-07-27-12-41-24_jpg.rf.801c68d38adb092b1f9dc0364c1584c7_box00.jpg,640,640,188,138,1,Normal,0.440625,0.5015625,0.24375,0.1796875,0.1,accepted,
train,PHOTO-2023-07-27-12-41-25-1-_jpg.rf.b4bf9c5cb1701882147b61f45f98ffdf.jpg,PHOTO-2023-07-27-12-41-25-1-_jpg.rf.b4bf9c5cb1701882147b61f45f98ffdf_box00.jpg,640,640,180,138,0,Cataract,0.409375,0.4703125,0.2328125,0.1796875,0.1,accepted,
train,PHOTO-2023-07-27-12-41-25-2-_jpg.rf.945906016fade168a4b16cd72878c997.jpg,PHOTO-2023-07-27-12-41-25-2-_jpg.rf.945906016fade168a4b16cd72878c997_box00.jpg,640,640,160,132,0,Cataract,0.390625,0.5234375,0.20625,0.1703125,0.1,accepted,
train,PHOTO-2023-07-27-12-41-25_jpg.rf.c98d9c8aae6603ed3b36bec4bfc17697.jpg,PHOTO-2023-07-27-12-41-25_jpg.rf.c98d9c8aae6603ed3b36bec4bfc17697_box00.jpg,640,640,160,138,0,Cataract,0.4,0.6375,0.20625,0.1796875,0.1,accepted,
train,PHOTO-2023-07-27-12-41-26-1-_jpg.rf.c198c3181be9a1706c0a8eaa4214106c.jpg,PHOTO-2023-07-27-12-41-26-1-_jpg.rf.c198c3181be9a1706c0a8eaa4214106c_box00.jpg,640,640,120,100,0,Cataract,0.4609375,0.421875,0.1546875,0.1296875,0.1,accepted,
train,PHOTO-2023-07-27-12-41-27-1-_jpg.rf.805b546fefea133ae2e5993506ee7ab7.jpg,PHOTO-2023-07-27-12-41-27-1-_jpg.rf.805b546fefea133ae2e5993506ee7ab7_box00.jpg,640,640,152,130,1,Normal,0.365625,0.5609375,0.196875,0.16875,0.1,accepted,
train,PHOTO-2023-07-27-12-41-27_jpg.rf.1cdead130d161f1c887caf9b7ae6efce.jpg,PHOTO-2023-07-27-12-41-27_jpg.rf.1cdead130d161f1c887caf9b7ae6efce_box00.jpg,640,640,140,144,1,Normal,0.4015625,0.496875,0.18125,0.1859375,0.1,accepted,
train,PHOTO-2023-07-27-12-41-29_jpg.rf.417a4885d82532b7dfff49ca4e439489.jpg,PHOTO-2023-07-27-12-41-29_jpg.rf.417a4885d82532b7dfff49ca4e439489_box00.jpg,480,640,100,74,1,Normal,0.5291666666666667,0.2546875,0.17083333333333334,0.0953125,0.1,accepted,
train,i_1000_jpg.rf.437f1b0577d245f9e5349afc0fec6392.jpg,i_1000_jpg.rf.437f1b0577d245f9e5349afc0fec6392_box00.jpg,56,56,25,20,0,Cataract,0.39999999999999997,0.5201785714285714,0.3432142857142857,0.25607142857142856,0.1,accepted,
train,i_1001_jpg.rf.ac194b99712e80456f929aa8a7cb9fb8.jpg,i_1001_jpg.rf.ac194b99712e80456f929aa8a7cb9fb8_box00.jpg,55,55,23,17,0,Cataract,0.4627272727272727,0.4816363636363636,0.3332727272727272,0.2290909090909091,0.1,accepted,
train,i_1003_jpg.rf.f19fdacfd6ed3fb55f20dce72ee0fd8c.jpg,i_1003_jpg.rf.f19fdacfd6ed3fb55f20dce72ee0fd8c_box00.jpg,50,50,20,17,0,Cataract,0.462,0.511,0.31079999999999997,0.2256,0.1,accepted,
train,i_1005_jpg.rf.a134d3b24e7796b6dc3ec601f99f156f.jpg,i_1005_jpg.rf.a134d3b24e7796b6dc3ec601f99f156f_box00.jpg,47,47,20,15,0,Cataract,0.4702127659574468,0.4525531914893617,0.3151063829787234,0.2202127659574468,0.1,rejected,min_resolution:20x15<16
train,i_1006_jpg.rf.dbaaa4eb244c4e07130e2cd2f7beea03.jpg,i_1006_jpg.rf.dbaaa4eb244c4e07130e2cd2f7beea03_box00.jpg,50,50,20,16,0,Cataract,0.5212,0.4414,0.3134,0.22640000000000002,0.1,accepted,
train,i_1007_jpg.rf.006668e30a37f42b1e71e2d1b6413c16.jpg,i_1007_jpg.rf.006668e30a37f42b1e71e2d1b6413c16_box00.jpg,45,45,18,16,0,Cataract,0.5515555555555556,0.5384444444444445,0.27711111111111114,0.2437777777777778,0.1,accepted,
train,i_100_jpg.rf.1fe652711f747a1da5ad96d882c776c4.jpg,i_100_jpg.rf.1fe652711f747a1da5ad96d882c776c4_box00.jpg,175,177,44,32,0,Cataract,0.47359999999999997,0.5746327683615818,0.20434285714285713,0.14604519774011301,0.1,accepted,
train,i_1010_jpg.rf.882134b4f038a8f47253e75c6bd75eb8.jpg,i_1010_jpg.rf.882134b4f038a8f47253e75c6bd75eb8_box00.jpg,58,58,22,19,0,Cataract,0.5512068965517242,0.5244827586206897,0.2874137931034483,0.25310344827586206,0.1,accepted,
train,i_1011_jpg.rf.b6bfb0a36e4236fbb8e1ab5be5a4eeb2.jpg,i_1011_jpg.rf.b6bfb0a36e4236fbb8e1ab5be5a4eeb2_box00.jpg,64,64,23,16,0,Cataract,0.54984375,0.50625,0.276875,0.170625,0.1,accepted,
train,i_1014_jpg.rf.035cff8739ed3465e9655c6086174ab8.jpg,i_1014_jpg.rf.035cff8739ed3465e9655c6086174ab8_box00.jpg,63,63,23,19,0,Cataract,0.6214285714285714,0.5111111111111112,0.2853968253968254,0.2242857142857143,0.1,accepted,
train,i_1016_jpg.rf.23a6cb3973ac0e7766702dddc044dc9c.jpg,i_1016_jpg.rf.23a6cb3973ac0e7766702dddc044dc9c_box00.jpg,73,73,26,23,0,Cataract,0.5352054794520548,0.5104109589041096,0.28013698630136985,0.24986301369863012,0.1,accepted,
train,i_1020_jpg.rf.0fe26522f3624e5b429c8a6b14e378cf.jpg,i_1020_jpg.rf.0fe26522f3624e5b429c8a6b14e378cf_box00.jpg,55,55,23,19,0,Cataract,0.5736363636363636,0.5232727272727273,0.3367272727272727,0.24981818181818183,0.1,accepted,
train,i_1022_jpg.rf.69819057c22a71d09939e9e4b9c295a9.jpg,i_1022_jpg.rf.69819057c22a71d09939e9e4b9c295a9_box00.jpg,57,57,22,19,0,Cataract,0.5636842105263158,0.5026315789473684,0.29912280701754385,0.24982456140350878,0.1,accepted,
train,i_1023_jpg.rf.d0c8c44132bd491fcc3083f0f98de75f.jpg,i_1023_jpg.rf.d0c8c44132bd491fcc3083f0f98de75f_box00.jpg,56,56,21,18,0,Cataract,0.5839285714285715,0.4830357142857143,0.2905357142857143,0.21839285714285714,0.1,accepted,
train,i_1029_jpg.rf.8e7b16df994353d1216c3b6e33c2d73b.jpg,i_1029_jpg.rf.8e7b16df994353d1216c3b6e33c2d73b_box00.jpg,60,60,23,19,0,Cataract,0.5581666666666667,0.5185,0.3055,0.23316666666666666,0.1,accepted,
train,i_102_jpg.rf.9267469001a93523a499bfefc400f8f2.jpg,i_102_jpg.rf.9267469001a93523a499bfefc400f8f2_box00.jpg,291,200,94,60,0,Cataract,0.443127147766323,0.46515,0.2652577319587629,0.24434999999999998,0.1,accepted,
train,i_1030_jpg.rf.1a34c33cfd8fbfc0a3f676a53317179d.jpg,i_1030_jpg.rf.1a34c33cfd8fbfc0a3f676a53317179d_box00.jpg,53,53,23,19,0,Cataract,0.42283018867924527,0.5383018867924528,0.3424528301886792,0.26264150943396225,0.1,accepted,
train,i_1034_jpg.rf.cd364d150c498f95f4c45bbc665e9307.jpg,i_1034_jpg.rf.cd364d150c498f95f4c45bbc665e9307_box00.jpg,49,49,21,18,0,Cataract,0.6453061224489796,0.5302040816326531,0.3175510204081633,0.2612244897959184,0.1,accepted,
train,i_1035_jpg.rf.479f36cf7533f6a87d9cf4d37d2a41f8.jpg,i_1035_jpg.rf.479f36cf7533f6a87d9cf4d37d2a41f8_box00.jpg,60,60,21,20,0,Cataract,0.5273333333333333,0.49766666666666665,0.263,0.254,0.1,accepted,
train,i_1036_jpg.rf.5a274d970129739935ebba42e4c22555.jpg,i_1036_jpg.rf.5a274d970129739935ebba42e4c22555_box00.jpg,41,41,19,14,0,Cataract,0.6478048780487805,0.4658536585365854,0.3619512195121951,0.20585365853658535,0.1,rejected,min_resolution:19x14<16
train,i_1037_jpg.rf.6609fff8b9b3845ff6150811e445f27b.jpg,i_1037_jpg.rf.6609fff8b9b3845ff6150811e445f27b_box00.jpg,52,52,18,20,0,Cataract,0.40884615384615386,0.47846153846153844,0.25115384615384617,0.295,0.1,accepted,
train,i_1038_jpg.rf.f2e09747a5cc802efc59448de5d34fa6.jpg,i_1038_jpg.rf.f2e09747a5cc802efc59448de5d34fa6_box00.jpg,59,59,26,21,0,Cataract,0.5454237288135593,0.5208474576271187,0.3503389830508475,0.2683050847457627,0.1,accepted,
train,i_1039_jpg.rf.2b8e99cc421b5e4574a29a821954020d.jpg,i_1039_jpg.rf.2b8e99cc421b5e4574a29a821954020d_box00.jpg,51,51,20,17,0,Cataract,0.44784313725490194,0.5345098039215687,0.28941176470588237,0.23058823529411765,0.1,accepted,
train,i_103_jpg.rf.ceb08e5ebabd1c7876f474907b86baa6.jpg,i_103_jpg.rf.ceb08e5ebabd1c7876f474907b86baa6_box00.jpg,213,155,156,137,0,Cataract,0.5333333333333333,0.5745806451612904,0.6071830985915494,0.7602580645161291,0.1,accepted,
train,i_1040_jpg.rf.75767ae5aae2af0093a4af4b2b94c686.jpg,i_1040_jpg.rf.75767ae5aae2af0093a4af4b2b94c686_box00.jpg,49,49,20,14,0,Cataract,0.5320408163265307,0.4563265306122449,0.28959183673469385,0.1783673469387755,0.1,rejected,min_resolution:20x14<16
train,i_1041_jpg.rf.6bc84f606456144026b244b7a345c3dc.jpg,i_1041_jpg.rf.6bc84f606456144026b244b7a345c3dc_box00.jpg,48,48,19,13,0,Cataract,0.6745833333333334,0.43291666666666667,0.3020833333333333,0.16104166666666667,0.1,rejected,min_resolution:19x13<16|min_area:247<256
train,i_1042_jpg.rf.f2b6fb21bd8d30492c765228a3868ff9.jpg,i_1042_jpg.rf.f2b6fb21bd8d30492c765228a3868ff9_box00.jpg,56,56,22,19,0,Cataract,0.6425,0.5237499999999999,0.29232142857142857,0.24214285714285716,0.1,accepted,
train,i_1043_jpg.rf.e5ecc1d5b88686191a028e9729b52d5a.jpg,i_1043_jpg.rf.e5ecc1d5b88686191a028e9729b52d5a_box00.jpg,54,54,22,16,0,Cataract,0.702962962962963,0.5301851851851852,0.3,0.20833333333333334,0.1,accepted,
train,i_1044_jpg.rf.35f9ef78bb6f7a9cb91144973ec1f9c6.jpg,i_1044_jpg.rf.35f9ef78bb6f7a9cb91144973ec1f9c6_box00.jpg,58,58,22,19,0,Cataract,0.5146551724137931,0.5279310344827587,0.29775862068965514,0.24965517241379312,0.1,accepted,
train,i_1045_jpg.rf.eb338c2ffe80d6dc47db65d1555c60f5.jpg,i_1045_jpg.rf.eb338c2ffe80d6dc47db65d1555c60f5_box00.jpg,54,54,21,17,0,Cataract,0.6451851851851852,0.5318518518518518,0.29388888888888887,0.2325925925925926,0.1,accepted,
train,i_1046_jpg.rf.9e05e55530e982dbec5e2bd72ac834d8.jpg,i_1046_jpg.rf.9e05e55530e982dbec5e2bd72ac834d8_box00.jpg,51,51,22,18,0,Cataract,0.393921568627451,0.5066666666666667,0.3276470588235294,0.24803921568627452,0.1,accepted,
train,i_1047_jpg.rf.87f309b64abb0255fe65d12da0eea506.jpg,i_1047_jpg.rf.87f309b64abb0255fe65d12da0eea506_box00.jpg,43,43,16,19,0,Cataract,0.5093023255813953,0.5713953488372093,0.2583720930232558,0.3058139534883721,0.1,accepted,
train,i_1050_jpg.rf.b24fe3d47d589d03e98808ce16572e9d.jpg,i_1050_jpg.rf.b24fe3d47d589d03e98808ce16572e9d_box00.jpg,57,57,24,20,0,Cataract,0.5735087719298245,0.4873684210526316,0.32999999999999996,0.2554385964912281,0.1,accepted,
train,i_1051_jpg.rf.d4737d6cfed6fb5745413c1f0e04c849.jpg,i_1051_jpg.rf.d4737d6cfed6fb5745413c1f0e04c849_box00.jpg,72,72,25,18,0,Cataract,0.5895833333333333,0.48597222222222225,0.2777777777777778,0.16819444444444442,0.1,accepted,
train,i_1052_jpg.rf.8170a728d57b06e72890f6979aee8162.jpg,i_1052_jpg.rf.8170a728d57b06e72890f6979aee8162_box00.jpg,47,47,22,15,0,Cataract,0.43,0.5036170212765958,0.3502127659574468,0.22297872340425534,0.1,rejected,min_resolution:22x15<16
train,i_1055_jpg.rf.ab29972053b0aeecfe90c51f61f66c9d.jpg,i_1055_jpg.rf.ab29972053b0aeecfe90c51f61f66c9d_box00.jpg,47,47,17,15,0,Cataract,0.6027659574468085,0.5259574468085106,0.26,0.2202127659574468,0.1,rejected,min_resolution:17x15<16|min_area:255<256
train,i_1056_jpg.rf.7e32b80f7a10e16dbaa71d5d8bdc9b48.jpg,i_1056_jpg.rf.7e32b80f7a10e16dbaa71d5d8bdc9b48_box00.jpg,53,53,23,20,0,Cataract,0.6358490566037737,0.5216981132075471,0.3388679245283019,0.28188679245283016,0.1,accepted,
train,i_1059_jpg.rf.2e1fef537e2bdada17a6148948b153ee.jpg,i_1059_jpg.rf.2e1fef537e2bdada17a6148948b153ee_box00.jpg,46,46,19,14,0,Cataract,0.573695652173913,0.5297826086956522,0.28804347826086957,0.19869565217391305,0.1,rejected,min_resolution:19x14<16
train,i_105_jpg.rf.03ad7decab7493eb69ee760cd142a6e3.jpg,i_105_jpg.rf.03ad7decab7493eb69ee760cd142a6e3_box00.jpg,286,198,105,52,0,Cataract,0.5345804195804196,0.5141919191919192,0.30363636363636365,0.2131818181818182,0.1,accepted,
train,i_1061_jpg.rf.49ee922843deed2b193b406ca974fd61.jpg,i_1061_jpg.rf.49ee922843deed2b193b406ca974fd61_box00.jpg,47,47,19,13,0,Cataract,0.5393617021276597,0.512127659574468,0.285531914893617,0.17127659574468088,0.1,rejected,min_resolution:19x13<16|min_area:247<256
train,i_1062_jpg.rf.46d3ab811adae758ce078b167d4dc375.jpg,i_1062_jpg.rf.46d3ab811adae758ce078b167d4dc375_box00.jpg,56,56,22,19,0,Cataract,0.5528571428571428,0.5083928571428571,0.3073214285714286,0.23767857142857143,0.1,accepted,
train,i_1064_jpg.rf.b6799b5243b8154aede6886de80be196.jpg,i_1064_jpg.rf.b6799b5243b8154aede6886de80be196_box00.jpg,42,42,15,14,0,Cataract,0.5633333333333334,0.5497619047619048,0.24071428571428571,0.19761904761904764,0.1,rejected,min_resolution:15x14<16|min_area:210<256
train,i_1066_jpg.rf.4f9e52e95e7cea690dbc8f2ab66207c7.jpg,i_1066_jpg.rf.4f9e52e95e7cea690dbc8f2ab66207c7_box00.jpg,46,46,18,15,0,Cataract,0.6084782608695651,0.5193478260869565,0.295,0.21956521739130433,0.1,rejected,min_resolution:18x15<16
train,i_1067_jpg.rf.bd83485ac5c7c6a3552100bfb92b83ca.jpg,i_1067_jpg.rf.bd83485ac5c7c6a3552100bfb92b83ca_box00.jpg,65,65,21,17,0,Cataract,0.5493846153846154,0.5326153846153846,0.23815384615384616,0.1926153846153846,0.1,accepted,
train,i_1068_jpg.rf.2e26cd9e6ae0947e8e9ee54f9f187a17.jpg,i_1068_jpg.rf.2e26cd9e6ae0947e8e9ee54f9f187a17_box00.jpg,47,47,17,15,0,Cataract,0.6514893617021277,0.522127659574468,0.26787234042553193,0.19319148936170213,0.1,rejected,min_resolution:17x15<16|min_area:255<256
train,i_1069_jpg.rf.9d470a18d5b45e2b3fdad87d6942e792.jpg,i_1069_jpg.rf.9d470a18d5b45e2b3fdad87d6942e792_box00.jpg,45,45,18,15,0,Cataract,0.5595555555555556,0.5253333333333333,0.29288888888888887,0.23155555555555554,0.1,rejected,min_resolution:18x15<16
train,i_106_jpg.rf.e23c8036333d507c4a0f29e12f9c6df8.jpg,i_106_jpg.rf.e23c8036333d507c4a0f29e12f9c6df8_box00.jpg,250,256,116,119,0,Cataract,0.56444,0.5141796875,0.38224,0.38421875,0.1,accepted,
train,i_1070_jpg.rf.726e9d0b6401509b1060f6c87e6a89eb.jpg,i_1070_jpg.rf.726e9d0b6401509b1060f6c87e6a89eb_box00.jpg,54,54,20,17,0,Cataract,0.5564814814814815,0.5127777777777778,0.29388888888888887,0.22574074074074074,0.1,accepted,
train,i_1071_jpg.rf.57105540b644b12219f059813b2a6e31.jpg,i_1071_jpg.rf.57105540b644b12219f059813b2a6e31_box00.jpg,50,50,18,17,0,Cataract,0.49479999999999996,0.5142,0.26239999999999997,0.2438,0.1,accepted,
train,i_1073_jpg.rf.08340ed93277b1b919e052da7ddd75c4.jpg,i_1073_jpg.rf.08340ed93277b1b919e052da7ddd75c4_box00.jpg,57,57,24,21,0,Cataract,0.5957894736842105,0.5052631578947369,0.3273684210526316,0.27543859649122804,0.1,accepted,
train,i_1074_jpg.rf.3cce8c41f38939105c5c4779b29db3dc.jpg,i_1074_jpg.rf.3cce8c41f38939105c5c4779b29db3dc_box00.jpg,57,57,23,20,0,Cataract,0.5708771929824561,0.5073684210526316,0.3212280701754386,0.26403508771929823,0.1,accepted,
train,i_1075_jpg.rf.612f79926cf4347f6e9957668276a67c.jpg,i_1075_jpg.rf.612f79926cf4347f6e9957668276a67c_box00.jpg,62,62,24,19,0,Cataract,0.5775806451612904,0.5222580645161291,0.3138709677419355,0.2364516129032258,0.1,accepted,
train,i_1077_jpg.rf.888e2eecdb8973e1c82e55ebe4baaacb.jpg,i_1077_jpg.rf.888e2eecdb8973e1c82e55ebe4baaacb_box00.jpg,59,59,23,21,0,Cataract,0.5957627118644068,0.5105084745762712,0.3050847457627119,0.2683050847457627,0.1,accepted,
train,i_1078_jpg.rf.9a6817a7636999c16d38ecd7973772fc.jpg,i_1078_jpg.rf.9a6817a7636999c16d38ecd7973772fc_box00.jpg,70,70,24,20,0,Cataract,0.5735714285714285,0.5197142857142858,0.264,0.21171428571428572,0.1,accepted,
train,i_1079_jpg.rf.8f26448cd4dfc4589b37bbaba665f49c.jpg,i_1079_jpg.rf.8f26448cd4dfc4589b37bbaba665f49c_box00.jpg,51,51,21,17,0,Cataract,0.4082352941176471,0.516078431372549,0.30941176470588233,0.22529411764705884,0.1,accepted,
train,i_107_jpg.rf.4d0a6780231637ad754e59883c6f5022.jpg,i_107_jpg.rf.4d0a6780231637ad754e59883c6f5022_box00.jpg,246,198,89,67,0,Cataract,0.53130081300813,0.4175757575757576,0.2966666666666667,0.27515151515151515,0.1,accepted,
train,i_1081_jpg.rf.ec250424ba9921be4e4540ea5fd7dc13.jpg,i_1081_jpg.rf.ec250424ba9921be4e4540ea5fd7dc13_box00.jpg,56,56,20,13,0,Cataract,0.5155357142857143,0.5119642857142858,0.25910714285714287,0.15017857142857144,0.1,rejected,min_resolution:20x13<16
train,i_1082_jpg.rf.97c313fb707fa28fe0dd3713d657d2d5.jpg,i_1082_jpg.rf.97c313fb707fa28fe0dd3713d657d2d5_box00.jpg,49,49,23,16,0,Cataract,0.5651020408163265,0.5083673469387755,0.37673469387755104,0.23510204081632652,0.1,accepted,
train,i_1083_jpg.rf.78af4784fb28db745fcb0d2d6e7c049a.jpg,i_1083_jpg.rf.78af4784fb28db745fcb0d2d6e7c049a_box00.jpg,53,53,22,19,0,Cataract,0.6052830188679245,0.4990566037735849,0.30924528301886794,0.2783018867924528,0.1,accepted,
train,i_1084_jpg.rf.ae9034a4bc74413d4ebe5ed257b390bf.jpg,i_1084_jpg.rf.ae9034a4bc74413d4ebe5ed257b390bf_box00.jpg,63,63,22,20,0,Cataract,0.5104761904761904,0.5371428571428571,0.2680952380952381,0.2415873015873016,0.1,accepted,
train,i_1085_jpg.rf.e7aa15fbeeffde2f270a55d17a936350.jpg,i_1085_jpg.rf.e7aa15fbeeffde2f270a55d17a936350_box00.jpg,51,51,22,19,0,Cataract,0.47411764705882353,0.5192156862745098,0.34156862745098043,0.2576470588235294,0.1,accepted,
train,i_1086_jpg.rf.8b1c012332da3e29f8448bdbf0640172.jpg,i_1086_jpg.rf.8b1c012332da3e29f8448bdbf0640172_box00.jpg,50,50,21,16,0,Cataract,0.6701999999999999,0.5466,0.3064,0.22399999999999998,0.1,accepted,
train,i_1087_jpg.rf.a69c2f081a529a1779e3935a72de2c8e.jpg,i_1087_jpg.rf.a69c2f081a529a1779e3935a72de2c8e_box00.jpg,56,56,19,16,0,Cataract,0.5435714285714286,0.50625,0.24160714285714285,0.19303571428571428,0.1,accepted,
train,i_1088_jpg.rf.c03ec0d86ff966a5457caf2ff8292c33.jpg,i_1088_jpg.rf.c03ec0d86ff966a5457caf2ff8292c33_box00.jpg,69,69,24,24,0,Cataract,0.527536231884058,0.5191304347826087,0.2734782608695652,0.2688405797101449,0.1,accepted,
train,i_1089_jpg.rf.719b6d2dee675177d3fba4b4e8159037.jpg,i_1089_jpg.rf.719b6d2dee675177d3fba4b4e8159037_box00.jpg,58,58,16,12,0,Cataract,0.5406896551724137,0.528448275862069,0.19327586206896552,0.11982758620689656,0.1,rejected,min_resolution:16x12<16|min_area:192<256
train,i_1091_jpg.rf.4789d9671c44827d4b0b6c35c45cdbd9.jpg,i_1091_jpg.rf.4789d9671c44827d4b0b6c35c45cdbd9_box00.jpg,55,55,22,19,0,Cataract,0.6554545454545454,0.5163636363636364,0.30818181818181817,0.2567272727272727,0.1,accepted,
train,i_1092_jpg.rf.01af9a217182a2699836662be6442d4e.jpg,i_1092_jpg.rf.01af9a217182a2699836662be6442d4e_box00.jpg,68,68,21,18,0,Cataract,0.595735294117647,0.525,0.23544117647058826,0.18691176470588236,0.1,accepted,
train,i_1093_jpg.rf.bfefd8d74807fdca23c837368fa07cad.jpg,i_1093_jpg.rf.bfefd8d74807fdca23c837368fa07cad_box00.jpg,59,59,23,20,0,Cataract,0.5798305084745763,0.5222033898305084,0.29898305084745763,0.2552542372881356,0.1,accepted,
train,i_1094_jpg.rf.98678401f2f1cc7d3f7a6153b9c0a59f.jpg,i_1094_jpg.rf.98678401f2f1cc7d3f7a6153b9c0a59f_box00.jpg,64,64,24,21,0,Cataract,0.56734375,0.5115625,0.30125,0.24359375,0.1,accepted,
train,i_1096_jpg.rf.c026dfc187ae9d56d5bd9859ea40bac9.jpg,i_1096_jpg.rf.c026dfc187ae9d56d5bd9859ea40bac9_box00.jpg,53,53,23,18,0,Cataract,0.5988679245283018,0.5216981132075471,0.34320754716981133,0.239811320754717,0.1,accepted,
train,i_1097_jpg.rf.066a7d676cf8a65de929766c66579f74.jpg,i_1097_jpg.rf.066a7d676cf8a65de929766c66579f74_box00.jpg,63,63,21,20,0,Cataract,0.4488888888888889,0.4642857142857143,0.2523809523809524,0.24507936507936506,0.1,accepted,
train,i_1098_jpg.rf.6a97764c7791860a83b49864082a1b25.jpg,i_1098_jpg.rf.6a97764c7791860a83b49864082a1b25_box00.jpg,59,59,23,18,0,Cataract,0.5510169491525423,0.5069491525423729,0.293728813559322,0.2194915254237288,0.1,accepted,
train,i_1099_jpg.rf.eddd3f6ba4fc9a1805c44fc405225694.jpg,i_1099_jpg.rf.eddd3f6ba4fc9a1805c44fc405225694_box00.jpg,46,46,21,17,0,Cataract,0.6421739130434783,0.4926086956521739,0.33608695652173914,0.2728260869565218,0.1,accepted,
train,i_109_jpg.rf.1e9aa1c0dfbdf1c9f9f6fb1fa3ace219.jpg,i_109_jpg.rf.1e9aa1c0dfbdf1c9f9f6fb1fa3ace219_box00.jpg,421,287,121,108,0,Cataract,0.5021615201900237,0.45634146341463416,0.23691211401425177,0.31052264808362373,0.1,accepted,
train,i_10_jpg.rf.d657c0a43c43d2e9b25443ed237137cf.jpg,i_10_jpg.rf.d657c0a43c43d2e9b25443ed237137cf_box00.jpg,159,145,45,33,0,Cataract,0.5362264150943397,0.4869655172413793,0.23062893081761007,0.1870344827586207,0.1,accepted,
train,i_1101_jpg.rf.c9d8d22a5ff30154c29812a61d936903.jpg,i_1101_jpg.rf.c9d8d22a5ff30154c29812a61d936903_box00.jpg,70,70,24,22,0,Cataract,0.5411428571428571,0.534,0.277,0.24557142857142858,0.1,accepted,
train,i_1106_jpg.rf.1e62155dfc7738efdf7a1a15a57e31ba.jpg,i_1106_jpg.rf.1e62155dfc7738efdf7a1a15a57e31ba_box00.jpg,53,53,21,16,0,Cataract,0.48037735849056606,0.5283018867924528,0.3109433962264151,0.21622641509433965,0.1,accepted,
train,i_1107_jpg.rf.871629c72adbde31175827cf89cb9f68.jpg,i_1107_jpg.rf.871629c72adbde31175827cf89cb9f68_box00.jpg,54,54,21,17,0,Cataract,0.48777777777777775,0.5027777777777778,0.29203703703703704,0.2212962962962963,0.1,accepted,
train,i_1108_jpg.rf.832a44de95e59a588393d87bbf26de93.jpg,i_1108_jpg.rf.832a44de95e59a588393d87bbf26de93_box00.jpg,70,70,21,18,0,Cataract,0.5497142857142857,0.5175714285714286,0.22857142857142856,0.19185714285714286,0.1,accepted,
train,i_1109_jpg.rf.ff8e61cc1e93995f1d4abf179ef568ab.jpg,i_1109_jpg.rf.ff8e61cc1e93995f1d4abf179ef568ab_box00.jpg,60,60,23,19,0,Cataract,0.4965,0.5228333333333334,0.30033333333333334,0.24183333333333332,0.1,accepted,
train,i_110_jpg.rf.16982457635f54bd7b720d02ad517aa7.jpg,i_110_jpg.rf.16982457635f54bd7b720d02ad517aa7_box00.jpg,345,283,145,116,0,Cataract,0.5168985507246378,0.3990106007067138,0.3492173913043478,0.33699646643109543,0.1,accepted,
train,i_1110_jpg.rf.22d2ed96d64aaaaaf9e476fb00bcc32e.jpg,i_1110_jpg.rf.22d2ed96d64aaaaaf9e476fb00bcc32e_box00.jpg,45,45,22,17,0,Cataract,0.5768888888888889,0.4986666666666667,0.3624444444444444,0.2846666666666667,0.1,accepted,
train,i_1113_jpg.rf.6cba8c20b9f075628bc8c109d6e7e165.jpg,i_1113_jpg.rf.6cba8c20b9f075628bc8c109d6e7e165_box00.jpg,59,59,22,20,0,Cataract,0.5745762711864406,0.5247457627118645,0.28864406779661017,0.26033898305084746,0.1,accepted,
train,i_1115_jpg.rf.a668e2a9bca6d316df89af52a97986f1.jpg,i_1115_jpg.rf.a668e2a9bca6d316df89af52a97986f1_box00.jpg,66,66,22,19,0,Cataract,0.5590909090909091,0.5227272727272727,0.2507575757575758,0.19727272727272727,0.1,accepted,
train,i_1116_jpg.rf.fed1dd30cb06069c1b17b5a84e7c57c5.jpg,i_1116_jpg.rf.fed1dd30cb06069c1b17b5a84e7c57c5_box00.jpg,54,54,21,17,0,Cataract,0.6885185185185185,0.5640740740740741,0.2974074074074074,0.22407407407407406,0.1,accepted,
train,i_1118_jpg.rf.4e2509fca29d008ebbc924cad3540b4e.jpg,i_1118_jpg.rf.4e2509fca29d008ebbc924cad3540b4e_box00.jpg,57,57,22,19,0,Cataract,0.5080701754385966,0.5029824561403509,0.3142105263157895,0.24491228070175441,0.1,accepted,
train,i_1119_jpg.rf.aec7e4ca0b4bebd0e9356d83639aaed2.jpg,i_1119_jpg.rf.aec7e4ca0b4bebd0e9356d83639aaed2_box00.jpg,54,54,21,19,0,Cataract,0.5059259259259259,0.5237037037037037,0.3077777777777778,0.2525925925925926,0.1,accepted,
train,i_1120_jpg.rf.c8aa14abf46a5b0222fc3c20d6b3bc74.jpg,i_1120_jpg.rf.c8aa14abf46a5b0222fc3c20d6b3bc74_box00.jpg,54,54,22,19,0,Cataract,0.6111111111111112,0.5205555555555555,0.29907407407407405,0.26222222222222225,0.1,accepted,
train,i_1122_jpg.rf.84f1dc9ef21e62d53a2f48a756fd815f.jpg,i_1122_jpg.rf.84f1dc9ef21e62d53a2f48a756fd815f_box00.jpg,61,61,23,17,0,Cataract,0.5529508196721311,0.5501639344262296,0.29409836065573774,0.20868852459016393,0.1,accepted,
train,i_1123_jpg.rf.52c8fc24e95a8e26ed3b32009019c50c.jpg,i_1123_jpg.rf.52c8fc24e95a8e26ed3b32009019c50c_box00.jpg,57,57,23,19,0,Cataract,0.5542105263157895,0.5375438596491228,0.31245614035087715,0.23526315789473684,0.1,accepted,
train,i_1126_jpg.rf.b85a7d4df95804c72583f3e305ecd6af.jpg,i_1126_jpg.rf.b85a7d4df95804c72583f3e305ecd6af_box00.jpg,70,70,26,21,0,Cataract,0.5108571428571428,0.5132857142857142,0.29957142857142854,0.2282857142857143,0.1,accepted,
train,i_1127_jpg.rf.f744df4fd2008512583e9f8c35e05677.jpg,i_1127_jpg.rf.f744df4fd2008512583e9f8c35e05677_box00.jpg,80,80,29,22,0,Cataract,0.671875,0.50975,0.28650000000000003,0.21925,0.1,accepted,
train,i_1128_jpg.rf.a19ff75dc85e2ba3220fbf38770d061d.jpg,i_1128_jpg.rf.a19ff75dc85e2ba3220fbf38770d061d_box00.jpg,49,49,20,18,0,Cataract,0.6095918367346939,0.5306122448979592,0.31918367346938775,0.253469387755102,0.1,accepted,
train,i_112_jpg.rf.5a2b4139767dcfc45360794ac1a1d501.jpg,i_112_jpg.rf.5a2b4139767dcfc45360794ac1a1d501_box00.jpg,349,211,118,63,0,Cataract,0.5186819484240688,0.3596208530805687,0.2775071633237822,0.2453080568720379,0.1,accepted,
train,i_1132_jpg.rf.b8f9e0b75335146f0709d20f0f38d078.jpg,i_1132_jpg.rf.b8f9e0b75335146f0709d20f0f38d078_box00.jpg,56,56,20,18,0,Cataract,0.5357142857142857,0.5351785714285714,0.26785714285714285,0.22285714285714286,0.1,accepted,
train,i_1133_jpg.rf.034128928deb1cbeed737b43bbdab590.jpg,i_1133_jpg.rf.034128928deb1cbeed737b43bbdab590_box00.jpg,52,52,20,16,0,Cataract,0.5596153846153846,0.48538461538461536,0.2928846153846154,0.21538461538461537,0.1,accepted,
train,i_1134_jpg.rf.605b2d1edc36a9d67afa5c362894c803.jpg,i_1134_jpg.rf.605b2d1edc36a9d67afa5c362894c803_box00.jpg,55,55,24,19,0,Cataract,0.6332727272727272,0.5192727272727272,0.34199999999999997,0.268,0.1,accepted,
train,i_1135_jpg.rf.5a4d6551803101fa42c35f207390c5c6.jpg,i_1135_jpg.rf.5a4d6551803101fa42c35f207390c5c6_box00.jpg,61,61,20,17,0,Cataract,0.5890163934426229,0.5124590163934426,0.2359016393442623,0.1904918032786885,0.1,accepted,
train,i_1137_jpg.rf.98f8d910ac493504dc29d8cc92afc307.jpg,i_1137_jpg.rf.98f8d910ac493504dc29d8cc92afc307_box00.jpg,54,54,22,18,0,Cataract,0.6120370370370369,0.5140740740740741,0.3007407407407407,0.23351851851851851,0.1,accepted,
train,i_113_jpg.rf.93dd96b9b6ca6076e02e01f2c0e19458.jpg,i_113_jpg.rf.93dd96b9b6ca6076e02e01f2c0e19458_box00.jpg,355,269,191,190,0,Cataract,0.45171830985915495,0.40122676579925654,0.4446760563380282,0.5829739776951672,0.1,accepted,
train,i_1140_jpg.rf.d61f0987c4f1e923910bf534ed218892.jpg,i_1140_jpg.rf.d61f0987c4f1e923910bf534ed218892_box00.jpg,48,48,21,17,0,Cataract,0.59375,0.4916666666666667,0.3177083333333333,0.25229166666666664,0.1,accepted,
train,i_1141_jpg.rf.f68607580ea0f504587322701dbc4b2f.jpg,i_1141_jpg.rf.f68607580ea0f504587322701dbc4b2f_box00.jpg,49,49,20,16,0,Cataract,0.5773469387755101,0.4904081632653061,0.30693877551020404,0.22551020408163266,0.1,accepted,
train,i_1142_jpg.rf.7c7718e61bf5b815c5b2427f3b3e3d52.jpg,i_1142_jpg.rf.7c7718e61bf5b815c5b2427f3b3e3d52_box00.jpg,56,56,22,20,0,Cataract,0.5496428571428572,0.5008928571428571,0.30642857142857144,0.28071428571428575,0.1,accepted,
train,i_1143_jpg.rf.5dbfe378a87089d6cf9de747a3fa50f2.jpg,i_1143_jpg.rf.5dbfe378a87089d6cf9de747a3fa50f2_box00.jpg,46,46,21,17,0,Cataract,0.4941304347826087,0.4743478260869565,0.3491304347826087,0.26065217391304346,0.1,accepted,
train,i_1144_jpg.rf.a4f214fe2b9b48378fb651408a79c83c.jpg,i_1144_jpg.rf.a4f214fe2b9b48378fb651408a79c83c_box00.jpg,56,56,22,21,0,Cataract,0.5519642857142857,0.5071428571428571,0.31607142857142856,0.28589285714285717,0.1,accepted,
train,i_1145_jpg.rf.e1b2f20ce4b7b770953ae2c7e2eabbba.jpg,i_1145_jpg.rf.e1b2f20ce4b7b770953ae2c7e2eabbba_box00.jpg,41,41,14,12,0,Cataract,0.6141463414634146,0.511219512195122,0.22634146341463413,0.17097560975609755,0.1,rejected,min_resolution:14x12<16|min_area:168<256
train,i_1146_jpg.rf.4c53e547e80ddd96ac178c192eaea29e.jpg,i_1146_jpg.rf.4c53e547e80ddd96ac178c192eaea29e_box00.jpg,58,58,24,18,0,Cataract,0.7279310344827586,0.5027586206896552,0.32741379310344826,0.22,0.1,accepted,
train,i_1147_jpg.rf.63ae93c6dbabed6413cb95133a53563a.jpg,i_1147_jpg.rf.63ae93c6dbabed6413cb95133a53563a_box00.jpg,67,67,25,20,0,Cataract,0.4856716417910448,0.5535820895522389,0.2853731343283582,0.231044776119403,0.1,accepted,
train,i_1149_jpg.rf.64a1d04947716d8bbb176823909144ec.jpg,i_1149_jpg.rf.64a1d04947716d8bbb176823909144ec_box00.jpg,49,49,20,16,0,Cataract,0.5528571428571428,0.5491836734693878,0.303469387755102,0.22285714285714286,0.1,accepted,
train,i_1150_jpg.rf.af855b315c9dff9957ef389493089876.jpg,i_1150_jpg.rf.af855b315c9dff9957ef389493089876_box00.jpg,45,45,19,15,0,Cataract,0.6331111111111111,0.5271111111111111,0.3302222222222222,0.2211111111111111,0.1,rejected,min_resolution:19x15<16
train,i_1151_jpg.rf.672ad8e80d8952d1cf5c811596cdccb4.jpg,i_1151_jpg.rf.672ad8e80d8952d1cf5c811596cdccb4_box00.jpg,56,56,22,18,0,Cataract,0.5728571428571428,0.49660714285714286,0.3055357142857143,0.24035714285714288,0.1,accepted,
train,i_1152_jpg.rf.12bba427d9a3ddcfb0b82d58c8a66fb0.jpg,i_1152_jpg.rf.12bba427d9a3ddcfb0b82d58c8a66fb0_box00.jpg,62,62,23,18,0,Cataract,0.6472580645161291,0.4719354838709678,0.29225806451612907,0.2085483870967742,0.1,accepted,
train,i_1154_jpg.rf.19261c2eaea97abdd420260a8bc8de6f.jpg,i_1154_jpg.rf.19261c2eaea97abdd420260a8bc8de6f_box00.jpg,50,50,18,15,0,Cataract,0.5732,0.5418,0.258,0.19879999999999998,0.1,rejected,min_resolution:18x15<16
train,i_1155_jpg.rf.3a2ef209ff03754f69ba9b7b6785f564.jpg,i_1155_jpg.rf.3a2ef209ff03754f69ba9b7b6785f564_box00.jpg,59,59,21,17,0,Cataract,0.5798305084745763,0.5191525423728813,0.2676271186440678,0.2125423728813559,0.1,accepted,
train,i_1156_jpg.rf.60c528465cff4d783cb1a346bca1dd86.jpg,i_1156_jpg.rf.60c528465cff4d783cb1a346bca1dd86_box00.jpg,63,63,23,17,0,Cataract,0.5785714285714286,0.5153968253968254,0.28793650793650793,0.20174603174603176,0.1,accepted,
train,i_1157_jpg.rf.45399986d9e0d3e7313bc6b2b05c7d45.jpg,i_1157_jpg.rf.45399986d9e0d3e7313bc6b2b05c7d45_box00.jpg,55,55,23,18,0,Cataract,0.6081818181818183,0.524,0.3332727272727272,0.24127272727272728,0.1,accepted,
train,i_1158_jpg.rf.a7a3cc03be024a3c181b8d6a5ad266c6.jpg,i_1158_jpg.rf.a7a3cc03be024a3c181b8d6a5ad266c6_box00.jpg,49,49,20,17,0,Cataract,0.5726530612244898,0.523469387755102,0.32346938775510203,0.25,0.1,accepted,
train,i_1159_jpg.rf.ceda8f3a337b5fd964f926047d9fa5e8.jpg,i_1159_jpg.rf.ceda8f3a337b5fd964f926047d9fa5e8_box00.jpg,54,54,18,15,0,Cataract,0.552962962962963,0.45925925925925926,0.2348148148148148,0.1864814814814815,0.1,rejected,min_resolution:18x15<16
train,i_115_jpg.rf.2efef896a11ceb85d1158a9b3af9f751.jpg,i_115_jpg.rf.2efef896a11ceb85d1158a9b3af9f751_box00.jpg,345,237,125,82,0,Cataract,0.5313913043478261,0.400210970464135,0.29831884057971014,0.28527426160337555,0.1,accepted,
train,i_1162_jpg.rf.1884908143f6bb2524a98fed46349c27.jpg,i_1162_jpg.rf.1884908143f6bb2524a98fed46349c27_box00.jpg,64,64,21,21,0,Cataract,0.43921875,0.53765625,0.24828125,0.24015625,0.1,accepted,
train,i_1163_jpg.rf.c088f3c82a28ada3a0dba2eb8a8cd298.jpg,i_1163_jpg.rf.c088f3c82a28ada3a0dba2eb8a8cd298_box00.jpg,57,57,22,19,0,Cataract,0.5145614035087719,0.5340350877192983,0.30105263157894735,0.23877192982456139,0.1,accepted,
train,i_1167_jpg.rf.5f54fa5db375b6aff6a88c7e3ab9c191.jpg,i_1167_jpg.rf.5f54fa5db375b6aff6a88c7e3ab9c191_box00.jpg,50,50,21,17,0,Cataract,0.5948,0.5146000000000001,0.3186,0.23260000000000003,0.1,accepted,
train,i_1170_jpg.rf.425597eee85c51b19287e4c9f8030bd6.jpg,i_1170_jpg.rf.425597eee85c51b19287e4c9f8030bd6_box00.jpg,61,61,22,20,0,Cataract,0.5347540983606557,0.5216393442622951,0.2783606557377049,0.2555737704918033,0.1,accepted,
train,i_1171_jpg.rf.91d710a891253640aa1909dea83de228.jpg,i_1171_jpg.rf.91d710a891253640aa1909dea83de228_box00.jpg,55,55,22,20,0,Cataract,0.5827272727272726,0.5089090909090909,0.2978181818181818,0.27836363636363637,0.1,accepted,
train,i_1172_jpg.rf.7e47c6a099c349c6678820e378f35105.jpg,i_1172_jpg.rf.7e47c6a099c349c6678820e378f35105_box00.jpg,51,51,20,18,0,Cataract,0.6064705882352941,0.49607843137254903,0.2858823529411765,0.24803921568627452,0.1,accepted,
train,i_1173_jpg.rf.f0199d8bd15d1563a53f813d5bf973ec.jpg,i_1173_jpg.rf.f0199d8bd15d1563a53f813d5bf973ec_box00.jpg,54,54,21,15,0,Cataract,0.49203703703703705,0.4824074074074074,0.2974074074074074,0.18574074074074073,0.1,rejected,min_resolution:21x15<16
train,i_1174_jpg.rf.0ee85f508adb68bbbee3e474d90bc061.jpg,i_1174_jpg.rf.0ee85f508adb68bbbee3e474d90bc061_box00.jpg,55,55,21,18,0,Cataract,0.5116363636363637,0.4938181818181818,0.2909090909090909,0.23254545454545453,0.1,accepted,
train,i_1177_jpg.rf.90cca3d2e2150e9998697258796668b3.jpg,i_1177_jpg.rf.90cca3d2e2150e9998697258796668b3_box00.jpg,56,56,20,12,0,Cataract,0.5860714285714286,0.5158928571428572,0.2792857142857143,0.13178571428571428,0.1,rejected,min_resolution:20x12<16|min_area:240<256
train,i_1178_jpg.rf.d2a09c2f6368dd8e3f24e81fad1e340a.jpg,i_1178_jpg.rf.d2a09c2f6368dd8e3f24e81fad1e340a_box00.jpg,48,48,20,11,0,Cataract,0.5677083333333334,0.49145833333333333,0.3072916666666667,0.13770833333333335,0.1,rejected,min_resolution:20x11<16|min_area:220<256
train,i_1179_jpg.rf.ce35440a8e4106cde87cfb8af439836f.jpg,i_1179_jpg.rf.ce35440a8e4106cde87cfb8af439836f_box00.jpg,54,54,13,13,0,Cataract,0.9003703703703704,0.4975925925925926,0.19925925925925925,0.1448148148148148,0.1,rejected,min_resolution:13x13<16|min_area:169<256
train,i_117_jpg.rf.c7a8629ef8f2184ce8f7549cfaebe94e.jpg,i_117_jpg.rf.c7a8629ef8f2184ce8f7549cfaebe94e_box00.jpg,329,231,134,123,0,Cataract,0.4589057750759878,0.4484415584415585,0.33495440729483283,0.4419047619047619,0.1,accepted,
train,i_1180_jpg.rf.c428e9ecb591af56e530bf585daa1427.jpg,i_1180_jpg.rf.c428e9ecb591af56e530bf585daa1427_box00.jpg,56,56,21,13,0,Cataract,0.6232142857142857,0.4930357142857143,0.28535714285714286,0.14928571428571427,0.1,rejected,min_resolution:21x13<16
train,i_1181_jpg.rf.59e6efebadd2f69713f34114f9730550.jpg,i_1181_jpg.rf.59e6efebadd2f69713f34114f9730550_box00.jpg,55,55,19,15,0,Cataract,0.5325454545454545,0.4894545454545455,0.2598181818181818,0.18236363636363634,0.1,rejected,min_resolution:19x15<16
train,i_1182_jpg.rf.c2d945866156ec820b613f5e1163d379.jpg,i_1182_jpg.rf.c2d945866156ec820b613f5e1163d379_box00.jpg,62,62,23,18,0,Cataract,0.4803225806451613,0.5196774193548387,0.29661290322580647,0.21032258064516127,0.1,accepted,
train,i_1183_jpg.rf.9e3c4ae96d6ac66041cc2e0bdca4e9a0.jpg,i_1183_jpg.rf.9e3c4ae96d6ac66041cc2e0bdca4e9a0_box00.jpg,61,61,23,18,0,Cataract,0.5798360655737704,0.49295081967213117,0.2854098360655738,0.21901639344262294,0.1,accepted,
train,i_1185_jpg.rf.f927c8d0a2064cb8bf7cf38f1ae513d3.jpg,i_1185_jpg.rf.f927c8d0a2064cb8bf7cf38f1ae513d3_box00.jpg,54,54,21,15,0,Cataract,0.5772222222222223,0.4905555555555555,0.29388888888888887,0.19703703703703704,0.1,rejected,min_resolution:21x15<16
train,i_1186_jpg.rf.404d6ab1a646ae600ea4d93fd8d70aea.jpg,i_1186_jpg.rf.404d6ab1a646ae600ea4d93fd8d70aea_box00.jpg,56,56,23,17,0,Cataract,0.6201785714285714,0.4957142857142857,0.31607142857142856,0.20714285714285713,0.1,accepted,
train,i_1187_jpg.rf.4e085eb295ea6ff673a3380678f186eb.jpg,i_1187_jpg.rf.4e085eb295ea6ff673a3380678f186eb_box00.jpg,63,63,23,20,0,Cataract,0.6106349206349206,0.525079365079365,0.2896825396825397,0.23126984126984126,0.1,accepted,
train,i_1188_jpg.rf.1dfb228fd43c10714729761183aa92fb.jpg,i_1188_jpg.rf.1dfb228fd43c10714729761183aa92fb_box00.jpg,62,62,21,16,0,Cataract,0.6195161290322581,0.532258064516129,0.2609677419354839,0.1817741935483871,0.1,accepted,
train,i_118_jpg.rf.83da45de695b0d97b097c489a4b0913a.jpg,i_118_jpg.rf.83da45de695b0d97b097c489a4b0913a_box00.jpg,175,169,61,41,0,Cataract,0.5052,0.5550887573964497,0.28491428571428573,0.19775147928994083,0.1,accepted,
train,i_1190_jpg.rf.08a4b262b05e84670ccec2f58b83ab9d.jpg,i_1190_jpg.rf.08a4b262b05e84670ccec2f58b83ab9d_box00.jpg,52,52,22,14,0,Cataract,0.49596153846153845,0.5221153846153845,0.33,0.1798076923076923,0.1,rejected,min_resolution:22x14<16
train,i_1193_jpg.rf.f69af4bfdf24a1689d4b2f5a8011002e.jpg,i_1193_jpg.rf.f69af4bfdf24a1689d4b2f5a8011002e_box00.jpg,50,50,19,16,0,Cataract,0.5078,0.496,0.278,0.2212,0.1,accepted,
train,i_1195_jpg.rf.27d987435f46a939bd4848928c224874.jpg,i_1195_jpg.rf.27d987435f46a939bd4848928c224874_box00.jpg,51,51,22,18,0,Cataract,0.5486274509803921,0.5109803921568628,0.31803921568627447,0.24627450980392157,0.1,accepted,
train,i_1196_jpg.rf.d6161a2fa637af900de90ad9b7137207.jpg,i_1196_jpg.rf.d6161a2fa637af900de90ad9b7137207_box00.jpg,66,66,24,20,0,Cataract,0.5904545454545455,0.5139393939393939,0.29257575757575754,0.2146969696969697,0.1,accepted,
train,i_1197_jpg.rf.0b4b63b4d65dfc11f97d080590ce6fb0.jpg,i_1197_jpg.rf.0b4b63b4d65dfc11f97d080590ce6fb0_box00.jpg,62,62,19,14,0,Cataract,0.47338709677419355,0.49935483870967745,0.22370967741935482,0.15403225806451615,0.1,rejected,min_resolution:19x14<16
train,i_1198_jpg.rf.f68f58297015213c50e24d9d509a81a7.jpg,i_1198_jpg.rf.f68f58297015213c50e24d9d509a81a7_box00.jpg,56,56,19,15,0,Cataract,0.5453571428571429,0.5096428571428572,0.2555357142857143,0.17214285714285715,0.1,rejected,min_resolution:19x15<16
train,i_1199_jpg.rf.9cfa4dbd6d0fa6710f65941304ba3cab.jpg,i_1199_jpg.rf.9cfa4dbd6d0fa6710f65941304ba3cab_box00.jpg,71,71,24,18,0,Cataract,0.5433802816901409,0.5197183098591549,0.26774647887323944,0.18746478873239436,0.1,accepted,
train,i_11_jpg.rf.a91a1d8e6bb327078d8bd92dc632922a.jpg,i_11_jpg.rf.a91a1d8e6bb327078d8bd92dc632922a_box00.jpg,223,159,84,70,0,Cataract,0.4926457399103139,0.5147798742138364,0.3089237668161435,0.35867924528301887,0.1,accepted,
train,i_1200_jpg.rf.ce6be9bb42e48701216873aeee0e5c08.jpg,i_1200_jpg.rf.ce6be9bb42e48701216873aeee0e5c08_box00.jpg,62,62,25,21,0,Cataract,0.5879032258064517,0.5232258064516129,0.327741935483871,0.2485483870967742,0.1,accepted,
train,i_1203_jpg.rf.2abe6a1744abff1acd29903444fe9b22.jpg,i_1203_jpg.rf.2abe6a1744abff1acd29903444fe9b22_box00.jpg,61,61,25,18,0,Cataract,0.549016393442623,0.4908196721311476,0.3226229508196721,0.19918032786885245,0.1,accepted,
train,i_1204_jpg.rf.9256f07b6b32932f03be1e289726bf89.jpg,i_1204_jpg.rf.9256f07b6b32932f03be1e289726bf89_box00.jpg,51,51,22,15,0,Cataract,0.5105882352941177,0.5003921568627451,0.3311764705882353,0.21490196078431376,0.1,rejected,min_resolution:22x15<16
train,i_1205_jpg.rf.79d4bfcff0bf59fab0f5871bd1c35d95.jpg,i_1205_jpg.rf.79d4bfcff0bf59fab0f5871bd1c35d95_box00.jpg,51,51,22,17,0,Cataract,0.4919607843137255,0.4831372549019608,0.33019607843137255,0.2427450980392157,0.1,accepted,
train,i_1206_jpg.rf.c4d356ddd67b5ca26d94c3ed9d52c509.jpg,i_1206_jpg.rf.c4d356ddd67b5ca26d94c3ed9d52c509_box00.jpg,63,63,22,15,0,Cataract,0.5065079365079365,0.5007936507936508,0.2584126984126984,0.16174603174603175,0.1,rejected,min_resolution:22x15<16
train,i_1207_jpg.rf.0c210145cb527a319e6c3a26a63b595f.jpg,i_1207_jpg.rf.0c210145cb527a319e6c3a26a63b595f_box00.jpg,65,65,22,15,0,Cataract,0.5058461538461538,0.5173846153846154,0.266,0.15692307692307692,0.1,rejected,min_resolution:22x15<16
train,i_1208_jpg.rf.e646228d9a7782ea99a00ae395dc0c3e.jpg,i_1208_jpg.rf.e646228d9a7782ea99a00ae395dc0c3e_box00.jpg,63,63,23,18,0,Cataract,0.5888888888888889,0.5076190476190476,0.28793650793650793,0.2173015873015873,0.1,accepted,
train,i_120_jpg.rf.8aec873b5da775ec922a4dd4552c7f90.jpg,i_120_jpg.rf.8aec873b5da775ec922a4dd4552c7f90_box00.jpg,251,176,124,114,0,Cataract,0.4708366533864542,0.46602272727272726,0.4092828685258964,0.5343181818181818,0.1,accepted,
train,i_1211_jpg.rf.946662fd7f91ed48ace267a4bfa61764.jpg,i_1211_jpg.rf.946662fd7f91ed48ace267a4bfa61764_box00.jpg,81,81,21,15,0,Cataract,0.5577777777777778,0.6472839506172839,0.19617283950617284,0.12135802469135802,0.1,rejected,min_resolution:21x15<16
train,i_1212_jpg.rf.e3b1c2203bb61c1a661129fb6475a997.jpg,i_1212_jpg.rf.e3b1c2203bb61c1a661129fb6475a997_box00.jpg,68,68,24,16,0,Cataract,0.6030882352941176,0.5307352941176471,0.27308823529411763,0.16161764705882353,0.1,accepted,
train,i_1213_jpg.rf.41c35daee789ed8b1675241aa2f1a390.jpg,i_1213_jpg.rf.41c35daee789ed8b1675241aa2f1a390_box00.jpg,61,61,23,18,0,Cataract,0.5547540983606558,0.5019672131147541,0.29754098360655734,0.21131147540983608,0.1,accepted,
train,i_1215_jpg.rf.50553a406891d93bd94d623eb0fe635b.jpg,i_1215_jpg.rf.50553a406891d93bd94d623eb0fe635b_box00.jpg,49,49,20,15,0,Cataract,0.5922448979591837,0.4987755102040817,0.2946938775510204,0.20551020408163265,0.1,rejected,min_resolution:20x15<16
train,i_1216_jpg.rf.645e982c7aae3ad453d3521f398de5d9.jpg,i_1216_jpg.rf.645e982c7aae3ad453d3521f398de5d9_box00.jpg,52,52,20,18,0,Cataract,0.5340384615384616,0.52,0.2988461538461538,0.23961538461538462,0.1,accepted,
train,i_1218_jpg.rf.08e75c9265d4a88f3279864ec490f1ae.jpg,i_1218_jpg.rf.08e75c9265d4a88f3279864ec490f1ae_box00.jpg,57,57,21,20,0,Cataract,0.6157894736842106,0.522280701754386,0.2836842105263158,0.25894736842105265,0.1,accepted,
train,i_121_jpg.rf.91ab4336772b63c2bb765fe4673e7687.jpg,i_121_jpg.rf.91ab4336772b63c2bb765fe4673e7687_box00.jpg,268,222,125,114,0,Cataract,0.47115671641791046,0.4882882882882883,0.38485074626865673,0.42364864864864865,0.1,accepted,
train,i_1221_jpg.rf.9aa473484e6f7fbc45f8c6a292d1b364.jpg,i_1221_jpg.rf.9aa473484e6f7fbc45f8c6a292d1b364_box00.jpg,62,62,25,21,0,Cataract,0.525483870967742,0.5191935483870967,0.3174193548387097,0.25629032258064516,0.1,accepted,
train,i_1223_jpg.rf.369d3b5a63f38f8260b99d4b7bf5df2b.jpg,i_1223_jpg.rf.369d3b5a63f38f8260b99d4b7bf5df2b_box00.jpg,60,60,20,18,0,Cataract,0.6168333333333333,0.5201666666666667,0.26483333333333337,0.21583333333333332,0.1,accepted,
train,i_1224_jpg.rf.e07cc5fae951bd5ae792b736c3c3e979.jpg,i_1224_jpg.rf.e07cc5fae951bd5ae792b736c3c3e979_box00.jpg,59,59,22,17,0,Cataract,0.47406779661016946,0.52,0.2911864406779661,0.19338983050847458,0.1,accepted,
train,i_1225_jpg.rf.29ffe5ebe57aed3bdd291ad23cb5188d.jpg,i_1225_jpg.rf.29ffe5ebe57aed3bdd291ad23cb5188d_box00.jpg,52,52,21,17,0,Cataract,0.525,0.4926923076923077,0.3171153846153846,0.2351923076923077,0.1,accepted,
train,i_1227_jpg.rf.157f2640033edb9758266e9b5658f9af.jpg,i_1227_jpg.rf.157f2640033edb9758266e9b5658f9af_box00.jpg,59,59,19,17,0,Cataract,0.5476271186440679,0.5174576271186441,0.24169491525423728,0.19864406779661017,0.1,accepted,
train,i_1228_jpg.rf.61ff8ef14cbffcd4eebaef0bb83c3920.jpg,i_1228_jpg.rf.61ff8ef14cbffcd4eebaef0bb83c3920_box00.jpg,60,60,21,18,0,Cataract,0.5890000000000001,0.5315,0.27166666666666667,0.21066666666666667,0.1,accepted,
train,i_1229_jpg.rf.086db84ba63fce49d6222182153cdd89.jpg,i_1229_jpg.rf.086db84ba63fce49d6222182153cdd89_box00.jpg,57,57,20,17,0,Cataract,0.5970175438596491,0.5003508771929824,0.25140350877192985,0.2082456140350877,0.1,accepted,
train,i_122_jpg.rf.f3bb99af448fd992c75952f75b678940.jpg,i_122_jpg.rf.f3bb99af448fd992c75952f75b678940_box00.jpg,388,224,242,171,0,Cataract,0.5131958762886598,0.5150446428571429,0.5189948453608247,0.6344196428571429,0.1,accepted,
train,i_1230_jpg.rf.fce66185832213733c2b6dd107156346.jpg,i_1230_jpg.rf.fce66185832213733c2b6dd107156346_box00.jpg,66,66,20,18,0,Cataract,0.6801515151515152,0.49878787878787884,0.23166666666666666,0.1859090909090909,0.1,accepted,
train,i_1232_jpg.rf.fd16a06b2d9e96f0e55d3fb8232b821d.jpg,i_1232_jpg.rf.fd16a06b2d9e96f0e55d3fb8232b821d_box00.jpg,55,55,23,16,0,Cataract,0.5519999999999999,0.5070909090909091,0.31436363636363635,0.21254545454545454,0.1,accepted,
train,i_1233_jpg.rf.b0e694a3f67498805f51aaafdc654749.jpg,i_1233_jpg.rf.b0e694a3f67498805f51aaafdc654749_box00.jpg,52,52,22,19,0,Cataract,0.5842307692307692,0.5278846153846154,0.33,0.2586538461538461,0.1,accepted,
train,i_1236_jpg.rf.5d5b835c5f5cddce80732ec0d7b20054.jpg,i_1236_jpg.rf.5d5b835c5f5cddce80732ec0d7b20054_box00.jpg,53,53,18,16,0,Cataract,0.5407547169811321,0.5518867924528302,0.24283018867924527,0.20415094339622641,0.1,accepted,
train,i_1237_jpg.rf.b6bf860652abdd7ba825ac2fc89ec147.jpg,i_1237_jpg.rf.b6bf860652abdd7ba825ac2fc89ec147_box00.jpg,58,58,19,17,0,Cataract,0.6100000000000001,0.5487931034482758,0.24293103448275863,0.20775862068965517,0.1,accepted,
train,i_1238_jpg.rf.b4517525ea9cc04c52a04ea7e50af114.jpg,i_1238_jpg.rf.b4517525ea9cc04c52a04ea7e50af114_box00.jpg,68,68,19,16,0,Cataract,0.5764705882352942,0.5455882352941177,0.2075,0.17029411764705882,0.1,accepted,
train,i_1239_jpg.rf.4277c1b6f128f243ade9320f700306aa.jpg,i_1239_jpg.rf.4277c1b6f128f243ade9320f700306aa_box00.jpg,65,65,25,23,0,Cataract,0.6223076923076923,0.5356923076923077,0.31123076923076926,0.27692307692307694,0.1,accepted,
train,i_1241_jpg.rf.aef4bda55f3d228f71024d08e8b234bc.jpg,i_1241_jpg.rf.aef4bda55f3d228f71024d08e8b234bc_box00.jpg,56,56,21,18,0,Cataract,0.5266071428571428,0.5232142857142857,0.2757142857142857,0.2255357142857143,0.1,accepted,
train,i_1242_jpg.rf.f5be4787526d75038a81a70daa0d3fc0.jpg,i_1242_jpg.rf.f5be4787526d75038a81a70daa0d3fc0_box00.jpg,55,55,21,18,0,Cataract,0.5185454545454545,0.5292727272727272,0.3012727272727273,0.2309090909090909,0.1,accepted,
train,i_1243_jpg.rf.92e0d8173836b8e457de686018bb0434.jpg,i_1243_jpg.rf.92e0d8173836b8e457de686018bb0434_box00.jpg,58,58,24,19,0,Cataract,0.455,0.4931034482758621,0.33,0.25310344827586206,0.1,accepted,
train,i_1246_jpg.rf.b182922411c322db3c39e68a6cfb6377.jpg,i_1246_jpg.rf.b182922411c322db3c39e68a6cfb6377_box00.jpg,62,62,22,18,0,Cataract,0.4969354838709677,0.5370967741935483,0.2809677419354839,0.20338709677419353,0.1,accepted,
train,i_1247_jpg.rf.1872d6f797c4cd65958967986e7bc107.jpg,i_1247_jpg.rf.1872d6f797c4cd65958967986e7bc107_box00.jpg,59,59,22,17,0,Cataract,0.553728813559322,0.5061016949152543,0.28864406779661017,0.20728813559322035,0.1,accepted,
train,i_1248_jpg.rf.a3b5b3a57ef2c66c083e49536be8fa9b.jpg,i_1248_jpg.rf.a3b5b3a57ef2c66c083e49536be8fa9b_box00.jpg,66,66,21,16,0,Cataract,0.5272727272727272,0.5484848484848486,0.24469696969696966,0.15984848484848485,0.1,accepted,
train,i_1249_jpg.rf.4dea0d6f361243227a4a5620b5eb6347.jpg,i_1249_jpg.rf.4dea0d6f361243227a4a5620b5eb6347_box00.jpg,59,59,22,17,0,Cataract,0.5832203389830508,0.5366101694915254,0.28508474576271187,0.20559322033898306,0.1,accepted,
train,i_124_jpg.rf.d06a7fd91503e97579392bbe5bd4cc2b.jpg,i_124_jpg.rf.d06a7fd91503e97579392bbe5bd4cc2b_box00.jpg,327,212,108,79,0,Cataract,0.4867584097859327,0.4313207547169811,0.27125382262996944,0.30533018867924533,0.1,accepted,
train,i_1250_jpg.rf.6f12aba232f21074aa04c020b21cd181.jpg,i_1250_jpg.rf.6f12aba232f21074aa04c020b21cd181_box00.jpg,56,56,22,17,0,Cataract,0.5894642857142857,0.5075000000000001,0.3001785714285714,0.21839285714285714,0.1,accepted,
train,i_1252_jpg.rf.ab10a6601bfe82fbb774acd6bec98194.jpg,i_1252_jpg.rf.ab10a6601bfe82fbb774acd6bec98194_box00.jpg,60,60,21,17,0,Cataract,0.5043333333333334,0.495,0.2638333333333333,0.20016666666666666,0.1,accepted,
train,i_1253_jpg.rf.505c194a0650e23510a37c219ae90431.jpg,i_1253_jpg.rf.505c194a0650e23510a37c219ae90431_box00.jpg,50,50,20,17,0,Cataract,0.5861999999999999,0.48719999999999997,0.3048,0.24559999999999998,0.1,accepted,
train,i_1257_jpg.rf.2c5d40cf2fadb79144c69aff5cd46dcf.jpg,i_1257_jpg.rf.2c5d40cf2fadb79144c69aff5cd46dcf_box00.jpg,53,53,19,14,0,Cataract,0.6271698113207548,0.5077358490566037,0.25849056603773585,0.18037735849056605,0.1,rejected,min_resolution:19x14<16
train,i_1258_jpg.rf.9b61c535a9c2d8e965a5e236f62a73e0.jpg,i_1258_jpg.rf.9b61c535a9c2d8e965a5e236f62a73e0_box00.jpg,45,45,17,15,0,Cataract,0.5860000000000001,0.5253333333333333,0.2571111111111111,0.21044444444444446,0.1,rejected,min_resolution:17x15<16|min_area:255<256
train,i_125_jpg.rf.ddb27652c285d5b1d2cafbaf03304d6b.jpg,i_125_jpg.rf.ddb27652c285d5b1d2cafbaf03304d6b_box00.jpg,398,307,203,156,0,Cataract,0.4787939698492462,0.4269055374592834,0.4215577889447236,0.421270358306189,0.1,accepted,
train,i_1261_jpg.rf.26bb094c4edaf24c77908a8a9cb5312a.jpg,i_1261_jpg.rf.26bb094c4edaf24c77908a8a9cb5312a_box00.jpg,50,50,23,19,0,Cataract,0.6126,0.4696,0.35240000000000005,0.281,0.1,accepted,
train,i_1262_jpg.rf.ef1cc473f444013c9da2692f455266ef.jpg,i_1262_jpg.rf.ef1cc473f444013c9da2692f455266ef_box00.jpg,42,42,17,13,0,Cataract,0.5626190476190476,0.5073809523809524,0.28785714285714287,0.18095238095238095,0.1,rejected,min_resolution:17x13<16|min_area:221<256
train,i_1263_jpg.rf.55f20c6de713406f2a444106a1896635.jpg,i_1263_jpg.rf.55f20c6de713406f2a444106a1896635_box00.jpg,45,45,17,14,0,Cataract,0.55,0.5293333333333333,0.27355555555555555,0.20977777777777776,0.1,rejected,min_resolution:17x14<16|min_area:238<256
train,i_1264_jpg.rf.35346c94527db34a970e5d4959ed6b31.jpg,i_1264_jpg.rf.35346c94527db34a970e5d4959ed6b31_box00.jpg,58,58,22,18,0,Cataract,0.583448275862069,0.5153448275862069,0.28206896551724137,0.22948275862068968,0.1,accepted,
train,i_1266_jpg.rf.70881f13410d77cce3427f54d0b270ef.jpg,i_1266_jpg.rf.70881f13410d77cce3427f54d0b270ef_box00.jpg,59,59,22,17,0,Cataract,0.6601694915254238,0.4830508474576271,0.29457627118644064,0.21864406779661016,0.1,accepted,
train,i_1267_jpg.rf.7e835c5b96466c632d614aa61e6d2650.jpg,i_1267_jpg.rf.7e835c5b96466c632d614aa61e6d2650_box00.jpg,62,62,23,18,0,Cataract,0.6009677419354839,0.5214516129032257,0.29129032258064513,0.21387096774193548,0.1,accepted,
train,i_1268_jpg.rf.3e1d5ea7c73394b96cd2398151766875.jpg,i_1268_jpg.rf.3e1d5ea7c73394b96cd2398151766875_box00.jpg,52,52,19,16,0,Cataract,0.6228846153846154,0.5165384615384615,0.26326923076923076,0.21538461538461537,0.1,accepted,
train,i_1270_jpg.rf.4102f95e700cc739497a37c82f181370.jpg,i_1270_jpg.rf.4102f95e700cc739497a37c82f181370_box00.jpg,46,46,21,17,0,Cataract,0.5928260869565217,0.5071739130434783,0.3508695652173913,0.24760869565217392,0.1,accepted,
train,i_1273_jpg.rf.60b7d5500c7be6b791829a349ff583ac.jpg,i_1273_jpg.rf.60b7d5500c7be6b791829a349ff583ac_box00.jpg,61,61,24,20,0,Cataract,0.5755737704918032,0.5098360655737705,0.31836065573770495,0.24426229508196723,0.1,accepted,
train,i_1274_jpg.rf.92c2668757879bd51ff5425267ee7659.jpg,i_1274_jpg.rf.92c2668757879bd51ff5425267ee7659_box00.jpg,56,56,17,18,0,Cataract,0.6569642857142857,0.5017857142857143,0.21089285714285716,0.21928571428571428,0.1,accepted,
train,i_1279_jpg.rf.5406a9af780071926a96addeeb3407df.jpg,i_1279_jpg.rf.5406a9af780071926a96addeeb3407df_box00.jpg,56,56,18,15,0,Cataract,0.5375,0.5421428571428571,0.23982142857142857,0.1842857142857143,0.1,rejected,min_resolution:18x15<16
train,i_127_jpg.rf.7771955b14599eb63c51e065ea7396f6.jpg,i_127_jpg.rf.7771955b14599eb63c51e065ea7396f6_box00.jpg,231,291,225,198,0,Cataract,0.5167099567099567,0.46728522336769757,0.8114285714285714,0.5627491408934707,0.1,accepted,
train,i_1280_jpg.rf.c87c24ac7ddf3741fb29dc24cd296af3.jpg,i_1280_jpg.rf.c87c24ac7ddf3741fb29dc24cd296af3_box00.jpg,53,53,20,15,0,Cataract,0.49,0.5183018867924528,0.29867924528301887,0.18037735849056605,0.1,rejected,min_resolution:20x15<16
train,i_1281_jpg.rf.6a6f14f0723fc7618d070859e13b8345.jpg,i_1281_jpg.rf.6a6f14f0723fc7618d070859e13b8345_box00.jpg,53,53,22,17,0,Cataract,0.5145283018867924,0.5173584905660378,0.3266037735849056,0.21358490566037736,0.1,accepted,
train,i_1282_jpg.rf.a3765326a973ff18235657733ad640d2.jpg,i_1282_jpg.rf.a3765326a973ff18235657733ad640d2_box00.jpg,62,62,22,18,0,Cataract,0.41580645161290325,0.48145161290322586,0.28016129032258064,0.21725806451612903,0.1,accepted,
train,i_1283_jpg.rf.8620689cc3f6c8cb9f71fae29ba61444.jpg,i_1283_jpg.rf.8620689cc3f6c8cb9f71fae29ba61444_box00.jpg,56,56,22,19,0,Cataract,0.4521428571428571,0.5053571428571428,0.30892857142857144,0.24732142857142855,0.1,accepted,
train,i_1284_jpg.rf.4eda8266663546aeb1b5dd19e93eec54.jpg,i_1284_jpg.rf.4eda8266663546aeb1b5dd19e93eec54_box00.jpg,61,61,20,14,0,Cataract,0.5078688524590164,0.5029508196721312,0.23508196721311475,0.15049180327868852,0.1,rejected,min_resolution:20x14<16
train,i_1285_jpg.rf.4c365e5b279125cfde370583dd5403fa.jpg,i_1285_jpg.rf.4c365e5b279125cfde370583dd5403fa_box00.jpg,67,67,22,13,0,Cataract,0.5053731343283582,0.5299999999999999,0.2461194029850746,0.13149253731343286,0.1,rejected,min_resolution:22x13<16
train,i_1286_jpg.rf.31a70efee32b70b57f0fadac316383d4.jpg,i_1286_jpg.rf.31a70efee32b70b57f0fadac316383d4_box00.jpg,62,62,19,14,0,Cataract,0.5601612903225806,0.5291935483870968,0.2203225806451613,0.13580645161290322,0.1,rejected,min_resolution:19x14<16
train,i_1287_jpg.rf.0063bee9a18ac85b7bb7a2ea59b314cf.jpg,i_1287_jpg.rf.0063bee9a18ac85b7bb7a2ea59b314cf_box00.jpg,45,45,21,18,0,Cataract,0.5917777777777777,0.5135555555555555,0.3677777777777778,0.27244444444444443,0.1,accepted,
train,i_1288_jpg.rf.1d3270d14e4cda357fe0e732f5f651cb.jpg,i_1288_jpg.rf.1d3270d14e4cda357fe0e732f5f651cb_box00.jpg,49,49,18,14,0,Cataract,0.6114285714285714,0.5016326530612245,0.27040816326530615,0.1853061224489796,0.1,rejected,min_resolution:18x14<16|min_area:252<256
train,i_128_jpg.rf.55339faa5c84b0cdec19163307be2b0b.jpg,i_128_jpg.rf.55339faa5c84b0cdec19163307be2b0b_box00.jpg,321,254,119,85,0,Cataract,0.519221183800623,0.46744094488188975,0.3073831775700935,0.27696850393700784,0.1,accepted,
train,i_1290_jpg.rf.6ff815aa07eaba15d8bc7c53cdddd97c.jpg,i_1290_jpg.rf.6ff815aa07eaba15d8bc7c53cdddd97c_box00.jpg,56,56,18,14,0,Cataract,0.6421428571428571,0.5023214285714286,0.22321428571428573,0.1625,0.1,rejected,min_resolution:18x14<16|min_area:252<256
train,i_1291_jpg.rf.99b3bc873563a60b231fccdb69dee044.jpg,i_1291_jpg.rf.99b3bc873563a60b231fccdb69dee044_box00.jpg,41,41,20,16,0,Cataract,0.6092682926829268,0.5685365853658536,0.34804878048780485,0.2697560975609756,0.1,accepted,
train,i_1292_jpg.rf.a3562c8eb5d26bbad75d4991e6be2557.jpg,i_1292_jpg.rf.a3562c8eb5d26bbad75d4991e6be2557_box00.jpg,46,46,20,18,0,Cataract,0.5145652173913043,0.591304347826087,0.33260869565217394,0.2852173913043478,0.1,accepted,
train,i_1293_jpg.rf.8ba920b86457dc2bf8e4a08abb4fd465.jpg,i_1293_jpg.rf.8ba920b86457dc2bf8e4a08abb4fd465_box00.jpg,60,60,21,17,0,Cataract,0.5489999999999999,0.4776666666666667,0.26483333333333337,0.2036666666666667,0.1,accepted,
train,i_1294_jpg.rf.4d823e8cac07d0da0dd1b51993cee287.jpg,i_1294_jpg.rf.4d823e8cac07d0da0dd1b51993cee287_box00.jpg,58,58,21,18,0,Cataract,0.574655172413793,0.48344827586206895,0.2646551724137931,0.2129310344827586,0.1,accepted,
train,i_1295_jpg.rf.cf04052f722ad37ede0568b28ac98701.jpg,i_1295_jpg.rf.cf04052f722ad37ede0568b28ac98701_box00.jpg,58,58,21,20,0,Cataract,0.47672413793103446,0.5187931034482759,0.26913793103448275,0.2679310344827586,0.1,accepted,
train,i_1296_jpg.rf.539dab8e5303602a41b78e16f814a057.jpg,i_1296_jpg.rf.539dab8e5303602a41b78e16f814a057_box00.jpg,56,56,18,14,0,Cataract,0.4310714285714286,0.4685714285714285,0.2425,0.16321428571428573,0.1,rejected,min_resolution:18x14<16|min_area:252<256
train,i_1297_jpg.rf.65879b2fd0a938fc927aa5f9f9178e18.jpg,i_1297_jpg.rf.65879b2fd0a938fc927aa5f9f9178e18_box00.jpg,55,55,18,14,0,Cataract,0.510909090909091,0.4772727272727273,0.23727272727272727,0.16145454545454546,0.1,rejected,min_resolution:18x14<16|min_area:252<256
train,i_129_jpg.rf.88132209ef7968ff153b6721d1f5abc6.jpg,i_129_jpg.rf.88132209ef7968ff153b6721d1f5abc6_box00.jpg,167,162,51,28,0,Cataract,0.4702994011976048,0.4438888888888889,0.2519760479041916,0.13506172839506173,0.1,accepted,
train,i_1302_jpg.rf.c3cba3f20ec7187ee440474af0047176.jpg,i_1302_jpg.rf.c3cba3f20ec7187ee440474af0047176_box00.jpg,62,62,21,18,0,Cataract,0.6903225806451613,0.4983870967741935,0.2619354838709677,0.2043548387096774,0.1,accepted,
train,i_1304_jpg.rf.51318933be89106a9764cc862e8b23b9.jpg,i_1304_jpg.rf.51318933be89106a9764cc862e8b23b9_box00.jpg,63,63,23,20,0,Cataract,0.5126984126984127,0.5276190476190477,0.28095238095238095,0.2365079365079365,0.1,accepted,
train,i_1306_jpg.rf.868a6be6e7781bc2882b134d6a467b1a.jpg,i_1306_jpg.rf.868a6be6e7781bc2882b134d6a467b1a_box00.jpg,47,47,18,15,0,Cataract,0.49723404255319154,0.5212765957446809,0.27489361702127657,0.20531914893617023,0.1,rejected,min_resolution:18x15<16
train,i_1307_jpg.rf.6142ca8be9a868a97d8bcf7411ce5d66.jpg,i_1307_jpg.rf.6142ca8be9a868a97d8bcf7411ce5d66_box00.jpg,58,58,20,15,0,Cataract,0.5782758620689655,0.49258620689655175,0.25775862068965516,0.16327586206896552,0.1,rejected,min_resolution:20x15<16
train,i_1308_jpg.rf.35f5b2d12d4fe0d3f08f8943754fa86c.jpg,i_1308_jpg.rf.35f5b2d12d4fe0d3f08f8943754fa86c_box00.jpg,53,53,20,19,0,Cataract,0.540188679245283,0.5183018867924528,0.27867924528301885,0.26433962264150945,0.1,accepted,
train,i_1309_jpg.rf.22fa3cc338b1bee3e936e1514c0121c4.jpg,i_1309_jpg.rf.22fa3cc338b1bee3e936e1514c0121c4_box00.jpg,51,51,19,14,0,Cataract,0.5796078431372549,0.5152941176470588,0.28058823529411764,0.18176470588235294,0.1,rejected,min_resolution:19x14<16
train,i_130_jpg.rf.85a1de71ef6d9b017161b72da5856008.jpg,i_130_jpg.rf.85a1de71ef6d9b017161b72da5856008_box00.jpg,291,239,254,207,0,Cataract,0.5118900343642612,0.4745188284518828,0.7230927835051546,0.7171548117154812,0.1,accepted,
train,i_1312_jpg.rf.259fba2eeaada22a3ada49e60cc8a02f.jpg,i_1312_jpg.rf.259fba2eeaada22a3ada49e60cc8a02f_box00.jpg,56,56,20,15,0,Cataract,0.5366071428571428,0.4921428571428571,0.26964285714285713,0.18607142857142858,0.1,rejected,min_resolution:20x15<16
train,i_1314_jpg.rf.fe4f41b148492cea9d908028f9743eec.jpg,i_1314_jpg.rf.fe4f41b148492cea9d908028f9743eec_box00.jpg,62,62,21,18,0,Cataract,0.5845161290322581,0.49806451612903224,0.2583870967741935,0.2085483870967742,0.1,accepted,
train,i_1315_jpg.rf.438334710cbdbf68df7b52d2fa99be6b.jpg,i_1315_jpg.rf.438334710cbdbf68df7b52d2fa99be6b_box00.jpg,52,52,22,17,0,Cataract,0.6090384615384615,0.5325,0.32923076923076927,0.2423076923076923,0.1,accepted,
train,i_1316_jpg.rf.a36c7fe7beb0e7c48d78398f3828ba47.jpg,i_1316_jpg.rf.a36c7fe7beb0e7c48d78398f3828ba47_box00.jpg,50,50,21,18,0,Cataract,0.5861999999999999,0.5038,0.3256,0.268,0.1,accepted,
train,i_1317_jpg.rf.485760e76893c0ca0f0bf04feb92b772.jpg,i_1317_jpg.rf.485760e76893c0ca0f0bf04feb92b772_box00.jpg,59,59,22,18,0,Cataract,0.5598305084745763,0.48694915254237287,0.29033898305084743,0.2211864406779661,0.1,accepted,
train,i_1318_jpg.rf.7f59db7e2eb3e40e2828d2c307aa8d76.jpg,i_1318_jpg.rf.7f59db7e2eb3e40e2828d2c307aa8d76_box00.jpg,46,46,22,20,0,Cataract,0.585,0.4804347826086957,0.3736956521739131,0.32521739130434785,0.1,accepted,
train,i_1319_jpg.rf.1c9a173229fde56661f21fc1ac139a3f.jpg,i_1319_jpg.rf.1c9a173229fde56661f21fc1ac139a3f_box00.jpg,54,54,23,20,0,Cataract,0.5825925925925927,0.5214814814814814,0.33555555555555555,0.27444444444444444,0.1,accepted,
train,i_1320_jpg.rf.58ac309eb7b0fc2b95c6323379d756df.jpg,i_1320_jpg.rf.58ac309eb7b0fc2b95c6323379d756df_box00.jpg,54,54,20,18,0,Cataract,0.592962962962963,0.5011111111111111,0.2625925925925926,0.23870370370370372,0.1,accepted,
train,i_1321_jpg.rf.1aa8298b7a02c190d74ac6bc5fd92145.jpg,i_1321_jpg.rf.1aa8298b7a02c190d74ac6bc5fd92145_box00.jpg,50,50,22,18,0,Cataract,0.6026,0.544,0.3272,0.2602,0.1,accepted,
train,i_1326_jpg.rf.4d3a8898f165535c1c99e23f551f6f5a.jpg,i_1326_jpg.rf.4d3a8898f165535c1c99e23f551f6f5a_box00.jpg,62,62,21,18,0,Cataract,0.49725806451612903,0.5317741935483871,0.2558064516129032,0.2241935483870968,0.1,accepted,
train,i_1327_jpg.rf.eff996324c229292235911ba2816e9e3.jpg,i_1327_jpg.rf.eff996324c229292235911ba2816e9e3_box00.jpg,59,59,22,18,0,Cataract,0.5232203389830509,0.4988135593220339,0.29033898305084743,0.21864406779661016,0.1,accepted,
train,i_1328_jpg.rf.e41cb0c33c968a151dfbbcf77c030733.jpg,i_1328_jpg.rf.e41cb0c33c968a151dfbbcf77c030733_box00.jpg,60,60,23,17,0,Cataract,0.5581666666666667,0.5106666666666667,0.2916666666666667,0.19666666666666668,0.1,accepted,
train,i_1332_jpg.rf.59ec369e0e6a8c27340948208a15d2a6.jpg,i_1332_jpg.rf.59ec369e0e6a8c27340948208a15d2a6_box00.jpg,49,49,18,15,0,Cataract,0.5538775510204081,0.5383673469387755,0.26,0.216734693877551,0.1,rejected,min_resolution:18x15<16
train,i_1333_jpg.rf.4a44515d547b1fccf4fae6f229d54e04.jpg,i_1333_jpg.rf.4a44515d547b1fccf4fae6f229d54e04_box00.jpg,57,57,22,18,0,Cataract,0.5063157894736842,0.5073684210526316,0.3107017543859649,0.22912280701754387,0.1,accepted,
train,i_1334_jpg.rf.7fee7aebd5b658a2511791db595c865f.jpg,i_1334_jpg.rf.7fee7aebd5b658a2511791db595c865f_box00.jpg,60,60,23,17,0,Cataract,0.5730000000000001,0.5071666666666667,0.30383333333333334,0.20016666666666666,0.1,accepted,
train,i_1335_jpg.rf.a634b2f4a4e6b9ed5e8df5240c10085c.jpg,i_1335_jpg.rf.a634b2f4a4e6b9ed5e8df5240c10085c_box00.jpg,55,55,21,16,0,Cataract,0.5523636363636364,0.4881818181818182,0.2787272727272727,0.20563636363636364,0.1,accepted,
train,i_1337_jpg.rf.1265ceba2bc8dad6a7a081af0e330595.jpg,i_1337_jpg.rf.1265ceba2bc8dad6a7a081af0e330595_box00.jpg,61,61,23,18,0,Cataract,0.5255737704918033,0.509344262295082,0.29672131147540987,0.22081967213114756,0.1,accepted,
train,i_1338_jpg.rf.619a38012f71eeeae0ba461834f1e503.jpg,i_1338_jpg.rf.619a38012f71eeeae0ba461834f1e503_box00.jpg,65,65,22,19,0,Cataract,0.4736923076923077,0.5278461538461539,0.2643076923076923,0.21953846153846154,0.1,accepted,
train,i_1341_jpg.rf.5d98a9ab66f83466af482029829ce00f.jpg,i_1341_jpg.rf.5d98a9ab66f83466af482029829ce00f_box00.jpg,56,56,23,18,0,Cataract,0.6039285714285715,0.5198214285714285,0.3203571428571429,0.22892857142857143,0.1,accepted,
train,i_1342_jpg.rf.941949a835dad5793fe67c8288885def.jpg,i_1342_jpg.rf.941949a835dad5793fe67c8288885def_box00.jpg,57,57,21,17,0,Cataract,0.547719298245614,0.4882456140350877,0.2836842105263158,0.20473684210526316,0.1,accepted,
train,i_1344_jpg.rf.457903f0a60adc3a7c34f845ab1a6673.jpg,i_1344_jpg.rf.457903f0a60adc3a7c34f845ab1a6673_box00.jpg,63,63,21,16,0,Cataract,0.5334920634920635,0.5198412698412699,0.24984126984126984,0.16873015873015873,0.1,accepted,
train,i_1346_jpg.rf.afc57de03ae4f981aaa57bac30c7cb04.jpg,i_1346_jpg.rf.afc57de03ae4f981aaa57bac30c7cb04_box00.jpg,60,60,22,18,0,Cataract,0.6003333333333334,0.5098333333333334,0.2838333333333333,0.21583333333333332,0.1,accepted,
train,i_1348_jpg.rf.8545ce4ce1a7a9d9016604b43e6626aa.jpg,i_1348_jpg.rf.8545ce4ce1a7a9d9016604b43e6626aa_box00.jpg,50,50,22,17,0,Cataract,0.4978,0.4738,0.336,0.2446,0.1,accepted,
train,i_1349_jpg.rf.24b0e8eab85edfc560bf8d223ecdbd50.jpg,i_1349_jpg.rf.24b0e8eab85edfc560bf8d223ecdbd50_box00.jpg,47,47,21,16,0,Cataract,0.6287234042553191,0.46872340425531916,0.33787234042553194,0.24744680851063833,0.1,accepted,
train,i_1350_jpg.rf.4d3b552f264370a729fc61f80da2e516.jpg,i_1350_jpg.rf.4d3b552f264370a729fc61f80da2e516_box00.jpg,62,62,22,16,0,Cataract,0.5532258064516129,0.495,0.26887096774193553,0.1764516129032258,0.1,accepted,
train,i_1352_jpg.rf.4ed448733ec00eb619ecc7f116a5e2ce.jpg,i_1352_jpg.rf.4ed448733ec00eb619ecc7f116a5e2ce_box00.jpg,53,53,18,15,0,Cataract,0.45037735849056604,0.49547169811320757,0.23490566037735847,0.1979245283018868,0.1,rejected,min_resolution:18x15<16
train,i_1353_jpg.rf.292628ba5ff7fe0bfe2b95a528cb027e.jpg,i_1353_jpg.rf.292628ba5ff7fe0bfe2b95a528cb027e_box00.jpg,48,48,22,20,0,Cataract,0.5885416666666666,0.48770833333333335,0.359375,0.3120833333333333,0.1,accepted,
train,i_1354_jpg.rf.d4500b2ff470f4c06d02e575660f83ca.jpg,i_1354_jpg.rf.d4500b2ff470f4c06d02e575660f83ca_box00.jpg,56,56,23,16,0,Cataract,0.5444642857142857,0.4764285714285714,0.3169642857142857,0.19999999999999998,0.1,accepted,
train,i_1355_jpg.rf.d5ee7f013be2e996fc14d6288f253b2a.jpg,i_1355_jpg.rf.d5ee7f013be2e996fc14d6288f253b2a_box00.jpg,66,66,18,15,0,Cataract,0.4859090909090909,0.5096969696969698,0.18803030303030302,0.1537878787878788,0.1,rejected,min_resolution:18x15<16
train,i_1358_jpg.rf.c3ec48c7f5fa3090b8886bfc5e3a8671.jpg,i_1358_jpg.rf.c3ec48c7f5fa3090b8886bfc5e3a8671_box00.jpg,48,48,16,13,0,Cataract,0.4635416666666667,0.44812500000000005,0.234375,0.16541666666666668,0.1,rejected,min_resolution:16x13<16|min_area:208<256
train,i_1361_jpg.rf.a2318a29ce797153694aa9df1b872ce1.jpg,i_1361_jpg.rf.a2318a29ce797153694aa9df1b872ce1_box00.jpg,48,48,17,13,0,Cataract,0.5472916666666666,0.49541666666666667,0.26125,0.17145833333333335,0.1,rejected,min_resolution:17x13<16|min_area:221<256
train,i_1365_jpg.rf.30be8e335933275fca6327873fc64bc2.jpg,i_1365_jpg.rf.30be8e335933275fca6327873fc64bc2_box00.jpg,73,73,26,23,0,Cataract,0.5465753424657535,0.49068493150684933,0.2924657534246575,0.24726027397260275,0.1,accepted,
train,i_1366_jpg.rf.13a045395885cef20136e5fb2fd3eadd.jpg,i_1366_jpg.rf.13a045395885cef20136e5fb2fd3eadd_box00.jpg,58,58,22,22,0,Cataract,0.5694827586206896,0.5331034482758621,0.2925862068965517,0.28086206896551724,0.1,accepted,
train,i_1367_jpg.rf.d8bc4c8d56b44aa417f7574b7f2fb6c0.jpg,i_1367_jpg.rf.d8bc4c8d56b44aa417f7574b7f2fb6c0_box00.jpg,53,53,21,17,0,Cataract,0.5437735849056604,0.5266037735849056,0.30660377358490565,0.2232075471698113,0.1,accepted,
train,i_1368_jpg.rf.ce06bda7dffe4bd4b15dfc3ce8ff4e20.jpg,i_1368_jpg.rf.ce06bda7dffe4bd4b15dfc3ce8ff4e20_box00.jpg,55,55,18,14,0,Cataract,0.45836363636363636,0.5527272727272727,0.2310909090909091,0.1632727272727273,0.1,rejected,min_resolution:18x14<16|min_area:252<256
train,i_136_jpg.rf.4d656e88a108ca0da483ffd0921f315f.jpg,i_136_jpg.rf.4d656e88a108ca0da483ffd0921f315f_box00.jpg,195,149,54,44,0,Cataract,0.42405128205128206,0.47563758389261745,0.22487179487179487,0.24228187919463087,0.1,accepted,
train,i_1370_jpg.rf.725576b6a11c852bba64072f2e4a7d18.jpg,i_1370_jpg.rf.725576b6a11c852bba64072f2e4a7d18_box00.jpg,58,58,23,19,0,Cataract,0.5782758620689655,0.46,0.31,0.2320689655172414,0.1,accepted,
train,i_1371_jpg.rf.9e3927ef3c70fc522dd18e56c5d91817.jpg,i_1371_jpg.rf.9e3927ef3c70fc522dd18e56c5d91817_box00.jpg,58,58,24,20,0,Cataract,0.5120689655172413,0.48086206896551725,0.3239655172413793,0.26,0.1,accepted,
train,i_1373_jpg.rf.9ded9d7301742e5fb9580d8c4b5976a5.jpg,i_1373_jpg.rf.9ded9d7301742e5fb9580d8c4b5976a5_box00.jpg,44,44,20,15,0,Cataract,0.5856818181818182,0.5097727272727273,0.3509090909090909,0.24431818181818182,0.1,rejected,min_resolution:20x15<16
train,i_1374_jpg.rf.89453d3ce6877e7ead746b4da3827c4a.jpg,i_1374_jpg.rf.89453d3ce6877e7ead746b4da3827c4a_box00.jpg,61,61,23,17,0,Cataract,0.571639344262295,0.49983606557377047,0.2949180327868852,0.2121311475409836,0.1,accepted,
train,i_1377_jpg.rf.7bceb7e5e8722ca1c4444d102c85340f.jpg,i_1377_jpg.rf.7bceb7e5e8722ca1c4444d102c85340f_box00.jpg,54,54,22,19,0,Cataract,0.5394444444444444,0.4944444444444444,0.3068518518518519,0.2518518518518518,0.1,accepted,
train,i_1378_jpg.rf.3da4cd4168acfca771fc3e220ef7768a.jpg,i_1378_jpg.rf.3da4cd4168acfca771fc3e220ef7768a_box00.jpg,52,52,19,20,0,Cataract,0.6228846153846154,0.5801923076923077,0.2840384615384615,0.28557692307692306,0.1,accepted,
train,i_1379_jpg.rf.970b0e9a41293b5154964c4f54ed35b3.jpg,i_1379_jpg.rf.970b0e9a41293b5154964c4f54ed35b3_box00.jpg,56,56,21,19,0,Cataract,0.5821428571428572,0.48964285714285716,0.2871428571428571,0.2367857142857143,0.1,accepted,
train,i_1381_jpg.rf.cd2f8d80de4312e470ad2c45ff955756.jpg,i_1381_jpg.rf.cd2f8d80de4312e470ad2c45ff955756_box00.jpg,65,65,22,21,0,Cataract,0.5644615384615385,0.5195384615384616,0.2633846153846154,0.23953846153846153,0.1,accepted,
train,i_1382_jpg.rf.048ef527f594e64878355479f7023da2.jpg,i_1382_jpg.rf.048ef527f594e64878355479f7023da2_box00.jpg,46,46,16,14,0,Cataract,0.551304347826087,0.5219565217391304,0.23826086956521741,0.19347826086956524,0.1,rejected,min_resolution:16x14<16|min_area:224<256
train,i_1387_jpg.rf.e670422a0f679135bb2bc066ecff36e3.jpg,i_1387_jpg.rf.e670422a0f679135bb2bc066ecff36e3_box00.jpg,71,71,22,18,0,Cataract,0.6033802816901409,0.5223943661971832,0.23126760563380283,0.19267605633802817,0.1,accepted,
train,i_1388_jpg.rf.0a5fb9731b3cc03cafda807a509fb8fb.jpg,i_1388_jpg.rf.0a5fb9731b3cc03cafda807a509fb8fb_box00.jpg,54,54,18,15,0,Cataract,0.6894444444444444,0.5437037037037037,0.2364814814814815,0.18833333333333332,0.1,rejected,min_resolution:18x15<16
train,i_1390_jpg.rf.b3fdedc7b9bf0581f58ceebd76b72c73.jpg,i_1390_jpg.rf.b3fdedc7b9bf0581f58ceebd76b72c73_box00.jpg,67,67,20,20,0,Cataract,0.5904477611940299,0.5488059701492538,0.2225373134328358,0.21611940298507462,0.1,accepted,
train,i_1391_jpg.rf.cca3e92e459032047b2c800b3604421a.jpg,i_1391_jpg.rf.cca3e92e459032047b2c800b3604421a_box00.jpg,57,57,23,18,0,Cataract,0.5529824561403509,0.4942105263157895,0.31508771929824564,0.23789473684210527,0.1,accepted,
train,i_1392_jpg.rf.349926815b703334826893b97cacccfc.jpg,i_1392_jpg.rf.349926815b703334826893b97cacccfc_box00.jpg,57,57,20,15,0,Cataract,0.5412280701754386,0.5314035087719298,0.25491228070175437,0.18473684210526314,0.1,rejected,min_resolution:20x15<16
train,i_1393_jpg.rf.ed9a0c9c1001eef866684429ccaa30a8.jpg,i_1393_jpg.rf.ed9a0c9c1001eef866684429ccaa30a8_box00.jpg,66,66,20,17,0,Cataract,0.4675757575757576,0.5262121212121211,0.23515151515151514,0.18333333333333332,0.1,accepted,
train,i_1394_jpg.rf.da165b23a30372a804c37bad8d24fc60.jpg,i_1394_jpg.rf.da165b23a30372a804c37bad8d24fc60_box00.jpg,65,65,22,18,0,Cataract,0.591076923076923,0.5383076923076924,0.2590769230769231,0.20907692307692308,0.1,accepted,
train,i_1397_jpg.rf.df99740d8b82bcbdb4fe6ac7b7ed8891.jpg,i_1397_jpg.rf.df99740d8b82bcbdb4fe6ac7b7ed8891_box00.jpg,60,60,21,18,0,Cataract,0.5863333333333334,0.5358333333333333,0.2665,0.21583333333333332,0.1,accepted,
train,i_1398_jpg.rf.0f89fc3099cd5addf3c20be57910ac69.jpg,i_1398_jpg.rf.0f89fc3099cd5addf3c20be57910ac69_box00.jpg,57,57,21,18,0,Cataract,0.6929824561403509,0.5314035087719298,0.2968421052631579,0.23350877192982458,0.1,accepted,
train,i_139_jpg.rf.fb277d7b777a162be0f78b641e5d182f.jpg,i_139_jpg.rf.fb277d7b777a162be0f78b641e5d182f_box00.jpg,223,181,63,50,0,Cataract,0.4686995515695067,0.5198342541436465,0.22847533632286995,0.22767955801104972,0.1,accepted,
train,i_13_jpg.rf.c2f321cf8607f7e325c92d50f830a937.jpg,i_13_jpg.rf.c2f321cf8607f7e325c92d50f830a937_box00.jpg,466,324,116,107,0,Cataract,0.46613733905579396,0.41175925925925927,0.20624463519313305,0.2713888888888889,0.1,accepted,
train,i_1401_jpg.rf.acf7f5953e2dc92214d9ed20b464c1d9.jpg,i_1401_jpg.rf.acf7f5953e2dc92214d9ed20b464c1d9_box00.jpg,57,57,21,18,0,Cataract,0.49350877192982456,0.5270175438596492,0.28017543859649124,0.23526315789473684,0.1,accepted,
train,i_1406_jpg.rf.a68f4adcf9d649a8359d0f1617048add.jpg,i_1406_jpg.rf.a68f4adcf9d649a8359d0f1617048add_box00.jpg,61,61,23,18,0,Cataract,0.549016393442623,0.5240983606557377,0.2809836065573771,0.19819672131147542,0.1,accepted,
train,i_1407_jpg.rf.8046837887a281acd2e555c1f60c04a8.jpg,i_1407_jpg.rf.8046837887a281acd2e555c1f60c04a8_box00.jpg,67,67,23,17,0,Cataract,0.661641791044776,0.5349253731343284,0.26537313432835824,0.17776119402985074,0.1,accepted,
train,i_1408_jpg.rf.4a26c3f235480262de51525f713dacd0.jpg,i_1408_jpg.rf.4a26c3f235480262de51525f713dacd0_box00.jpg,52,52,21,17,0,Cataract,0.49038461538461536,0.4982692307692308,0.31019230769230766,0.23096153846153847,0.1,accepted,
train,i_1409_jpg.rf.8b68981d236477fa28277369e67df8b8.jpg,i_1409_jpg.rf.8b68981d236477fa28277369e67df8b8_box00.jpg,60,60,22,20,0,Cataract,0.6683333333333333,0.519,0.29,0.23916666666666667,0.1,accepted,
train,i_140_jpg.rf.b0a266f0a528ab8a62b0046d836402ae.jpg,i_140_jpg.rf.b0a266f0a528ab8a62b0046d836402ae_box00.jpg,277,195,132,126,0,Cataract,0.5192418772563178,0.4857435897435897,0.3959205776173285,0.5338974358974359,0.1,accepted,
train,i_1410_jpg.rf.4433e4e479d134a4d5af87ddcb78339d.jpg,i_1410_jpg.rf.4433e4e479d134a4d5af87ddcb78339d_box00.jpg,55,55,22,21,0,Cataract,0.5645454545454546,0.48127272727272724,0.31345454545454543,0.2749090909090909,0.1,accepted,
train,i_1411_jpg.rf.ceec9b718e901e25785b9eed3f7c0095.jpg,i_1411_jpg.rf.ceec9b718e901e25785b9eed3f7c0095_box00.jpg,60,60,21,17,0,Cataract,0.46266666666666667,0.495,0.2638333333333333,0.20716666666666667,0.1,accepted,
train,i_1413_jpg.rf.717b2e6b69222a06d1e62f8dff6b123e.jpg,i_1413_jpg.rf.717b2e6b69222a06d1e62f8dff6b123e_box00.jpg,58,58,20,15,0,Cataract,0.46155172413793105,0.5279310344827587,0.2543103448275862,0.1660344827586207,0.1,rejected,min_resolution:20x15<16
train,i_1414_jpg.rf.1d47fd6c444c0a7011e98d37af7a4f0d.jpg,i_1414_jpg.rf.1d47fd6c444c0a7011e98d37af7a4f0d_box00.jpg,57,57,22,20,0,Cataract,0.5071929824561403,0.5012280701754386,0.29157894736842105,0.2624561403508772,0.1,accepted,
train,i_1415_jpg.rf.8458320d45f5a418f117a47f4a33a316.jpg,i_1415_jpg.rf.8458320d45f5a418f117a47f4a33a316_box00.jpg,56,56,22,21,0,Cataract,0.6039285714285715,0.5089285714285714,0.3098214285714286,0.28589285714285717,0.1,accepted,
train,i_1416_jpg.rf.4da6d8ecf34bf4a89fc7190a2a969e52.jpg,i_1416_jpg.rf.4da6d8ecf34bf4a89fc7190a2a969e52_box00.jpg,62,62,21,17,0,Cataract,0.5429032258064516,0.5248387096774193,0.2583870967741935,0.2,0.1,accepted,
train,i_1419_jpg.rf.e3ea878fa54168f55b13a9f3fa49114e.jpg,i_1419_jpg.rf.e3ea878fa54168f55b13a9f3fa49114e_box00.jpg,60,60,23,20,0,Cataract,0.5619999999999999,0.5128333333333334,0.3011666666666667,0.25833333333333336,0.1,accepted,
train,i_141_jpg.rf.7f3ffb8b6ce211e10e0f9ab7cd08e560.jpg,i_141_jpg.rf.7f3ffb8b6ce211e10e0f9ab7cd08e560_box00.jpg,247,197,65,53,0,Cataract,0.41408906882591096,0.5444162436548223,0.21449392712550605,0.2214213197969543,0.1,accepted,
train,i_1420_jpg.rf.41b532e6dd18465f5a56702cf21908da.jpg,i_1420_jpg.rf.41b532e6dd18465f5a56702cf21908da_box00.jpg,64,64,24,22,0,Cataract,0.59203125,0.53015625,0.30375,0.261875,0.1,accepted,
train,i_1421_jpg.rf.a44214dbfa141b418c609938005fa5a0.jpg,i_1421_jpg.rf.a44214dbfa141b418c609938005fa5a0_box00.jpg,64,64,22,19,0,Cataract,0.54421875,0.52625,0.26046875,0.22796875,0.1,accepted,
train,i_1423_jpg.rf.3d18e9412097270dc710a23b885c4bb8.jpg,i_1423_jpg.rf.3d18e9412097270dc710a23b885c4bb8_box00.jpg,60,60,20,17,0,Cataract,0.5308333333333334,0.505,0.24916666666666665,0.201,0.1,accepted,
train,i_1424_jpg.rf.ec1e08ed821990e7f113233eb19b3aaa.jpg,i_1424_jpg.rf.ec1e08ed821990e7f113233eb19b3aaa_box00.jpg,60,60,20,13,0,Cataract,0.5368333333333334,0.541,0.25083333333333335,0.14283333333333334,0.1,rejected,min_resolution:20x13<16
train,i_1425_jpg.rf.8feb03c221bb1f7f9b1a463025269613.jpg,i_1425_jpg.rf.8feb03c221bb1f7f9b1a463025269613_box00.jpg,52,52,20,13,0,Cataract,0.5713461538461538,0.48923076923076925,0.2901923076923077,0.16596153846153847,0.1,rejected,min_resolution:20x13<16
train,i_1426_jpg.rf.29a8f1a8959d5aa5209f50c34f613d11.jpg,i_1426_jpg.rf.29a8f1a8959d5aa5209f50c34f613d11_box00.jpg,50,50,21,17,0,Cataract,0.5268,0.5072,0.316,0.2438,0.1,accepted,
train,i_1429_jpg.rf.b92ab8e4605897521582e033f0ec16ed.jpg,i_1429_jpg.rf.b92ab8e4605897521582e033f0ec16ed_box00.jpg,57,57,24,18,0,Cataract,0.5368421052631579,0.4694736842105263,0.3333333333333333,0.22473684210526318,0.1,accepted,
train,i_1430_jpg.rf.0ee57d6c122b35ee4f7e488e8d9c5d8f.jpg,i_1430_jpg.rf.0ee57d6c122b35ee4f7e488e8d9c5d8f_box00.jpg,81,81,24,17,0,Cataract,0.5065432098765432,0.47703703703703704,0.22506172839506172,0.1537037037037037,0.1,accepted,
train,i_1431_jpg.rf.a13db0115a724ff667eb7e7dbd31f4bf.jpg,i_1431_jpg.rf.a13db0115a724ff667eb7e7dbd31f4bf_box00.jpg,58,58,21,20,0,Cataract,0.5825862068965517,0.5156896551724138,0.2768965517241379,0.2460344827586207,0.1,accepted,
train,i_1433_jpg.rf.8fda436979e65abf7c56574c1baaf6f0.jpg,i_1433_jpg.rf.8fda436979e65abf7c56574c1baaf6f0_box00.jpg,47,47,22,19,0,Cataract,0.6878723404255319,0.5414893617021277,0.35638297872340424,0.30872340425531913,0.1,accepted,
train,i_1434_jpg.rf.76e8f8536ff296da9d597a3eadfe50f8.jpg,i_1434_jpg.rf.76e8f8536ff296da9d597a3eadfe50f8_box00.jpg,59,59,21,18,0,Cataract,0.586271186440678,0.4957627118644068,0.26508474576271185,0.22830508474576272,0.1,accepted,
train,i_1436_jpg.rf.9fcaf87edd5a5fb1cc2c9c929737543e.jpg,i_1436_jpg.rf.9fcaf87edd5a5fb1cc2c9c929737543e_box00.jpg,47,47,22,16,0,Cataract,0.49297872340425536,0.4931914893617021,0.3606382978723404,0.24382978723404258,0.1,accepted,
train,i_1437_jpg.rf.eff1eaec5b651a24233a814f74bdcd21.jpg,i_1437_jpg.rf.eff1eaec5b651a24233a814f74bdcd21_box00.jpg,53,53,21,18,0,Cataract,0.5035849056603774,0.5532075471698114,0.31018867924528304,0.239811320754717,0.1,accepted,
train,i_1438_jpg.rf.fba1fcdd544d9479e9cb7db82df1cb88.jpg,i_1438_jpg.rf.fba1fcdd544d9479e9cb7db82df1cb88_box00.jpg,61,61,21,19,0,Cataract,0.5663934426229508,0.5224590163934426,0.26360655737704913,0.2260655737704918,0.1,accepted,
train,i_1439_jpg.rf.7666ffcb8aeeb60c015e445c92efd6b8.jpg,i_1439_jpg.rf.7666ffcb8aeeb60c015e445c92efd6b8_box00.jpg,60,60,22,19,0,Cataract,0.5790000000000001,0.5376666666666666,0.2778333333333334,0.22966666666666666,0.1,accepted,
train,i_143_jpg.rf.db1a3bbbdf3c77c6b54d4064a317dd8a.jpg,i_143_jpg.rf.db1a3bbbdf3c77c6b54d4064a317dd8a_box00.jpg,214,182,55,34,0,Cataract,0.5388785046728972,0.547967032967033,0.20990654205607479,0.15225274725274726,0.1,accepted,
train,i_1440_jpg.rf.d2853f696229e4de387895c04bfaffb5.jpg,i_1440_jpg.rf.d2853f696229e4de387895c04bfaffb5_box00.jpg,62,62,22,19,0,Cataract,0.5424193548387097,0.5222580645161291,0.27322580645161293,0.2364516129032258,0.1,accepted,
train,i_1442_jpg.rf.9a9625135c2638a43159e68d84760f41.jpg,i_1442_jpg.rf.9a9625135c2638a43159e68d84760f41_box00.jpg,52,52,23,14,0,Cataract,0.566923076923077,0.49403846153846154,0.3334615384615385,0.1701923076923077,0.1,rejected,min_resolution:23x14<16
train,i_1443_jpg.rf.5cb745c47288012b9440057278c4980b.jpg,i_1443_jpg.rf.5cb745c47288012b9440057278c4980b_box00.jpg,64,64,21,18,0,Cataract,0.5234375,0.50328125,0.2534375,0.1975,0.1,accepted,
train,i_1445_jpg.rf.c8b71380218bf338219e24f76a470171.jpg,i_1445_jpg.rf.c8b71380218bf338219e24f76a470171_box00.jpg,48,48,21,18,0,Cataract,0.7252083333333333,0.48458333333333337,0.3360416666666666,0.27999999999999997,0.1,accepted,
train,i_1446_jpg.rf.8ba9a33736946f955463f3f3db6178e9.jpg,i_1446_jpg.rf.8ba9a33736946f955463f3f3db6178e9_box00.jpg,53,53,22,18,0,Cataract,0.5852830188679246,0.5279245283018869,0.3318867924528302,0.2520754716981132,0.1,accepted,
train,i_1448_jpg.rf.c1b2b1d549d2d61a4b86daf0e1cee705.jpg,i_1448_jpg.rf.c1b2b1d549d2d61a4b86daf0e1cee705_box00.jpg,64,64,22,19,0,Cataract,0.53125,0.55015625,0.265625,0.2253125,0.1,accepted,
train,i_1449_jpg.rf.82f3127acd1a341a9ba1a83a89717552.jpg,i_1449_jpg.rf.82f3127acd1a341a9ba1a83a89717552_box00.jpg,56,56,21,19,0,Cataract,0.5758928571428571,0.5421428571428571,0.28535714285714286,0.25785714285714284,0.1,accepted,
train,i_1452_jpg.rf.9d8f198194067843c257f9bb509cfa70.jpg,i_1452_jpg.rf.9d8f198194067843c257f9bb509cfa70_box00.jpg,65,65,23,21,0,Cataract,0.5284615384615385,0.5166153846153846,0.27984615384615386,0.23861538461538462,0.1,accepted,
train,i_1454_jpg.rf.ca4f9c2de2a13c35a79d8c1a19c7aa0e.jpg,i_1454_jpg.rf.ca4f9c2de2a13c35a79d8c1a19c7aa0e_box00.jpg,48,48,19,15,0,Cataract,0.5864583333333333,0.539375,0.28729166666666667,0.21229166666666666,0.1,rejected,min_resolution:19x15<16
train,i_1456_jpg.rf.ad1a934d3288c66ef53d0aa4d4bba3f0.jpg,i_1456_jpg.rf.ad1a934d3288c66ef53d0aa4d4bba3f0_box00.jpg,72,72,22,17,0,Cataract,0.5293055555555556,0.4772222222222222,0.2411111111111111,0.17166666666666666,0.1,accepted,
train,i_1457_jpg.rf.3d7da5cac75aed628102b159fd2c6983.jpg,i_1457_jpg.rf.3d7da5cac75aed628102b159fd2c6983_box00.jpg,59,59,20,18,0,Cataract,0.5459322033898305,0.5216949152542373,0.2520338983050847,0.2177966101694915,0.1,accepted,
train,i_1458_jpg.rf.bcdb0bc75d19ac293860f8e86f282056.jpg,i_1458_jpg.rf.bcdb0bc75d19ac293860f8e86f282056_box00.jpg,63,63,21,16,0,Cataract,0.5655555555555556,0.5301587301587302,0.2515873015873016,0.1757142857142857,0.1,accepted,
train,i_145_jpg.rf.59f228149a6d89dfdd083f32a12086d4.jpg,i_145_jpg.rf.59f228149a6d89dfdd083f32a12086d4_box00.jpg,226,203,65,60,0,Cataract,0.5251327433628319,0.5365024630541871,0.23522123893805308,0.24167487684729066,0.1,accepted,
train,i_1460_jpg.rf.af77c4455c58ee8aa241efe925bc3d6a.jpg,i_1460_jpg.rf.af77c4455c58ee8aa241efe925bc3d6a_box00.jpg,55,55,20,17,0,Cataract,0.5965454545454546,0.49763636363636365,0.284,0.21436363636363634,0.1,accepted,
train,i_1464_jpg.rf.bc93f7e7308bbe78c9ede60a5640df17.jpg,i_1464_jpg.rf.bc93f7e7308bbe78c9ede60a5640df17_box00.jpg,61,61,22,20,0,Cataract,0.51,0.48508196721311475,0.2862295081967213,0.24508196721311473,0.1,accepted,
train,i_1466_jpg.rf.670b4c8db99af36c30a0793ce4667170.jpg,i_1466_jpg.rf.670b4c8db99af36c30a0793ce4667170_box00.jpg,58,58,21,16,0,Cataract,0.4772413793103448,0.5148275862068965,0.2751724137931035,0.18517241379310345,0.1,accepted,
train,i_1468_jpg.rf.a6424978115045075446f0da4fce08c6.jpg,i_1468_jpg.rf.a6424978115045075446f0da4fce08c6_box00.jpg,59,59,23,19,0,Cataract,0.6193220338983051,0.5577966101694914,0.2998305084745763,0.23610169491525423,0.1,accepted,
train,i_1469_jpg.rf.215193fc7f949afafc273157b71f452c.jpg,i_1469_jpg.rf.215193fc7f949afafc273157b71f452c_box00.jpg,74,74,23,21,0,Cataract,0.6371621621621621,0.5035135135135135,0.24513513513513513,0.21013513513513515,0.1,accepted,
train,i_1470_jpg.rf.f0e61e30b47d35a9d809a340c3fdd5da.jpg,i_1470_jpg.rf.f0e61e30b47d35a9d809a340c3fdd5da_box00.jpg,72,72,22,19,0,Cataract,0.6258333333333334,0.5208333333333334,0.24027777777777778,0.18569444444444444,0.1,accepted,
train,i_1471_jpg.rf.6060780641deffc975d63201f319929b.jpg,i_1471_jpg.rf.6060780641deffc975d63201f319929b_box00.jpg,55,55,20,15,0,Cataract,0.5654545454545454,0.5007272727272727,0.26327272727272727,0.19436363636363635,0.1,rejected,min_resolution:20x15<16
train,i_1472_jpg.rf.cd1261942a896bd2493e175b7a75a1ea.jpg,i_1472_jpg.rf.cd1261942a896bd2493e175b7a75a1ea_box00.jpg,53,53,20,17,0,Cataract,0.49264150943396223,0.5156603773584906,0.2724528301886792,0.22754716981132075,0.1,accepted,
train,i_1473_jpg.rf.ae9f85e214298aefb2ff8a9a0a461cd1.jpg,i_1473_jpg.rf.ae9f85e214298aefb2ff8a9a0a461cd1_box00.jpg,52,52,21,15,0,Cataract,0.5865384615384616,0.4930769230769231,0.3257692307692308,0.18942307692307692,0.1,rejected,min_resolution:21x15<16
train,i_1475_jpg.rf.dbec1c7e9abbaa238a00e80f26763104.jpg,i_1475_jpg.rf.dbec1c7e9abbaa238a00e80f26763104_box00.jpg,65,65,23,18,0,Cataract,0.5632307692307692,0.48615384615384616,0.2867692307692308,0.1986153846153846,0.1,accepted,
train,i_1476_jpg.rf.ca86ed3456c89556b6732a43ec986e0e.jpg,i_1476_jpg.rf.ca86ed3456c89556b6732a43ec986e0e_box00.jpg,59,59,21,19,0,Cataract,0.6366101694915255,0.5191525423728813,0.27203389830508473,0.23338983050847456,0.1,accepted,
train,i_1477_jpg.rf.6fa26f7a543ddd9fd27e4477f6763a27.jpg,i_1477_jpg.rf.6fa26f7a543ddd9fd27e4477f6763a27_box00.jpg,55,55,19,15,0,Cataract,0.47054545454545454,0.48854545454545456,0.2554545454545455,0.18054545454545454,0.1,rejected,min_resolution:19x15<16
train,i_1479_jpg.rf.dc250f139f0e9b5b93f11976f48128c2.jpg,i_1479_jpg.rf.dc250f139f0e9b5b93f11976f48128c2_box00.jpg,60,60,19,16,0,Cataract,0.5816666666666667,0.509,0.23083333333333333,0.18283333333333335,0.1,accepted,
train,i_147_jpg.rf.b63834d28a60e6bdff566c47c21570f0.jpg,i_147_jpg.rf.b63834d28a60e6bdff566c47c21570f0_box00.jpg,247,189,98,83,0,Cataract,0.4946153846153846,0.5708465608465608,0.32522267206477734,0.3621693121693122,0.1,accepted,
train,i_1480_jpg.rf.01843b66e76dcbd2cc73508ab3bc2a21.jpg,i_1480_jpg.rf.01843b66e76dcbd2cc73508ab3bc2a21_box00.jpg,52,52,22,16,0,Cataract,0.6011538461538461,0.5005769230769231,0.32403846153846155,0.20923076923076925,0.1,accepted,
train,i_1481_jpg.rf.3a7bc7edb71288feefbb3ef2303c0568.jpg,i_1481_jpg.rf.3a7bc7edb71288feefbb3ef2303c0568_box00.jpg,53,53,20,15,0,Cataract,0.5437735849056604,0.48245283018867924,0.2856603773584906,0.20320754716981132,0.1,rejected,min_resolution:20x15<16
train,i_1482_jpg.rf.b613aff1b154368ea239f645f416dd06.jpg,i_1482_jpg.rf.b613aff1b154368ea239f645f416dd06_box00.jpg,79,79,25,21,0,Cataract,0.61,0.4827848101265823,0.2549367088607595,0.20443037974683542,0.1,accepted,
train,i_1483_jpg.rf.ef5bf7f979c68b64b1218f28726ec665.jpg,i_1483_jpg.rf.ef5bf7f979c68b64b1218f28726ec665_box00.jpg,54,54,21,15,0,Cataract,0.572962962962963,0.47240740740740744,0.29555555555555557,0.18833333333333332,0.1,rejected,min_resolution:21x15<16
train,i_1484_jpg.rf.003c93c0abad7e2c0bbfdfce16059348.jpg,i_1484_jpg.rf.003c93c0abad7e2c0bbfdfce16059348_box00.jpg,49,49,20,15,0,Cataract,0.5246938775510204,0.4720408163265306,0.30081632653061224,0.19938775510204082,0.1,rejected,min_resolution:20x15<16
train,i_1485_jpg.rf.0f696cf8fa3d79e88d0728a6489acdaf.jpg,i_1485_jpg.rf.0f696cf8fa3d79e88d0728a6489acdaf_box00.jpg,57,57,22,19,0,Cataract,0.6136842105263157,0.5214035087719298,0.31245614035087715,0.24666666666666667,0.1,accepted,
train,i_1487_jpg.rf.23d4dc2a31406f3ded6611ac9bed7306.jpg,i_1487_jpg.rf.23d4dc2a31406f3ded6611ac9bed7306_box00.jpg,51,51,21,19,0,Cataract,0.5743137254901961,0.49607843137254903,0.3223529411764706,0.2690196078431373,0.1,accepted,
train,i_1488_jpg.rf.294b6dd050897c8ff34ae912dd805c63.jpg,i_1488_jpg.rf.294b6dd050897c8ff34ae912dd805c63_box00.jpg,54,54,22,19,0,Cataract,0.5364814814814814,0.4770370370370371,0.32685185185185184,0.2587037037037037,0.1,accepted,
train,i_1489_jpg.rf.5a57ded60bfd01171bfb8f6e13277f61.jpg,i_1489_jpg.rf.5a57ded60bfd01171bfb8f6e13277f61_box00.jpg,61,61,22,20,0,Cataract,0.5134426229508197,0.4737704918032787,0.2827868852459016,0.24327868852459017,0.1,accepted,
train,i_1495_jpg.rf.ce52eff454f6b241041c7e08b2c25bd0.jpg,i_1495_jpg.rf.ce52eff454f6b241041c7e08b2c25bd0_box00.jpg,65,65,22,18,0,Cataract,0.571076923076923,0.5199999999999999,0.2503076923076923,0.20384615384615384,0.1,accepted,
train,i_1497_jpg.rf.c846ebe584eb6f99c4c5d307d836e8fa.jpg,i_1497_jpg.rf.c846ebe584eb6f99c4c5d307d836e8fa_box00.jpg,61,61,24,19,0,Cataract,0.571639344262295,0.5137704918032787,0.3052459016393443,0.21901639344262294,0.1,accepted,
train,i_1499_jpg.rf.aef894d498152cd4fe396e18571c178b.jpg,i_1499_jpg.rf.aef894d498152cd4fe396e18571c178b_box00.jpg,52,52,22,17,0,Cataract,0.5561538461538462,0.5069230769230769,0.3275,0.2275,0.1,accepted,
train,i_14_jpg.rf.2765d6c84b46c88443271375492f2e20.jpg,i_14_jpg.rf.2765d6c84b46c88443271375492f2e20_box00.jpg,376,299,88,60,0,Cataract,0.5796542553191489,0.48478260869565215,0.19231382978723405,0.1634113712374582,0.1,accepted,
train,i_1500_jpg.rf.307bfdb2cefc317e448595c449875422.jpg,i_1500_jpg.rf.307bfdb2cefc317e448595c449875422_box00.jpg,68,68,21,17,0,Cataract,0.5226470588235294,0.5061764705882353,0.24161764705882352,0.17205882352941176,0.1,accepted,
train,i_1501_jpg.rf.ee10c542bb350f767135d186a2611314.jpg,i_1501_jpg.rf.ee10c542bb350f767135d186a2611314_box00.jpg,80,80,23,15,0,Cataract,0.558125,0.5193749999999999,0.22574999999999998,0.13075,0.1,rejected,min_resolution:23x15<16
train,i_1504_jpg.rf.a891c885c112bddc0c6399e2af20a196.jpg,i_1504_jpg.rf.a891c885c112bddc0c6399e2af20a196_box00.jpg,52,52,20,15,0,Cataract,0.5371153846153847,0.47096153846153843,0.28942307692307695,0.2023076923076923,0.1,rejected,min_resolution:20x15<16
train,i_1505_jpg.rf.af2516f85304839867be87decd5da38a.jpg,i_1505_jpg.rf.af2516f85304839867be87decd5da38a_box00.jpg,61,61,21,17,0,Cataract,0.5663934426229508,0.5640983606557376,0.27409836065573767,0.19475409836065574,0.1,accepted,
train,i_1507_jpg.rf.182254cb7716be0848224a5e0399d88c.jpg,i_1507_jpg.rf.182254cb7716be0848224a5e0399d88c_box00.jpg,58,58,22,18,0,Cataract,0.5791379310344829,0.518448275862069,0.29086206896551725,0.22,0.1,accepted,
train,i_1508_jpg.rf.b430fcd142d5defe0a86d024e260ffb4.jpg,i_1508_jpg.rf.b430fcd142d5defe0a86d024e260ffb4_box00.jpg,55,55,23,19,0,Cataract,0.5554545454545454,0.5016363636363637,0.3316363636363636,0.2585454545454546,0.1,accepted,
train,i_150_jpg.rf.e5cfc9783ee3409cdf5bf4cbb692f04e.jpg,i_150_jpg.rf.e5cfc9783ee3409cdf5bf4cbb692f04e_box00.jpg,295,157,101,77,0,Cataract,0.47952542372881357,0.5815286624203821,0.28108474576271186,0.4022292993630573,0.1,accepted,
train,i_1510_jpg.rf.f29a6d6e91e01a6f1d3890584444624b.jpg,i_1510_jpg.rf.f29a6d6e91e01a6f1d3890584444624b_box00.jpg,47,47,20,17,0,Cataract,0.5112765957446809,0.4957446808510638,0.3240425531914894,0.2597872340425532,0.1,accepted,
train,i_1511_jpg.rf.b3226d7bcd1aa865a296493bbf376fbd.jpg,i_1511_jpg.rf.b3226d7bcd1aa865a296493bbf376fbd_box00.jpg,58,58,25,19,0,Cataract,0.5794827586206897,0.5082758620689656,0.33172413793103445,0.25741379310344825,0.1,accepted,
train,i_1515_jpg.rf.7a68fc327e09a3a6ffef7c1f64a4a9c1.jpg,i_1515_jpg.rf.7a68fc327e09a3a6ffef7c1f64a4a9c1_box00.jpg,55,55,22,18,0,Cataract,0.5809090909090909,0.5483636363636364,0.30472727272727274,0.2481818181818182,0.1,accepted,
train,i_1516_jpg.rf.74d76205792b95148ae63197c67eb387.jpg,i_1516_jpg.rf.74d76205792b95148ae63197c67eb387_box00.jpg,60,60,21,17,0,Cataract,0.654,0.5068333333333334,0.2665,0.194,0.1,accepted,
train,i_1519_jpg.rf.1a6c1b68308a6c849562c51e3160ba92.jpg,i_1519_jpg.rf.1a6c1b68308a6c849562c51e3160ba92_box00.jpg,59,59,19,18,0,Cataract,0.5020338983050847,0.5052542372881356,0.24949152542372882,0.21610169491525424,0.1,accepted,
train,i_1520_jpg.rf.c9cd3450ac82bfad96498c9dd4029e80.jpg,i_1520_jpg.rf.c9cd3450ac82bfad96498c9dd4029e80_box00.jpg,65,65,23,14,0,Cataract,0.5606153846153846,0.504,0.2816923076923077,0.1456923076923077,0.1,rejected,min_resolution:23x14<16
train,i_1521_jpg.rf.9ee2ad99bc4fbbe4ec9c8a19433a6fd3.jpg,i_1521_jpg.rf.9ee2ad99bc4fbbe4ec9c8a19433a6fd3_box00.jpg,57,57,22,20,0,Cataract,0.5087719298245614,0.5454385964912281,0.30543859649122806,0.25105263157894736,0.1,accepted,
train,i_1522_jpg.rf.45036fca6e57f010e715b3767b8051da.jpg,i_1522_jpg.rf.45036fca6e57f010e715b3767b8051da_box00.jpg,58,58,22,19,0,Cataract,0.5303448275862069,0.521896551724138,0.29775862068965514,0.24775862068965515,0.1,accepted,
train,i_1523_jpg.rf.881aee5fc9b2b0e745022a324f7597d6.jpg,i_1523_jpg.rf.881aee5fc9b2b0e745022a324f7597d6_box00.jpg,61,61,23,18,0,Cataract,0.5711475409836066,0.5059016393442622,0.2922950819672131,0.2139344262295082,0.1,accepted,
train,i_1524_jpg.rf.0e83a1cef7b26329ed622cbb431bca13.jpg,i_1524_jpg.rf.0e83a1cef7b26329ed622cbb431bca13_box00.jpg,58,58,24,17,0,Cataract,0.5886206896551724,0.473448275862069,0.32051724137931037,0.20862068965517241,0.1,accepted,
train,i_1526_jpg.rf.42f66e2aa3b064ba7208423ede23f451.jpg,i_1526_jpg.rf.42f66e2aa3b064ba7208423ede23f451_box00.jpg,65,65,17,15,0,Cataract,0.5893846153846154,0.5313846153846153,0.18246153846153845,0.1430769230769231,0.1,rejected,min_resolution:17x15<16|min_area:255<256
train,i_152_jpg.rf.c1f852a18b98b899589aeefe534023f7.jpg,i_152_jpg.rf.c1f852a18b98b899589aeefe534023f7_box00.jpg,226,205,47,76,0,Cataract,0.4878761061946903,0.4529756097560976,0.17,0.30346341463414633,0.1,accepted,
train,i_1530_jpg.rf.8f782fca17c503dc2e0221b663849fa0.jpg,i_1530_jpg.rf.8f782fca17c503dc2e0221b663849fa0_box00.jpg,48,48,21,18,0,Cataract,0.5139583333333334,0.5025000000000001,0.33499999999999996,0.26875,0.1,accepted,
train,i_1532_jpg.rf.d69af525ca906d7120a2ae330aa323f0.jpg,i_1532_jpg.rf.d69af525ca906d7120a2ae330aa323f0_box00.jpg,51,51,20,17,0,Cataract,0.4945098039215686,0.5031372549019608,0.30411764705882355,0.24450980392156865,0.1,accepted,
train,i_1533_jpg.rf.96944f75f6c9857f87dd3ea9efe8254d.jpg,i_1533_jpg.rf.96944f75f6c9857f87dd3ea9efe8254d_box00.jpg,53,53,21,19,0,Cataract,0.5205660377358491,0.4592452830188679,0.28660377358490563,0.2669811320754717,0.1,accepted,
train,i_1535_jpg.rf.3b0fd92c0e1b085641f21a60a30c4a06.jpg,i_1535_jpg.rf.3b0fd92c0e1b085641f21a60a30c4a06_box00.jpg,66,66,22,17,0,Cataract,0.586969696969697,0.4460606060606061,0.25424242424242427,0.17984848484848484,0.1,accepted,
train,i_1536_jpg.rf.6f627f725687b2287b76fa9e9265f52c.jpg,i_1536_jpg.rf.6f627f725687b2287b76fa9e9265f52c_box00.jpg,57,57,19,18,0,Cataract,0.5192982456140351,0.49771929824561406,0.2531578947368421,0.22403508771929823,0.1,accepted,
train,i_1537_jpg.rf.278af81f63c93332114835bdb5f6e890.jpg,i_1537_jpg.rf.278af81f63c93332114835bdb5f6e890_box00.jpg,56,56,22,19,0,Cataract,0.5528571428571428,0.5110714285714286,0.29321428571428576,0.25357142857142856,0.1,accepted,
train,i_1538_jpg.rf.0e5cee9945292dacedf8464d9d995b51.jpg,i_1538_jpg.rf.0e5cee9945292dacedf8464d9d995b51_box00.jpg,65,65,26,22,0,Cataract,0.5584615384615385,0.49569230769230765,0.3241538461538462,0.25953846153846155,0.1,accepted,
train,i_153_jpg.rf.58f118a1afbf4c90a614f971a47207f9.jpg,i_153_jpg.rf.58f118a1afbf4c90a614f971a47207f9_box00.jpg,227,174,38,46,0,Cataract,0.4825991189427313,0.43212643678160917,0.13616740088105728,0.21465517241379312,0.1,accepted,
train,i_1541_jpg.rf.1fb4b9c062097ec76f5d86fb8c47d86e.jpg,i_1541_jpg.rf.1fb4b9c062097ec76f5d86fb8c47d86e_box00.jpg,58,58,22,19,0,Cataract,0.5717241379310344,0.5062068965517241,0.29517241379310344,0.24775862068965515,0.1,accepted,
train,i_1543_jpg.rf.c833ca9488126b618eabf25d41506d5d.jpg,i_1543_jpg.rf.c833ca9488126b618eabf25d41506d5d_box00.jpg,73,73,23,20,0,Cataract,0.5527397260273973,0.5191780821917809,0.2520547945205479,0.20424657534246576,0.1,accepted,
train,i_1545_jpg.rf.257f8092f97dc1dda1e8a4dc974c5d47.jpg,i_1545_jpg.rf.257f8092f97dc1dda1e8a4dc974c5d47_box00.jpg,55,55,19,20,0,Cataract,0.5523636363636364,0.5521818181818182,0.24763636363636363,0.2716363636363636,0.1,accepted,
train,i_1546_jpg.rf.abeda21d401c1f153876907df847659a.jpg,i_1546_jpg.rf.abeda21d401c1f153876907df847659a_box00.jpg,59,59,20,20,0,Cataract,0.5693220338983052,0.5427118644067798,0.25728813559322034,0.24915254237288134,0.1,accepted,
train,i_1547_jpg.rf.af92af18767bdbf94b8568fa907ce3ab.jpg,i_1547_jpg.rf.af92af18767bdbf94b8568fa907ce3ab_box00.jpg,54,54,23,19,0,Cataract,0.5877777777777777,0.5288888888888889,0.33907407407407403,0.2735185185185185,0.1,accepted,
train,i_1548_jpg.rf.e077ce438d4912f68f04a23fb2c4d40f.jpg,i_1548_jpg.rf.e077ce438d4912f68f04a23fb2c4d40f_box00.jpg,67,67,25,20,0,Cataract,0.5298507462686567,0.5243283582089553,0.28447761194029847,0.21955223880597016,0.1,accepted,
train,i_1549_jpg.rf.2d47ec17a880c5e844b8042d3ea60d59.jpg,i_1549_jpg.rf.2d47ec17a880c5e844b8042d3ea60d59_box00.jpg,65,65,26,21,0,Cataract,0.5053846153846154,0.5018461538461538,0.312,0.2507692307692308,0.1,accepted,
train,i_154_jpg.rf.64bc6efec56eede83a31e10be23728d3.jpg,i_154_jpg.rf.64bc6efec56eede83a31e10be23728d3_box00.jpg,212,124,57,46,0,Cataract,0.5396698113207548,0.5318548387096774,0.22113207547169814,0.3075,0.1,accepted,
train,i_1551_jpg.rf.d9d704fac11ed8bf4d5e251a5c841824.jpg,i_1551_jpg.rf.d9d704fac11ed8bf4d5e251a5c841824_box00.jpg,50,50,22,17,0,Cataract,0.6022,0.521,0.33159999999999995,0.2404,0.1,accepted,
train,i_1553_jpg.rf.30c30afe537472d265bebfdd17249493.jpg,i_1553_jpg.rf.30c30afe537472d265bebfdd17249493_box00.jpg,54,54,19,17,0,Cataract,0.5664814814814815,0.49148148148148146,0.26685185185185184,0.20907407407407405,0.1,accepted,
train,i_1555_jpg.rf.c430015da88065d3ed88968b3aba277c.jpg,i_1555_jpg.rf.c430015da88065d3ed88968b3aba277c_box00.jpg,58,58,21,18,0,Cataract,0.5272413793103448,0.5210344827586206,0.2760344827586207,0.2146551724137931,0.1,accepted,
train,i_1556_jpg.rf.f45bb55bfd786266f77c05abbf462cdb.jpg,i_1556_jpg.rf.f45bb55bfd786266f77c05abbf462cdb_box00.jpg,59,59,24,18,0,Cataract,0.5245762711864407,0.5283050847457628,0.3086440677966102,0.21525423728813559,0.1,accepted,
train,i_1557_jpg.rf.5ff3585389983ddf8fe6e41c418d98aa.jpg,i_1557_jpg.rf.5ff3585389983ddf8fe6e41c418d98aa_box00.jpg,59,59,22,18,0,Cataract,0.5293220338983051,0.5088135593220339,0.29203389830508475,0.22305084745762713,0.1,accepted,
train,i_1558_jpg.rf.d83a7c71a0297a36f82d0f3061df2ecb.jpg,i_1558_jpg.rf.d83a7c71a0297a36f82d0f3061df2ecb_box00.jpg,65,65,24,18,0,Cataract,0.5253846153846153,0.504,0.28938461538461535,0.19784615384615384,0.1,accepted,
train,i_1559_jpg.rf.887e32aa36bde9ff6c41bd19feef030a.jpg,i_1559_jpg.rf.887e32aa36bde9ff6c41bd19feef030a_box00.jpg,61,61,23,18,0,Cataract,0.5780327868852458,0.510327868852459,0.2922950819672131,0.2018032786885246,0.1,accepted,
train,i_1560_jpg.rf.0506649ea2c9be4d61048b66258077b7.jpg,i_1560_jpg.rf.0506649ea2c9be4d61048b66258077b7_box00.jpg,51,51,21,18,0,Cataract,0.46529411764705886,0.4664705882352941,0.3207843137254902,0.2619607843137255,0.1,accepted,
train,i_1563_jpg.rf.076ad9487fe678300950adf818a8c73d.jpg,i_1563_jpg.rf.076ad9487fe678300950adf818a8c73d_box00.jpg,61,61,25,20,0,Cataract,0.6140983606557378,0.47737704918032786,0.3175409836065574,0.23983606557377052,0.1,accepted,
train,i_1565_jpg.rf.9da0469563f6d6f9586947efb1c555b9.jpg,i_1565_jpg.rf.9da0469563f6d6f9586947efb1c555b9_box00.jpg,63,63,19,18,0,Cataract,0.5307936507936507,0.4595238095238095,0.23412698412698413,0.19904761904761903,0.1,accepted,
train,i_1569_jpg.rf.9d0a37a6aa2437b4fe497f0b52c7f9f1.jpg,i_1569_jpg.rf.9d0a37a6aa2437b4fe497f0b52c7f9f1_box00.jpg,50,50,21,17,0,Cataract,0.5238,0.5072,0.3256,0.2334,0.1,accepted,
train,i_1570_jpg.rf.b4d3c61649d27ca900d426b2f4845d99.jpg,i_1570_jpg.rf.b4d3c61649d27ca900d426b2f4845d99_box00.jpg,51,51,22,17,0,Cataract,0.57,0.5027450980392157,0.3347058823529412,0.24549019607843137,0.1,accepted,
train,i_1571_jpg.rf.5bbadd3f9195fe6b8145c6f09e11c311.jpg,i_1571_jpg.rf.5bbadd3f9195fe6b8145c6f09e11c311_box00.jpg,53,53,22,20,0,Cataract,0.5892452830188679,0.510943396226415,0.32962264150943393,0.29830188679245284,0.1,accepted,
train,i_1573_jpg.rf.01e262e505a192a0bb0653eddcfd8b72.jpg,i_1573_jpg.rf.01e262e505a192a0bb0653eddcfd8b72_box00.jpg,60,60,20,17,0,Cataract,0.5346666666666666,0.5115000000000001,0.25516666666666665,0.1985,0.1,accepted,
train,i_1577_jpg.rf.2229f8cf5d06c553b920edba9e34d663.jpg,i_1577_jpg.rf.2229f8cf5d06c553b920edba9e34d663_box00.jpg,55,55,23,21,0,Cataract,0.49618181818181817,0.5054545454545455,0.322,0.2923636363636363,0.1,accepted,
train,i_1578_jpg.rf.a679f5795fbcf9fcec80df8d9d18e26a.jpg,i_1578_jpg.rf.a679f5795fbcf9fcec80df8d9d18e26a_box00.jpg,52,52,22,20,0,Cataract,0.5001923076923077,0.49615384615384617,0.34557692307692306,0.28384615384615386,0.1,accepted,
train,i_157_jpg.rf.3cfcb0f300428395e7124843a1f79449.jpg,i_157_jpg.rf.3cfcb0f300428395e7124843a1f79449_box00.jpg,236,127,59,45,0,Cataract,0.54,0.5169291338582678,0.20716101694915254,0.2866141732283464,0.1,accepted,
train,i_1582_jpg.rf.83082e72184fe051eef08fef3a6a8eea.jpg,i_1582_jpg.rf.83082e72184fe051eef08fef3a6a8eea_box00.jpg,77,77,25,22,0,Cataract,0.5372727272727272,0.5431168831168831,0.264025974025974,0.21701298701298702,0.1,accepted,
train,i_1584_jpg.rf.6c0e2339d7fee481e415fbe36bedb7a3.jpg,i_1584_jpg.rf.6c0e2339d7fee481e415fbe36bedb7a3_box00.jpg,65,65,24,18,0,Cataract,0.5101538461538461,0.5218461538461538,0.2955384615384615,0.2073846153846154,0.1,accepted,
train,i_1586_jpg.rf.b3c588ea16068e0f9b92ebc11c4a792b.jpg,i_1586_jpg.rf.b3c588ea16068e0f9b92ebc11c4a792b_box00.jpg,58,58,24,20,0,Cataract,0.5846551724137931,0.5331034482758621,0.32827586206896553,0.2705172413793103,0.1,accepted,
train,i_1587_jpg.rf.de19c579ce982f6c70416944d8cc74ba.jpg,i_1587_jpg.rf.de19c579ce982f6c70416944d8cc74ba_box00.jpg,50,50,22,17,0,Cataract,0.6294,0.5254,0.3394,0.2386,0.1,accepted,
train,i_1588_jpg.rf.0501bf1e38b246432f0d984a901f3510.jpg,i_1588_jpg.rf.0501bf1e38b246432f0d984a901f3510_box00.jpg,49,49,18,16,0,Cataract,0.6375510204081632,0.5253061224489796,0.26346938775510204,0.22204081632653064,0.1,accepted,
train,i_1589_jpg.rf.ea58649bbf6aba169ff65d570abbac25.jpg,i_1589_jpg.rf.ea58649bbf6aba169ff65d570abbac25_box00.jpg,51,51,17,15,0,Cataract,0.5415686274509804,0.5145098039215686,0.24137254901960786,0.20098039215686275,0.1,rejected,min_resolution:17x15<16|min_area:255<256
train,i_158_jpg.rf.513070cbc4ffadb738702a5126314ab2.jpg,i_158_jpg.rf.513070cbc4ffadb738702a5126314ab2_box00.jpg,309,197,115,78,0,Cataract,0.47776699029126213,0.5373096446700507,0.30828478964401296,0.3247208121827411,0.1,accepted,
train,i_1592_jpg.rf.69bba24570cf5ffa7073ed547a304ba6.jpg,i_1592_jpg.rf.69bba24570cf5ffa7073ed547a304ba6_box00.jpg,56,56,24,20,0,Cataract,0.4946428571428571,0.5316071428571428,0.33267857142857143,0.26839285714285716,0.1,accepted,
train,i_1593_jpg.rf.ea8d2dd306c6d3cd41766340a2732982.jpg,i_1593_jpg.rf.ea8d2dd306c6d3cd41766340a2732982_box00.jpg,54,54,23,19,0,Cataract,0.47203703703703703,0.547962962962963,0.3338888888888889,0.2596296296296296,0.1,accepted,
train,i_1595_jpg.rf.b499c5da9e3772dfb9645607ad6f2113.jpg,i_1595_jpg.rf.b499c5da9e3772dfb9645607ad6f2113_box00.jpg,53,53,23,18,0,Cataract,0.5049056603773585,0.5094339622641509,0.3388679245283019,0.2467924528301887,0.1,accepted,
train,i_1597_jpg.rf.9dfe75e5a7af348d16695aec73350112.jpg,i_1597_jpg.rf.9dfe75e5a7af348d16695aec73350112_box00.jpg,56,56,24,21,0,Cataract,0.5725,0.49053571428571424,0.35196428571428573,0.28071428571428575,0.1,accepted,
train,i_1598_jpg.rf.f7d00baf60c638237afbc80c0e431944.jpg,i_1598_jpg.rf.f7d00baf60c638237afbc80c0e431944_box00.jpg,50,50,19,17,0,Cataract,0.6692,0.512,0.2944,0.2482,0.1,accepted,
train,i_159_jpg.rf.2464e86d672d40c4b4be85f99df88886.jpg,i_159_jpg.rf.2464e86d672d40c4b4be85f99df88886_box00.jpg,275,192,68,50,0,Cataract,0.5272727272727272,0.4516145833333333,0.20363636363636364,0.21401041666666668,0.1,accepted,
train,i_15_jpg.rf.29732aeb7feb7257c86b4cd596e5e255.jpg,i_15_jpg.rf.29732aeb7feb7257c86b4cd596e5e255_box00.jpg,437,286,133,105,0,Cataract,0.4846453089244851,0.4763286713286713,0.2523112128146453,0.30174825174825176,0.1,accepted,
train,i_1605_jpg.rf.f021650bada84308b0f9979c3ca8872e.jpg,i_1605_jpg.rf.f021650bada84308b0f9979c3ca8872e_box00.jpg,66,66,23,24,0,Cataract,0.42757575757575755,0.5153030303030303,0.27,0.28181818181818186,0.1,accepted,
train,i_1606_jpg.rf.c5c7e4c38a63e6a9c9cac47910902c7c.jpg,i_1606_jpg.rf.c5c7e4c38a63e6a9c9cac47910902c7c_box00.jpg,55,55,26,23,0,Cataract,0.5940000000000001,0.5327272727272727,0.38272727272727275,0.3312727272727273,0.1,accepted,
train,i_1608_jpg.rf.e414a23a4bb87aefc8d5557440dcad17.jpg,i_1608_jpg.rf.e414a23a4bb87aefc8d5557440dcad17_box00.jpg,54,54,26,19,0,Cataract,0.592037037037037,0.48018518518518516,0.3755555555555556,0.2596296296296296,0.1,accepted,
train,i_161_jpg.rf.12fefbf4461e1a9a111e9c349f871c30.jpg,i_161_jpg.rf.12fefbf4461e1a9a111e9c349f871c30_box00.jpg,290,214,96,110,0,Cataract,0.5750344827586207,0.44331775700934584,0.27265517241379306,0.422803738317757,0.1,accepted,
train,i_162_jpg.rf.bd1b9a36d965e3140175c97e128cc3d1.jpg,i_162_jpg.rf.bd1b9a36d965e3140175c97e128cc3d1_box00.jpg,289,201,94,109,0,Cataract,0.5842906574394464,0.4405970149253731,0.26650519031141867,0.45004975124378105,0.1,accepted,
train,i_163_jpg.rf.aa4b5b9b4a1f846a45d5e3317b5fd2ec.jpg,i_163_jpg.rf.aa4b5b9b4a1f846a45d5e3317b5fd2ec_box00.jpg,254,173,114,96,0,Cataract,0.47185039370078735,0.5503468208092486,0.3710236220472441,0.4560115606936416,0.1,accepted,
train,i_164_jpg.rf.e86a15d7ced8e8ac2b11c3652609db9d.jpg,i_164_jpg.rf.e86a15d7ced8e8ac2b11c3652609db9d_box00.jpg,233,143,62,38,0,Cataract,0.5251072961373391,0.5458741258741259,0.21725321888412016,0.2197902097902098,0.1,accepted,
train,i_165_jpg.rf.3715dc3c5c2a60069d024f11835113e3.jpg,i_165_jpg.rf.3715dc3c5c2a60069d024f11835113e3_box00.jpg,209,164,94,86,0,Cataract,0.4486602870813397,0.5239024390243903,0.36889952153110045,0.4309756097560976,0.1,accepted,
train,i_166_jpg.rf.63e65ba74af0fb8b1611b61bc6d51223.jpg,i_166_jpg.rf.63e65ba74af0fb8b1611b61bc6d51223_box00.jpg,190,147,42,55,0,Cataract,0.6356315789473684,0.5218367346938775,0.1808421052631579,0.30931972789115647,0.1,accepted,
train,i_167_jpg.rf.b05a1a64c9b2147a342722cae89967a9.jpg,i_167_jpg.rf.b05a1a64c9b2147a342722cae89967a9_box00.jpg,254,174,54,64,0,Cataract,0.4777952755905512,0.5070689655172415,0.17299212598425195,0.30183908045977015,0.1,accepted,
train,i_168_jpg.rf.ee3d1e58595498d8599bbf9c092930cc.jpg,i_168_jpg.rf.ee3d1e58595498d8599bbf9c092930cc_box00.jpg,181,203,47,44,0,Cataract,0.5074033149171271,0.4941379310344828,0.21226519337016575,0.17763546798029559,0.1,accepted,
train,i_169_jpg.rf.7856b0a88ab8221bb56598fbc2d1506e.jpg,i_169_jpg.rf.7856b0a88ab8221bb56598fbc2d1506e_box00.jpg,139,127,33,36,0,Cataract,0.5064028776978418,0.4280314960629921,0.18784172661870502,0.22968503937007875,0.1,accepted,
train,i_170_jpg.rf.4eb8eedcbcb2d94db799d7cec738ba8e.jpg,i_170_jpg.rf.4eb8eedcbcb2d94db799d7cec738ba8e_box00.jpg,257,177,127,108,0,Cataract,0.5238132295719845,0.4462711864406779,0.4073929961089494,0.5021468926553672,0.1,accepted,
train,i_171_jpg.rf.6bdb3520f2e15fabc743b4929ab7dc9a.jpg,i_171_jpg.rf.6bdb3520f2e15fabc743b4929ab7dc9a_box00.jpg,246,184,70,58,0,Cataract,0.4058536585365854,0.5273369565217392,0.23487804878048782,0.2558695652173913,0.1,accepted,
train,i_172_jpg.rf.903a00f6bcaebff8f211044b049ddfe7.jpg,i_172_jpg.rf.903a00f6bcaebff8f211044b049ddfe7_box00.jpg,266,183,70,69,0,Cataract,0.45590225563909775,0.4668852459016393,0.21721804511278195,0.31278688524590165,0.1,accepted,
train,i_173_jpg.rf.07098c1679d676819e42b4651241364e.jpg,i_173_jpg.rf.07098c1679d676819e42b4651241364e_box00.jpg,339,168,211,159,0,Cataract,0.46215339233038344,0.4601190476190476,0.5164306784660767,0.8012500000000001,0.1,accepted,
train,i_174_jpg.rf.10612061657491f38cb845e10ccb88db.jpg,i_174_jpg.rf.10612061657491f38cb845e10ccb88db_box00.jpg,276,186,71,53,0,Cataract,0.43996376811594207,0.5353225806451613,0.21394927536231884,0.229247311827957,0.1,accepted,
train,i_175_jpg.rf.ae813aad62bfe16f1d6c983d54cecb95.jpg,i_175_jpg.rf.ae813aad62bfe16f1d6c983d54cecb95_box00.jpg,223,156,119,86,0,Cataract,0.5802690582959642,0.448974358974359,0.43946188340807174,0.4501282051282051,0.1,accepted,
train,i_176_jpg.rf.568a0c9e59fd78c2414e9621ab098c5d.jpg,i_176_jpg.rf.568a0c9e59fd78c2414e9621ab098c5d_box00.jpg,114,142,41,37,0,Cataract,0.4678070175438596,0.5549295774647887,0.29236842105263156,0.21091549295774648,0.1,accepted,
train,i_17_jpg.rf.6571558a1849a22b5aa0f5dcb37cbe90.jpg,i_17_jpg.rf.6571558a1849a22b5aa0f5dcb37cbe90_box00.jpg,245,193,72,58,0,Cataract,0.42889795918367346,0.5024352331606218,0.24151020408163265,0.24663212435233162,0.1,accepted,
train,i_180_jpg.rf.0a4f55d078c806595f109b0697c5617b.jpg,i_180_jpg.rf.0a4f55d078c806595f109b0697c5617b_box00.jpg,273,193,141,133,0,Cataract,0.47802197802197804,0.4683419689119171,0.42857142857142855,0.567098445595855,0.1,accepted,
train,i_181_jpg.rf.bc95bdbc7b2a634fc5415fafcdf034a5.jpg,i_181_jpg.rf.bc95bdbc7b2a634fc5415fafcdf034a5_box00.jpg,297,174,80,67,0,Cataract,0.532087542087542,0.5889655172413794,0.21936026936026937,0.31931034482758625,0.1,accepted,
train,i_182_jpg.rf.85ca205441ffa976522d3d3a014a02ae.jpg,i_182_jpg.rf.85ca205441ffa976522d3d3a014a02ae_box00.jpg,243,180,111,79,0,Cataract,0.454320987654321,0.4270555555555556,0.37950617283950616,0.36033333333333334,0.1,accepted,
train,i_183_jpg.rf.6b56fb198f1c219889dfd609ba070a90.jpg,i_183_jpg.rf.6b56fb198f1c219889dfd609ba070a90_box00.jpg,190,154,63,86,0,Cataract,0.4905263157894737,0.5379870129870129,0.2736842105263158,0.4594805194805195,0.1,accepted,
train,i_184_jpg.rf.557903e0c3cc74e21367d62f62012480.jpg,i_184_jpg.rf.557903e0c3cc74e21367d62f62012480_box00.jpg,232,179,166,146,0,Cataract,0.6748275862068965,0.3802793296089385,0.6503879310344827,0.7215083798882682,0.1,accepted,
train,i_186_jpg.rf.f28c8fe23169f2ad1c2c6047ae3c7dea.jpg,i_186_jpg.rf.f28c8fe23169f2ad1c2c6047ae3c7dea_box00.jpg,273,175,148,111,0,Cataract,0.6265934065934066,0.4665142857142857,0.45065934065934066,0.5261142857142856,0.1,accepted,
train,i_187_jpg.rf.17dad8c74eeea63063b06e0c1900adb1.jpg,i_187_jpg.rf.17dad8c74eeea63063b06e0c1900adb1_box00.jpg,210,148,57,33,0,Cataract,0.478,0.5442567567567568,0.22342857142857145,0.17722972972972972,0.1,accepted,
train,i_188_jpg.rf.52fe4c339d04268756e51b42f855e143.jpg,i_188_jpg.rf.52fe4c339d04268756e51b42f855e143_box00.jpg,248,194,92,89,0,Cataract,0.6401209677419355,0.40015463917525773,0.30443548387096775,0.38108247422680414,0.1,accepted,
train,i_189_jpg.rf.1773ee6a01fec8f46c64defab53ffae5.jpg,i_189_jpg.rf.1773ee6a01fec8f46c64defab53ffae5_box00.jpg,316,189,89,70,0,Cataract,0.5498417721518988,0.4804232804232804,0.23259493670886075,0.303015873015873,0.1,accepted,
train,i_18_jpg.rf.52dc353eec80b2d6d07c19e3866e757c.jpg,i_18_jpg.rf.52dc353eec80b2d6d07c19e3866e757c_box00.jpg,277,225,65,45,0,Cataract,0.6144404332129964,0.4303111111111111,0.19252707581227435,0.16337777777777776,0.1,accepted,
train,i_191_jpg.rf.3f18426bf3aa5b4422ee14043f226c1d.jpg,i_191_jpg.rf.3f18426bf3aa5b4422ee14043f226c1d_box00.jpg,292,187,134,109,0,Cataract,0.523972602739726,0.5279144385026738,0.3801369863013699,0.4819251336898396,0.1,accepted,
train,i_192_jpg.rf.689887ec141b267e7e7ff568b81b39cb.jpg,i_192_jpg.rf.689887ec141b267e7e7ff568b81b39cb_box00.jpg,273,152,132,110,0,Cataract,0.5272161172161173,0.4617105263157895,0.40098901098901096,0.5988157894736842,0.1,accepted,
train,i_193_jpg.rf.820dd4160754ee6f183169907a0ea015.jpg,i_193_jpg.rf.820dd4160754ee6f183169907a0ea015_box00.jpg,218,158,70,55,0,Cataract,0.4638073394495413,0.5149367088607595,0.2663302752293578,0.28449367088607597,0.1,accepted,
train,i_194_jpg.rf.81faabec3f586963ceb2396e56809dab.jpg,i_194_jpg.rf.81faabec3f586963ceb2396e56809dab_box00.jpg,106,150,50,44,0,Cataract,0.4619811320754717,0.5314666666666666,0.37981132075471696,0.24066666666666667,0.1,accepted,
train,i_195_jpg.rf.237c145f8f4f0fac9d4df67e1ff99014.jpg,i_195_jpg.rf.237c145f8f4f0fac9d4df67e1ff99014_box00.jpg,203,164,73,68,0,Cataract,0.49901477832512314,0.45048780487804874,0.2955665024630542,0.3371951219512195,0.1,accepted,
train,i_196_jpg.rf.c2e69c0e157977210f2036af9e9e173c.jpg,i_196_jpg.rf.c2e69c0e157977210f2036af9e9e173c_box00.jpg,264,142,118,104,0,Cataract,0.47791666666666666,0.4528169014084507,0.3694318181818182,0.6065492957746479,0.1,accepted,
train,i_198_jpg.rf.6d8954c50f892480eee8b9b9c2b8702f.jpg,i_198_jpg.rf.6d8954c50f892480eee8b9b9c2b8702f_box00.jpg,394,310,95,79,0,Cataract,0.5016243654822334,0.4823225806451613,0.19951776649746192,0.21019354838709675,0.1,accepted,
train,i_199_jpg.rf.443132a33b5224edd621f744d13b4143.jpg,i_199_jpg.rf.443132a33b5224edd621f744d13b4143_box00.jpg,244,155,90,55,0,Cataract,0.48413934426229505,0.45612903225806456,0.3060245901639344,0.28780645161290325,0.1,accepted,
train,i_19_jpg.rf.c2e185197622e27ba19365f1dae7b675.jpg,i_19_jpg.rf.c2e185197622e27ba19365f1dae7b675_box00.jpg,191,182,43,57,0,Cataract,0.6278534031413613,0.47076923076923083,0.18366492146596858,0.2542857142857143,0.1,accepted,
train,i_1_jpg.rf.9ab2cf6915e1be9a55d8a9c560d323d6.jpg,i_1_jpg.rf.9ab2cf6915e1be9a55d8a9c560d323d6_box00.jpg,164,161,41,32,0,Cataract,0.4793292682926829,0.5277639751552795,0.20323170731707316,0.16527950310559006,0.1,accepted,
train,i_200_jpg.rf.ae7c1bee2a8884fd4c6eaf54eb4cf5ba.jpg,i_200_jpg.rf.ae7c1bee2a8884fd4c6eaf54eb4cf5ba_box00.jpg,232,146,118,84,0,Cataract,0.5357327586206897,0.4955479452054794,0.4216379310344827,0.473013698630137,0.1,accepted,
train,i_202_jpg.rf.9fb0c1f3806623ad7670e222d935f588.jpg,i_202_jpg.rf.9fb0c1f3806623ad7670e222d935f588_box00.jpg,144,114,56,49,0,Cataract,0.4915277777777778,0.5390350877192983,0.3213194444444445,0.34885964912280704,0.1,accepted,
train,i_203_jpg.rf.8a2598e606a1d711d1f7133e2a6806ed.jpg,i_203_jpg.rf.8a2598e606a1d711d1f7133e2a6806ed_box00.jpg,108,141,56,46,0,Cataract,0.49324074074074076,0.4879432624113475,0.42407407407407405,0.2649645390070922,0.1,accepted,
train,i_204_jpg.rf.b09458ff885ab7b90b84dae8ab19614a.jpg,i_204_jpg.rf.b09458ff885ab7b90b84dae8ab19614a_box00.jpg,260,159,76,65,0,Cataract,0.5352692307692307,0.5488679245283019,0.2403846153846154,0.3359748427672956,0.1,accepted,
train,i_205_jpg.rf.8c254a465cad6b55608bf2292751c43c.jpg,i_205_jpg.rf.8c254a465cad6b55608bf2292751c43c_box00.jpg,154,132,46,41,0,Cataract,0.32954545454545453,0.47265151515151516,0.2455844155844156,0.24863636363636363,0.1,accepted,
train,i_207_jpg.rf.a33af7bc66c2ce2699d66f2fe576ac2c.jpg,i_207_jpg.rf.a33af7bc66c2ce2699d66f2fe576ac2c_box00.jpg,240,138,108,79,0,Cataract,0.40475,0.4963043478260869,0.3720416666666667,0.4733333333333333,0.1,accepted,
train,i_208_jpg.rf.4889a6c26de5e445dc4d8d16b2c231d8.jpg,i_208_jpg.rf.4889a6c26de5e445dc4d8d16b2c231d8_box00.jpg,103,88,33,30,0,Cataract,0.4714563106796117,0.4581818181818182,0.2633009708737864,0.27772727272727277,0.1,accepted,
train,i_209_jpg.rf.a2e36e8c2fb108a883da5db4b51c3f5d.jpg,i_209_jpg.rf.a2e36e8c2fb108a883da5db4b51c3f5d_box00.jpg,305,169,153,149,0,Cataract,0.39534426229508196,0.4368047337278106,0.4143606557377049,0.7329585798816568,0.1,accepted,
train,i_20_jpg.rf.48ffacae559594498de31b2c0dd4694f.jpg,i_20_jpg.rf.48ffacae559594498de31b2c0dd4694f_box00.jpg,322,171,128,112,0,Cataract,0.5230124223602485,0.44953216374269006,0.32891304347826084,0.5410526315789473,0.1,accepted,
train,i_210_jpg.rf.7808ed8a69c1c1fa9e1f80712d3bf955.jpg,i_210_jpg.rf.7808ed8a69c1c1fa9e1f80712d3bf955_box00.jpg,242,185,86,60,0,Cataract,0.5332644628099174,0.4498378378378378,0.2912396694214876,0.26475675675675675,0.1,accepted,
train,i_211_jpg.rf.c48f9b2a51e4a30ae467390de6d99e79.jpg,i_211_jpg.rf.c48f9b2a51e4a30ae467390de6d99e79_box00.jpg,256,184,169,163,0,Cataract,0.537578125,0.4661413043478261,0.546875,0.7339130434782608,0.1,accepted,
train,i_212_jpg.rf.3414d7853c67809917bcf3e19aba216f.jpg,i_212_jpg.rf.3414d7853c67809917bcf3e19aba216f_box00.jpg,233,173,120,106,0,Cataract,0.4844635193133047,0.5038728323699422,0.42656652360515024,0.506820809248555,0.1,accepted,
train,i_213_jpg.rf.76121e70e68a0d7622252172f8d63070.jpg,i_213_jpg.rf.76121e70e68a0d7622252172f8d63070_box00.jpg,286,193,178,118,0,Cataract,0.5361188811188812,0.46575129533678755,0.5163286713286713,0.503160621761658,0.1,accepted,
train,i_215_jpg.rf.8b041682c231447ecfe85bb4032303ba.jpg,i_215_jpg.rf.8b041682c231447ecfe85bb4032303ba_box00.jpg,180,146,69,61,0,Cataract,0.5263333333333333,0.5667123287671233,0.3133888888888889,0.3413013698630137,0.1,accepted,
train,i_216_jpg.rf.89002937d9d6400a3b07df7025b38a4c.jpg,i_216_jpg.rf.89002937d9d6400a3b07df7025b38a4c_box00.jpg,193,179,98,81,0,Cataract,0.554300518134715,0.5545251396648045,0.4177720207253886,0.3730167597765363,0.1,accepted,
train,i_217_jpg.rf.ec7c8af77cf009eb3143ef1c412e1562.jpg,i_217_jpg.rf.ec7c8af77cf009eb3143ef1c412e1562_box00.jpg,235,159,62,55,0,Cataract,0.46012765957446805,0.37974842767295597,0.21808510638297873,0.2861006289308176,0.1,accepted,
train,i_219_jpg.rf.ffd3c9878f69d65180bc2257eedfdc7a.jpg,i_219_jpg.rf.ffd3c9878f69d65180bc2257eedfdc7a_box00.jpg,147,128,49,35,0,Cataract,0.47768707482993195,0.5228125,0.2706122448979592,0.221015625,0.1,accepted,
train,i_21_jpg.rf.4e88164f7b460f7be907c7394343f1db.jpg,i_21_jpg.rf.4e88164f7b460f7be907c7394343f1db_box00.jpg,272,180,71,67,0,Cataract,0.5056617647058823,0.45483333333333337,0.21301470588235294,0.3047222222222222,0.1,accepted,
train,i_220_jpg.rf.fa4dd5e919b193e0a892b721bf7bcd51.jpg,i_220_jpg.rf.fa4dd5e919b193e0a892b721bf7bcd51_box00.jpg,245,167,124,87,0,Cataract,0.4939183673469388,0.4927544910179641,0.41644897959183674,0.4319161676646706,0.1,accepted,
train,i_221_jpg.rf.d9723f4197882d3cdc207fb588ed36a6.jpg,i_221_jpg.rf.d9723f4197882d3cdc207fb588ed36a6_box00.jpg,268,157,114,80,0,Cataract,0.5081343283582089,0.5204458598726114,0.3508582089552239,0.41815286624203823,0.1,accepted,
train,i_222_jpg.rf.9f4b28e3c687dc6c875ced4b43f3cf00.jpg,i_222_jpg.rf.9f4b28e3c687dc6c875ced4b43f3cf00_box00.jpg,214,146,69,49,0,Cataract,0.48915887850467293,0.4226027397260274,0.26658878504672895,0.27445205479452056,0.1,accepted,
train,i_223_jpg.rf.6b87fc30a77c3c3f776870a9196d45a9.jpg,i_223_jpg.rf.6b87fc30a77c3c3f776870a9196d45a9_box00.jpg,163,132,42,35,0,Cataract,0.4950306748466258,0.5062121212121211,0.21012269938650308,0.21643939393939393,0.1,accepted,
train,i_224_jpg.rf.0bc39ae31866ee2e90bc7a3b66b4c2b0.jpg,i_224_jpg.rf.0bc39ae31866ee2e90bc7a3b66b4c2b0_box00.jpg,152,130,60,43,0,Cataract,0.44618421052631574,0.4913846153846154,0.3251973684210526,0.2702307692307693,0.1,accepted,
train,i_226_jpg.rf.e5eb98655ec68100214ea27af1590901.jpg,i_226_jpg.rf.e5eb98655ec68100214ea27af1590901_box00.jpg,169,160,81,70,0,Cataract,0.46928994082840236,0.5124375,0.396094674556213,0.3564375,0.1,accepted,
train,i_228_jpg.rf.e536724fc84a40bbcf70ddccc822a27b.jpg,i_228_jpg.rf.e536724fc84a40bbcf70ddccc822a27b_box00.jpg,202,146,61,40,0,Cataract,0.43826732673267327,0.45246575342465756,0.2481683168316832,0.21821917808219177,0.1,accepted,
train,i_231_jpg.rf.0ca1983ee643cabef379c9d54738259b.jpg,i_231_jpg.rf.0ca1983ee643cabef379c9d54738259b_box00.jpg,216,165,118,89,0,Cataract,0.46361111111111114,0.5545454545454546,0.45087962962962963,0.4398181818181818,0.1,accepted,
train,i_234_jpg.rf.f155fd2819d84f3d68af8aedff517198.jpg,i_234_jpg.rf.f155fd2819d84f3d68af8aedff517198_box00.jpg,291,131,112,104,0,Cataract,0.4776288659793815,0.40519083969465647,0.3195189003436426,0.650381679389313,0.1,accepted,
train,i_235_jpg.rf.ff20fd60c46467902f14abcb38735505.jpg,i_235_jpg.rf.ff20fd60c46467902f14abcb38735505_box00.jpg,516,368,276,258,0,Cataract,0.4993604651162791,0.4604619565217391,0.44443798449612404,0.5821467391304348,0.1,accepted,
train,i_236_jpg.rf.c8aff10e6b2a635ebbb9908a6c505c97.jpg,i_236_jpg.rf.c8aff10e6b2a635ebbb9908a6c505c97_box00.jpg,464,233,173,129,0,Cataract,0.4988362068965517,0.5645064377682404,0.3080172413793103,0.4566523605150215,0.1,accepted,
train,i_237_jpg.rf.9c201cab0ea251d2cb7e8aa9fc93bb17.jpg,i_237_jpg.rf.9c201cab0ea251d2cb7e8aa9fc93bb17_box00.jpg,254,183,120,96,0,Cataract,0.4933858267716535,0.5267759562841531,0.39059055118110236,0.43256830601092894,0.1,accepted,
train,i_238_jpg.rf.63f330c49e2cb09c7b273acc74b405d5.jpg,i_238_jpg.rf.63f330c49e2cb09c7b273acc74b405d5_box00.jpg,300,246,180,126,0,Cataract,0.4632,0.4927235772357723,0.4972333333333333,0.42483739837398377,0.1,accepted,
train,i_239_jpg.rf.58e5beea15654119a1adb20e0c59800c.jpg,i_239_jpg.rf.58e5beea15654119a1adb20e0c59800c_box00.jpg,67,77,67,66,0,Cataract,0.5019402985074627,0.4790909090909091,0.8746268656716418,0.7088311688311688,0.1,accepted,
train,i_240_jpg.rf.1c37f443cfacc66c7d324285a4e985b1.jpg,i_240_jpg.rf.1c37f443cfacc66c7d324285a4e985b1_box00.jpg,232,179,177,142,0,Cataract,0.6539224137931035,0.3594413407821229,0.6921120689655172,0.7170949720670392,0.1,accepted,
train,i_241_jpg.rf.9e40921d05b96b6fc2fd6f6ee4eefa7c.jpg,i_241_jpg.rf.9e40921d05b96b6fc2fd6f6ee4eefa7c_box00.jpg,295,157,106,79,0,Cataract,0.526135593220339,0.5708917197452229,0.2951864406779661,0.41286624203821654,0.1,accepted,
train,i_243_jpg.rf.ae1fa307464c1f59ecf534789c6f83fb.jpg,i_243_jpg.rf.ae1fa307464c1f59ecf534789c6f83fb_box00.jpg,231,175,217,175,0,Cataract,0.5348917748917749,0.5241714285714286,0.7838095238095238,0.9479428571428571,0.1,accepted,
train,i_245_jpg.rf.14f6915e8dd03da8be6a0c046770286c.jpg,i_245_jpg.rf.14f6915e8dd03da8be6a0c046770286c_box00.jpg,213,155,167,142,0,Cataract,0.5289671361502347,0.5646451612903226,0.6484976525821596,0.7972903225806451,0.1,accepted,
train,i_246_jpg.rf.9a28caa93401975adb2a279771ef2a7b.jpg,i_246_jpg.rf.9a28caa93401975adb2a279771ef2a7b_box00.jpg,190,132,71,56,0,Cataract,0.49757894736842107,0.5318939393939394,0.30915789473684213,0.3462878787878788,0.1,accepted,
train,i_248_jpg.rf.3257bfafd068cabe94e93c5555960030.jpg,i_248_jpg.rf.3257bfafd068cabe94e93c5555960030_box00.jpg,312,239,198,176,0,Cataract,0.5455448717948718,0.505020920502092,0.5261858974358974,0.6107949790794979,0.1,accepted,
train,i_250_jpg.rf.62bee23d90d0786b8a2d0bbd5842f9de.jpg,i_250_jpg.rf.62bee23d90d0786b8a2d0bbd5842f9de_box00.jpg,270,204,121,80,0,Cataract,0.5643333333333334,0.4852941176470588,0.37233333333333335,0.31872549019607843,0.1,accepted,
train,i_251_jpg.rf.a556813ea921ee7338689ec6f3ee718a.jpg,i_251_jpg.rf.a556813ea921ee7338689ec6f3ee718a_box00.jpg,246,198,92,80,0,Cataract,0.5616260162601626,0.4233333333333333,0.3102439024390244,0.33454545454545453,0.1,accepted,
train,i_252_jpg.rf.804ae14e391796e86129d89fc925a8d0.jpg,i_252_jpg.rf.804ae14e391796e86129d89fc925a8d0_box00.jpg,226,205,55,77,0,Cataract,0.4840265486725664,0.44741463414634147,0.19951327433628321,0.3077073170731707,0.1,accepted,
train,i_253_jpg.rf.354d18e98f55d8072e35068d4db251cd.jpg,i_253_jpg.rf.354d18e98f55d8072e35068d4db251cd_box00.jpg,304,272,118,94,0,Cataract,0.5176973684210526,0.43003676470588237,0.3211184210526316,0.2823529411764706,0.1,accepted,
train,i_255_jpg.rf.ecb28b5d15f03d6befa6aadfeda9d72f.jpg,i_255_jpg.rf.ecb28b5d15f03d6befa6aadfeda9d72f_box00.jpg,397,300,122,103,0,Cataract,0.5360705289672544,0.5242,0.2544836272040302,0.2826,0.1,accepted,
train,i_256_jpg.rf.6ca1defd53c3682de91fb6e1b3b359d9.jpg,i_256_jpg.rf.6ca1defd53c3682de91fb6e1b3b359d9_box00.jpg,397,300,126,102,0,Cataract,0.46632241813602016,0.543,0.2622166246851385,0.2791666666666667,0.1,accepted,
train,i_258_jpg.rf.fd62be3e77eb0e65722846e5923c81bc.jpg,i_258_jpg.rf.fd62be3e77eb0e65722846e5923c81bc_box00.jpg,286,197,171,171,0,Cataract,0.5116083916083916,0.5261928934010152,0.49688811188811194,0.7211167512690355,0.1,accepted,
train,i_25_jpg.rf.3806a98986e17c219a529eabd59273d3.jpg,i_25_jpg.rf.3806a98986e17c219a529eabd59273d3_box00.jpg,292,318,97,74,0,Cataract,0.4746917808219179,0.565440251572327,0.2758904109589041,0.1909748427672956,0.1,accepted,
train,i_260_jpg.rf.02286c8944c3343fb614785db66a88f9.jpg,i_260_jpg.rf.02286c8944c3343fb614785db66a88f9_box00.jpg,123,105,122,103,0,Cataract,0.5085365853658537,0.5342857142857143,0.8227642276422764,0.8552380952380952,0.1,accepted,
train,i_261_jpg.rf.97bc523185dd9fb076cc34ea18b1850e.jpg,i_261_jpg.rf.97bc523185dd9fb076cc34ea18b1850e_box00.jpg,133,140,53,47,0,Cataract,0.5017293233082707,0.4835,0.32398496240601504,0.27214285714285713,0.1,accepted,
train,i_262_jpg.rf.ad28e708d8fd00e990caac8788125846.jpg,i_262_jpg.rf.ad28e708d8fd00e990caac8788125846_box00.jpg,248,276,248,256,0,Cataract,0.510766129032258,0.5028260869565218,0.8890322580645161,0.7710507246376812,0.1,accepted,
train,i_265_jpg.rf.4d4372783d0031a6ac1aba2158758123.jpg,i_265_jpg.rf.4d4372783d0031a6ac1aba2158758123_box00.jpg,300,251,124,80,0,Cataract,0.44036666666666674,0.4862948207171315,0.34296666666666664,0.2643426294820717,0.1,accepted,
train,i_266_jpg.rf.5dd2f9bf6da46cf86f0bbbf6314bf354.jpg,i_266_jpg.rf.5dd2f9bf6da46cf86f0bbbf6314bf354_box00.jpg,418,338,116,90,0,Cataract,0.4262679425837321,0.5193491124260354,0.2305263157894737,0.2192899408284024,0.1,accepted,
train,i_267_jpg.rf.c4bc6653af0fa9e9a701c5f888be369c.jpg,i_267_jpg.rf.c4bc6653af0fa9e9a701c5f888be369c_box00.jpg,180,194,33,28,0,Cataract,0.5527777777777778,0.5474742268041237,0.14444444444444443,0.11391752577319589,0.1,accepted,
train,i_268_jpg.rf.0d932a25b5a804a71f764a129262c344.jpg,i_268_jpg.rf.0d932a25b5a804a71f764a129262c344_box00.jpg,334,222,140,132,0,Cataract,0.4764071856287425,0.48563063063063067,0.34694610778443113,0.49252252252252254,0.1,accepted,
train,i_269_jpg.rf.286abd186706cd64644f569e3fef72bd.jpg,i_269_jpg.rf.286abd186706cd64644f569e3fef72bd_box00.jpg,223,181,59,54,0,Cataract,0.4673094170403587,0.5202762430939226,0.21708520179372195,0.24430939226519335,0.1,accepted,
train,i_26_jpg.rf.c9075ff8cd412357c72b59e770c746e0.jpg,i_26_jpg.rf.c9075ff8cd412357c72b59e770c746e0_box00.jpg,299,323,110,79,0,Cataract,0.5927090301003345,0.5743034055727554,0.30471571906354517,0.20263157894736844,0.1,accepted,
train,i_270_jpg.rf.d29e74c0ba6337015fd34a0cbc408e53.jpg,i_270_jpg.rf.d29e74c0ba6337015fd34a0cbc408e53_box00.jpg,270,201,257,201,0,Cataract,0.523074074074074,0.47432835820895525,0.7901111111111112,0.9486069651741293,0.1,accepted,
train,i_272_jpg.rf.51d1a4d0824d66a835f6edec61528408.jpg,i_272_jpg.rf.51d1a4d0824d66a835f6edec61528408_box00.jpg,250,147,75,65,0,Cataract,0.5736,0.5549659863945579,0.24564,0.36517006802721086,0.1,accepted,
train,i_273_jpg.rf.24e9642bcfe603e82f0b6cd058d0d8d2.jpg,i_273_jpg.rf.24e9642bcfe603e82f0b6cd058d0d8d2_box00.jpg,223,159,84,68,0,Cataract,0.5113452914798207,0.5073584905660378,0.3089237668161435,0.3525786163522013,0.1,accepted,
train,i_274_jpg.rf.29f8d6db0480ad2be32711a5bfed01a8.jpg,i_274_jpg.rf.29f8d6db0480ad2be32711a5bfed01a8_box00.jpg,304,272,128,83,0,Cataract,0.5404276315789474,0.43878676470588235,0.34773026315789474,0.2508455882352941,0.1,accepted,
train,i_275_jpg.rf.4826bb3c0f89cb8a8b33507bdb737285.jpg,i_275_jpg.rf.4826bb3c0f89cb8a8b33507bdb737285_box00.jpg,232,146,121,88,0,Cataract,0.4686206896551724,0.49294520547945203,0.42991379310344824,0.49938356164383557,0.1,accepted,
train,i_276_jpg.rf.bcca1c4b276919ce0f734e7609aead96.jpg,i_276_jpg.rf.bcca1c4b276919ce0f734e7609aead96_box00.jpg,406,324,107,93,0,Cataract,0.48918719211822664,0.5386728395061728,0.2189408866995074,0.2371604938271605,0.1,accepted,
train,i_277_jpg.rf.22ebc162ea8b3c6a84271325433a29df.jpg,i_277_jpg.rf.22ebc162ea8b3c6a84271325433a29df_box00.jpg,282,192,123,83,0,Cataract,0.47989361702127664,0.5236979166666667,0.360531914893617,0.3581770833333333,0.1,accepted,
train,i_279_jpg.rf.a343e08dac88a27e57717b9e9dba2718.jpg,i_279_jpg.rf.a343e08dac88a27e57717b9e9dba2718_box00.jpg,464,233,176,135,0,Cataract,0.4965948275862069,0.5654077253218884,0.3142887931034483,0.47991416309012874,0.1,accepted,
train,i_27_jpg.rf.5662d14590ecd3f60a711b772b14efc2.jpg,i_27_jpg.rf.5662d14590ecd3f60a711b772b14efc2_box00.jpg,211,226,57,44,0,Cataract,0.4579620853080569,0.4916371681415929,0.22014218009478675,0.1579646017699115,0.1,accepted,
train,i_281_jpg.rf.aac1a41495b7f2a20ac6d61518a74bdc.jpg,i_281_jpg.rf.aac1a41495b7f2a20ac6d61518a74bdc_box00.jpg,259,200,101,110,0,Cataract,0.39965250965250965,0.45555,0.3237837837837838,0.4567,0.1,accepted,
train,i_282_jpg.rf.470ea47308d0a114336a9d6cc8f8fc3f.jpg,i_282_jpg.rf.470ea47308d0a114336a9d6cc8f8fc3f_box00.jpg,154,155,53,50,0,Cataract,0.4472077922077922,0.5929677419354838,0.28136363636363637,0.2655483870967742,0.1,accepted,
train,i_284_jpg.rf.69e5dcaca5f529d1bf3a2ce14d204908.jpg,i_284_jpg.rf.69e5dcaca5f529d1bf3a2ce14d204908_box00.jpg,226,203,68,65,0,Cataract,0.4727433628318584,0.5248768472906403,0.24685840707964601,0.26497536945812805,0.1,accepted,
train,i_285_jpg.rf.c9bbf860d6a6bd10637a17cfd11f01ab.jpg,i_285_jpg.rf.c9bbf860d6a6bd10637a17cfd11f01ab_box00.jpg,328,262,226,225,0,Cataract,0.5060975609756098,0.491412213740458,0.5691158536585366,0.7114122137404579,0.1,accepted,
train,i_287_jpg.rf.207d0260f7a0470b4b6a65e110710a57.jpg,i_287_jpg.rf.207d0260f7a0470b4b6a65e110710a57_box00.jpg,147,128,49,37,0,Cataract,0.5238095238095238,0.52546875,0.272108843537415,0.236640625,0.1,accepted,
train,i_288_jpg.rf.27b725a001ffd6922c0c83a6c6a54454.jpg,i_288_jpg.rf.27b725a001ffd6922c0c83a6c6a54454_box00.jpg,146,126,55,48,0,Cataract,0.515958904109589,0.45746031746031746,0.3104794520547945,0.31,0.1,accepted,
train,i_289_jpg.rf.a5aa3081366c212c058fe9629e5b307c.jpg,i_289_jpg.rf.a5aa3081366c212c058fe9629e5b307c_box00.jpg,189,181,189,156,0,Cataract,0.5253439153439153,0.5195027624309392,0.8994708994708994,0.7162983425414365,0.1,accepted,
train,i_28_jpg.rf.0c0779a39677dba25bfc85b08f9b001b.jpg,i_28_jpg.rf.0c0779a39677dba25bfc85b08f9b001b_box00.jpg,167,157,59,45,0,Cataract,0.5597005988023952,0.4363694267515924,0.2861077844311377,0.2287261146496815,0.1,accepted,
train,i_290_jpg.rf.9e3413d9d7410e8ff79b8e451a575e3a.jpg,i_290_jpg.rf.9e3413d9d7410e8ff79b8e451a575e3a_box00.jpg,175,177,43,36,0,Cataract,0.4584571428571429,0.5583615819209039,0.2,0.1648587570621469,0.1,accepted,
train,i_291_jpg.rf.f15360e752f38caba7c1af682a4a817d.jpg,i_291_jpg.rf.f15360e752f38caba7c1af682a4a817d_box00.jpg,286,187,106,94,0,Cataract,0.4991258741258741,0.5564705882352942,0.30594405594405594,0.41058823529411764,0.1,accepted,
train,i_292_jpg.rf.b5517b0c46a8b2baed48efa77b6e1a84.jpg,i_292_jpg.rf.b5517b0c46a8b2baed48efa77b6e1a84_box00.jpg,175,177,42,37,0,Cataract,0.5576,0.534406779661017,0.19565714285714286,0.1683050847457627,0.1,accepted,
train,i_293_jpg.rf.4ae037dac502bb4e3e81fb9343a15728.jpg,i_293_jpg.rf.4ae037dac502bb4e3e81fb9343a15728_box00.jpg,167,157,60,43,0,Cataract,0.4420359281437125,0.43815286624203825,0.2952694610778443,0.221656050955414,0.1,accepted,
train,i_294_jpg.rf.a6e426d3ae2678f4b4d14741e12b3a62.jpg,i_294_jpg.rf.a6e426d3ae2678f4b4d14741e12b3a62_box00.jpg,168,128,52,46,0,Cataract,0.5426785714285715,0.555,0.2519642857142857,0.295703125,0.1,accepted,
train,i_295_jpg.rf.26fd97defa3704d99776aeeff4dc4211.jpg,i_295_jpg.rf.26fd97defa3704d99776aeeff4dc4211_box00.jpg,197,183,84,70,0,Cataract,0.5176649746192894,0.4686338797814208,0.3537055837563452,0.31278688524590165,0.1,accepted,
train,i_296_jpg.rf.6ac342e8339b2e2e549363cfa0596b73.jpg,i_296_jpg.rf.6ac342e8339b2e2e549363cfa0596b73_box00.jpg,139,127,33,37,0,Cataract,0.49237410071942445,0.444251968503937,0.19345323741007195,0.23929133858267718,0.1,accepted,
train,i_297_jpg.rf.3ff1891d1fd7a59143713f7e6c1729a7.jpg,i_297_jpg.rf.3ff1891d1fd7a59143713f7e6c1729a7_box00.jpg,230,168,176,165,0,Cataract,0.5056521739130435,0.48172619047619053,0.6332608695652174,0.8339880952380954,0.1,accepted,
train,i_298_jpg.rf.de434d1039f7bde64219f49a567ac200.jpg,i_298_jpg.rf.de434d1039f7bde64219f49a567ac200_box00.jpg,295,325,206,200,0,Cataract,0.5127118644067796,0.3780307692307692,0.579084745762712,0.5099076923076923,0.1,accepted,
train,i_2_jpg.rf.b147b2629108e7938b01332c9f1cfb61.jpg,i_2_jpg.rf.b147b2629108e7938b01332c9f1cfb61_box00.jpg,205,152,106,81,0,Cataract,0.6100975609756097,0.506842105263158,0.42795121951219517,0.43828947368421056,0.1,accepted,
train,i_300_jpg.rf.68d191efb7f4328d5443abd8871d5e02.jpg,i_300_jpg.rf.68d191efb7f4328d5443abd8871d5e02_box00.jpg,394,310,98,79,0,Cataract,0.5019796954314721,0.48141935483870973,0.20446700507614213,0.20838709677419354,0.1,accepted,
train,i_301_jpg.rf.9d39dc56cf5740612f184979cec527e4.jpg,i_301_jpg.rf.9d39dc56cf5740612f184979cec527e4_box00.jpg,427,277,119,128,0,Cataract,0.5461592505854801,0.5684476534296029,0.23028103044496487,0.3822382671480144,0.1,accepted,
train,i_303_jpg.rf.8de0bc49675fb2e9c853bbc5406c541e.jpg,i_303_jpg.rf.8de0bc49675fb2e9c853bbc5406c541e_box00.jpg,191,151,40,44,0,Cataract,0.5490575916230367,0.40417218543046357,0.1724083769633508,0.2344370860927152,0.1,accepted,
train,i_304_jpg.rf.041b39476ab3c0fadb75b01689df31b7.jpg,i_304_jpg.rf.041b39476ab3c0fadb75b01689df31b7_box00.jpg,227,174,39,41,0,Cataract,0.508590308370044,0.4225287356321839,0.14017621145374448,0.19551724137931037,0.1,accepted,
train,i_305_jpg.rf.ed45fd4c51cc5517695481868492cbe2.jpg,i_305_jpg.rf.ed45fd4c51cc5517695481868492cbe2_box00.jpg,322,171,132,112,0,Cataract,0.477360248447205,0.45707602339181286,0.33925465838509317,0.5401754385964913,0.1,accepted,
train,i_306_jpg.rf.d3662ce2e6ac7ad7ccd2959e793001dc.jpg,i_306_jpg.rf.d3662ce2e6ac7ad7ccd2959e793001dc_box00.jpg,254,173,120,93,0,Cataract,0.5249212598425197,0.5415606936416185,0.3912992125984252,0.44549132947976877,0.1,accepted,
train,i_307_jpg.rf.71246bc2b68eea4d230ac40d8c3f6663.jpg,i_307_jpg.rf.71246bc2b68eea4d230ac40d8c3f6663_box00.jpg,345,237,116,93,0,Cataract,0.4782608695652174,0.4120675105485232,0.27898550724637683,0.3213502109704641,0.1,accepted,
train,i_308_jpg.rf.ace55e122d641965fb618fb6529a4bea.jpg,i_308_jpg.rf.ace55e122d641965fb618fb6529a4bea_box00.jpg,273,175,142,113,0,Cataract,0.38684981684981684,0.5301714285714286,0.4306959706959707,0.5339428571428572,0.1,accepted,
train,i_30_jpg.rf.7eb417e525f032e922ccf54752b2f734.jpg,i_30_jpg.rf.7eb417e525f032e922ccf54752b2f734_box00.jpg,396,252,176,124,0,Cataract,0.49719696969696964,0.5664285714285715,0.36813131313131314,0.4062698412698412,0.1,accepted,
train,i_311_jpg.rf.1dfd3562432f1fb1de907f047e2ff295.jpg,i_311_jpg.rf.1dfd3562432f1fb1de907f047e2ff295_box00.jpg,175,169,58,47,0,Cataract,0.5142857142857142,0.5491124260355029,0.27331428571428573,0.22692307692307692,0.1,accepted,
train,i_312_jpg.rf.7656dd17dbbaea2c463e5ff205f3be96.jpg,i_312_jpg.rf.7656dd17dbbaea2c463e5ff205f3be96_box00.jpg,331,267,195,175,0,Cataract,0.488429003021148,0.47602996254681645,0.4891238670694864,0.5436704119850188,0.1,accepted,
train,i_314_jpg.rf.fd7dab2720817c3795d0e5712fb577a2.jpg,i_314_jpg.rf.fd7dab2720817c3795d0e5712fb577a2_box00.jpg,176,203,69,41,0,Cataract,0.5552272727272727,0.4963054187192118,0.3209659090909091,0.16295566502463055,0.1,accepted,
train,i_316_jpg.rf.b82c2d41fa9faf663e7c16e79afd76fa.jpg,i_316_jpg.rf.b82c2d41fa9faf663e7c16e79afd76fa_box00.jpg,207,171,67,60,0,Cataract,0.5204347826086957,0.5460818713450292,0.26642512077294683,0.2876608187134503,0.1,accepted,
train,i_317_jpg.rf.54d1a317573c8c70d617bbb023e51936.jpg,i_317_jpg.rf.54d1a317573c8c70d617bbb023e51936_box00.jpg,141,130,57,42,0,Cataract,0.5368085106382978,0.48700000000000004,0.3301418439716312,0.2613846153846154,0.1,accepted,
train,i_318_jpg.rf.b7622f63a8f8ca7895d62e723169e959.jpg,i_318_jpg.rf.b7622f63a8f8ca7895d62e723169e959_box00.jpg,245,193,71,54,0,Cataract,0.573795918367347,0.5028497409326425,0.24012244897959184,0.23191709844559585,0.1,accepted,
train,i_319_jpg.rf.75af1b9e2cef089dc1b7e4a361e61392.jpg,i_319_jpg.rf.75af1b9e2cef089dc1b7e4a361e61392_box00.jpg,525,440,178,124,0,Cataract,0.46419047619047615,0.5271818181818182,0.28078095238095235,0.23452272727272727,0.1,accepted,
train,i_31_jpg.rf.9136e4d6ae809e95209788edc1e8da57.jpg,i_31_jpg.rf.9136e4d6ae809e95209788edc1e8da57_box00.jpg,474,326,190,154,0,Cataract,0.5142405063291139,0.5737423312883435,0.3322784810126582,0.3891411042944785,0.1,accepted,
train,i_320_jpg.rf.3c77f78031a2faa4f5cf30fd5031fc94.jpg,i_320_jpg.rf.3c77f78031a2faa4f5cf30fd5031fc94_box00.jpg,278,210,83,74,0,Cataract,0.4739568345323741,0.5386190476190477,0.24712230215827338,0.2889047619047619,0.1,accepted,
train,i_321_jpg.rf.4d12d4ef4c599c88a58589b27e9b358e.jpg,i_321_jpg.rf.4d12d4ef4c599c88a58589b27e9b358e_box00.jpg,270,128,121,95,0,Cataract,0.514,0.63796875,0.3711851851851852,0.623125,0.1,accepted,
train,i_323_jpg.rf.59fe651cb8d047c46d0a57bae217cbbe.jpg,i_323_jpg.rf.59fe651cb8d047c46d0a57bae217cbbe_box00.jpg,248,194,91,93,0,Cataract,0.6330645161290323,0.37824742268041234,0.3024193548387097,0.3939690721649485,0.1,accepted,
train,i_324_jpg.rf.ab69cfe785f2ddfbb1ed6da841f16132.jpg,i_324_jpg.rf.ab69cfe785f2ddfbb1ed6da841f16132_box00.jpg,301,238,149,98,0,Cataract,0.5295016611295681,0.5097478991596638,0.4111295681063123,0.34016806722689075,0.1,accepted,
train,i_325_jpg.rf.41ea0444d1ca3f1095f34fa0d43ef5cb.jpg,i_325_jpg.rf.41ea0444d1ca3f1095f34fa0d43ef5cb_box00.jpg,474,326,186,158,0,Cataract,0.5072151898734177,0.5797239263803681,0.325253164556962,0.40107361963190186,0.1,accepted,
train,i_327_jpg.rf.f26840d18b6d1fd8797792eea98091ad.jpg,i_327_jpg.rf.f26840d18b6d1fd8797792eea98091ad_box00.jpg,382,171,206,163,0,Cataract,0.5501570680628273,0.4695906432748538,0.44709424083769633,0.7980701754385965,0.1,accepted,
train,i_328_jpg.rf.a70d1d69b8c81888d886af81dde6671e.jpg,i_328_jpg.rf.a70d1d69b8c81888d886af81dde6671e_box00.jpg,300,246,168,120,0,Cataract,0.5340333333333334,0.47451219512195125,0.4639,0.4036585365853658,0.1,accepted,
train,i_329_jpg.rf.939b360f06b6b8b3b8e0df50f9384155.jpg,i_329_jpg.rf.939b360f06b6b8b3b8e0df50f9384155_box00.jpg,273,175,142,110,0,Cataract,0.366007326007326,0.4864571428571428,0.43234432234432235,0.5174857142857143,0.1,accepted,
train,i_32_jpg.rf.ff21fc5c3dcc87aea1f7026965f4e988.jpg,i_32_jpg.rf.ff21fc5c3dcc87aea1f7026965f4e988_box00.jpg,457,346,208,180,0,Cataract,0.553676148796499,0.4684104046242774,0.37796498905908094,0.4305780346820809,0.1,accepted,
train,i_330_jpg.rf.626d7f8fda9a72017d8cd670c40c77b8.jpg,i_330_jpg.rf.626d7f8fda9a72017d8cd670c40c77b8_box00.jpg,175,177,45,33,0,Cataract,0.5502285714285715,0.550677966101695,0.20691428571428572,0.14943502824858756,0.1,accepted,
train,i_331_jpg.rf.74a5bfdf97f253788a40d455173de69b.jpg,i_331_jpg.rf.74a5bfdf97f253788a40d455173de69b_box00.jpg,180,146,65,60,0,Cataract,0.5406111111111112,0.5385616438356164,0.2991666666666667,0.33773972602739727,0.1,accepted,
train,i_333_jpg.rf.41b73bd1ec00ba4cca6f6be4c1adda2f.jpg,i_333_jpg.rf.41b73bd1ec00ba4cca6f6be4c1adda2f_box00.jpg,516,368,279,253,0,Cataract,0.5184108527131783,0.4767663043478261,0.4476744186046512,0.5712771739130434,0.1,accepted,
train,i_335_jpg.rf.2ceebad50bf1c9c5d22c86b28351c7e6.jpg,i_335_jpg.rf.2ceebad50bf1c9c5d22c86b28351c7e6_box00.jpg,345,237,121,97,0,Cataract,0.4800869565217391,0.41253164556962024,0.2898550724637681,0.3380590717299578,0.1,accepted,
train,i_336_jpg.rf.ef76233247549f20dd2eccb4c44f7ffc.jpg,i_336_jpg.rf.ef76233247549f20dd2eccb4c44f7ffc_box00.jpg,525,440,178,126,0,Cataract,0.5463809523809524,0.5137272727272727,0.2800761904761905,0.23788636363636365,0.1,accepted,
train,i_338_jpg.rf.dcceea8a9b593ab44d319a79f31dfdc4.jpg,i_338_jpg.rf.dcceea8a9b593ab44d319a79f31dfdc4_box00.jpg,402,249,172,145,0,Cataract,0.44997512437810944,0.47148594377510045,0.3559950248756219,0.4825301204819277,0.1,accepted,
train,i_33_jpg.rf.26be61232122a097e572921aeb0ebaf6.jpg,i_33_jpg.rf.26be61232122a097e572921aeb0ebaf6_box00.jpg,324,280,118,103,0,Cataract,0.5026543209876544,0.5275,0.2998148148148148,0.30496428571428574,0.1,accepted,
train,i_340_jpg.rf.492a7b3ad2e47ad98c191c18edbd3f25.jpg,i_340_jpg.rf.492a7b3ad2e47ad98c191c18edbd3f25_box00.jpg,146,126,52,45,0,Cataract,0.4943150684931507,0.4614285714285714,0.28993150684931507,0.2915079365079365,0.1,accepted,
train,i_342_jpg.rf.08a5e5022e179768c6c7e43143af4f4f.jpg,i_342_jpg.rf.08a5e5022e179768c6c7e43143af4f4f_box00.jpg,395,278,189,162,0,Cataract,0.4424303797468354,0.546294964028777,0.39663291139240503,0.48449640287769785,0.1,accepted,
train,i_344_jpg.rf.84691e01879f2173e85381f19fca94dd.jpg,i_344_jpg.rf.84691e01879f2173e85381f19fca94dd_box00.jpg,209,164,93,86,0,Cataract,0.5526794258373205,0.5345121951219513,0.36889952153110045,0.4309756097560976,0.1,accepted,
train,i_345_jpg.rf.8baa7132840fc2a3a010cf3d33c6bc19.jpg,i_345_jpg.rf.8baa7132840fc2a3a010cf3d33c6bc19_box00.jpg,322,171,130,109,0,Cataract,0.5095962732919255,0.4543859649122807,0.3331366459627329,0.5242105263157895,0.1,accepted,
train,i_346_jpg.rf.8f30e59eef750cdc44dcb9f9888cce0e.jpg,i_346_jpg.rf.8f30e59eef750cdc44dcb9f9888cce0e_box00.jpg,273,175,143,105,0,Cataract,0.381025641025641,0.48514285714285715,0.43344322344322345,0.4958285714285714,0.1,accepted,
train,i_347_jpg.rf.7cba5c923db9c986cc5c1b62902589ba.jpg,i_347_jpg.rf.7cba5c923db9c986cc5c1b62902589ba_box00.jpg,334,222,132,128,0,Cataract,0.5172155688622755,0.4533783783783784,0.3264071856287425,0.4757657657657658,0.1,accepted,
train,i_34_jpg.rf.c6dce0eda1132777368396bdd6a13d3d.jpg,i_34_jpg.rf.c6dce0eda1132777368396bdd6a13d3d_box00.jpg,354,271,85,60,0,Cataract,0.6006214689265537,0.46501845018450183,0.19638418079096043,0.1797047970479705,0.1,accepted,
train,i_353_jpg.rf.4ac0de63e388f65ecd1f7bd002172aca.jpg,i_353_jpg.rf.4ac0de63e388f65ecd1f7bd002172aca_box00.jpg,418,338,116,91,0,Cataract,0.573444976076555,0.5552366863905325,0.2290909090909091,0.2228994082840237,0.1,accepted,
train,i_354_jpg.rf.c6d89858af8e94097282b8d2b95bd31e.jpg,i_354_jpg.rf.c6d89858af8e94097282b8d2b95bd31e_box00.jpg,395,278,186,163,0,Cataract,0.572632911392405,0.530863309352518,0.38939240506329115,0.48449640287769785,0.1,accepted,
train,i_356_jpg.rf.e57535f87ba198faf5d2399a406a11be.jpg,i_356_jpg.rf.e57535f87ba198faf5d2399a406a11be_box00.jpg,259,178,86,82,0,Cataract,0.534980694980695,0.5016292134831462,0.27320463320463323,0.37848314606741573,0.1,accepted,
train,i_357_jpg.rf.96ae368d6566fb83ebf4fd1556eb27e1.jpg,i_357_jpg.rf.96ae368d6566fb83ebf4fd1556eb27e1_box00.jpg,260,159,76,67,0,Cataract,0.537923076923077,0.5374842767295597,0.2393076923076923,0.3447169811320755,0.1,accepted,
train,i_358_jpg.rf.eb9e0843aebbe32df3db589e283895af.jpg,i_358_jpg.rf.eb9e0843aebbe32df3db589e283895af_box00.jpg,394,310,97,80,0,Cataract,0.503730964467005,0.4796451612903226,0.20375634517766497,0.21196774193548384,0.1,accepted,
train,i_359_jpg.rf.c7202e251cd9d8b3c637a41ae61efbe5.jpg,i_359_jpg.rf.c7202e251cd9d8b3c637a41ae61efbe5_box00.jpg,381,261,103,90,0,Cataract,0.5016010498687664,0.45915708812260536,0.22280839895013124,0.2831800766283525,0.1,accepted,
train,i_35_jpg.rf.90fc07d99822b579a6b859476d8ff5b2.jpg,i_35_jpg.rf.90fc07d99822b579a6b859476d8ff5b2_box00.jpg,344,290,176,119,0,Cataract,0.5143023255813953,0.464,0.4248546511627907,0.3391724137931034,0.1,accepted,
train,i_360_jpg.rf.3ccf2a28370cbd4f8eff5b71b07c22c4.jpg,i_360_jpg.rf.3ccf2a28370cbd4f8eff5b71b07c22c4_box00.jpg,354,271,77,59,0,Cataract,0.41028248587570626,0.44830258302583026,0.17889830508474575,0.17793357933579335,0.1,accepted,
train,i_361_jpg.rf.b003c9aeebbab1f11ba4633412abcb78.jpg,i_361_jpg.rf.b003c9aeebbab1f11ba4633412abcb78_box00.jpg,163,172,48,33,0,Cataract,0.5023926380368098,0.4516860465116279,0.2407361963190184,0.1563953488372093,0.1,accepted,
train,i_363_jpg.rf.3a9058be81c9cc948b4297b1e00bcb75.jpg,i_363_jpg.rf.3a9058be81c9cc948b4297b1e00bcb75_box00.jpg,245,193,66,56,0,Cataract,0.5751836734693877,0.544300518134715,0.22379591836734694,0.23886010362694302,0.1,accepted,
train,i_364_jpg.rf.fdd57e8f24f4f663b2c162816c1b629f.jpg,i_364_jpg.rf.fdd57e8f24f4f663b2c162816c1b629f_box00.jpg,246,226,60,76,0,Cataract,0.4316260162601626,0.5,0.19845528455284553,0.27469026548672565,0.1,accepted,
train,i_365_jpg.rf.4b51a8dcdd4979c38a9e4ed78a45c8c0.jpg,i_365_jpg.rf.4b51a8dcdd4979c38a9e4ed78a45c8c0_box00.jpg,344,290,174,120,0,Cataract,0.48002906976744186,0.4609310344827586,0.4188953488372093,0.3418275862068965,0.1,accepted,
train,i_366_jpg.rf.447025c9120e3d916db03757544991c3.jpg,i_366_jpg.rf.447025c9120e3d916db03757544991c3_box00.jpg,301,238,127,102,0,Cataract,0.48448504983388707,0.49659663865546216,0.3488372093023256,0.3524369747899159,0.1,accepted,
train,i_368_jpg.rf.86db5f75d1ebff2eb2a3ce1030960a47.jpg,i_368_jpg.rf.86db5f75d1ebff2eb2a3ce1030960a47_box00.jpg,164,161,39,38,0,Cataract,0.5140853658536586,0.535527950310559,0.19475609756097562,0.1911801242236025,0.1,accepted,
train,i_369_jpg.rf.f1f7a2b187966ac81805786e12d8437b.jpg,i_369_jpg.rf.f1f7a2b187966ac81805786e12d8437b_box00.jpg,276,186,71,62,0,Cataract,0.5575724637681159,0.4909677419354838,0.21105072463768115,0.2736021505376344,0.1,accepted,
train,i_36_jpg.rf.d7ad98a5370c3fbd3073f9d1a6746764.jpg,i_36_jpg.rf.d7ad98a5370c3fbd3073f9d1a6746764_box00.jpg,286,218,105,80,0,Cataract,0.49695804195804194,0.5039908256880734,0.3036713286713287,0.30463302752293575,0.1,accepted,
train,i_370_jpg.rf.e0cd707534637d15841f218b559279d9.jpg,i_370_jpg.rf.e0cd707534637d15841f218b559279d9_box00.jpg,402,249,164,146,0,Cataract,0.4579850746268657,0.522409638554217,0.3377611940298508,0.4878714859437751,0.1,accepted,
train,i_371_jpg.rf.8fe9ad08952b14502289ef220d530f07.jpg,i_371_jpg.rf.8fe9ad08952b14502289ef220d530f07_box00.jpg,264,215,83,75,0,Cataract,0.586780303030303,0.5752093023255814,0.25882575757575754,0.28567441860465115,0.1,accepted,
train,i_374_jpg.rf.a03faf98293a020352335e2f5646e7e1.jpg,i_374_jpg.rf.a03faf98293a020352335e2f5646e7e1_box00.jpg,256,184,173,161,0,Cataract,0.5332421875,0.46402173913043476,0.5605078125,0.7244021739130434,0.1,accepted,
train,i_376_jpg.rf.f1089b4f6a556d41a61a99a4b92606d5.jpg,i_376_jpg.rf.f1089b4f6a556d41a61a99a4b92606d5_box00.jpg,520,434,520,427,0,Cataract,0.5185192307692308,0.528594470046083,0.861826923076923,0.8506912442396313,0.1,accepted,
train,i_378_jpg.rf.4758dec8087c7e99627fca62eea07de4.jpg,i_378_jpg.rf.4758dec8087c7e99627fca62eea07de4_box00.jpg,222,204,222,168,0,Cataract,0.49036036036036035,0.5541666666666667,0.9095945945945946,0.6835294117647058,0.1,accepted,
train,i_37_jpg.rf.f84fbbbf513b39d27514e4deea2f80a5.jpg,i_37_jpg.rf.f84fbbbf513b39d27514e4deea2f80a5_box00.jpg,302,227,100,77,0,Cataract,0.5421523178807947,0.5353744493392071,0.2740066225165563,0.2812775330396476,0.1,accepted,
train,i_380_jpg.rf.bb92417ce36cfaf55dda7d5298ad7e89.jpg,i_380_jpg.rf.bb92417ce36cfaf55dda7d5298ad7e89_box00.jpg,102,89,102,89,0,Cataract,0.5137254901960784,0.5360674157303371,0.8998039215686274,0.8822471910112359,0.1,accepted,
train,i_381_jpg.rf.6e8d088f40087b2a809783305e6cb440.jpg,i_381_jpg.rf.6e8d088f40087b2a809783305e6cb440_box00.jpg,312,241,131,118,0,Cataract,0.5889423076923077,0.4817842323651452,0.3485576923076923,0.40684647302904564,0.1,accepted,
train,i_383_jpg.rf.c64381a1605ac3599faef41de1b3f315.jpg,i_383_jpg.rf.c64381a1605ac3599faef41de1b3f315_box00.jpg,109,88,105,82,0,Cataract,0.5004587155963303,0.5345454545454545,0.7992660550458716,0.7695454545454545,0.1,accepted,
train,i_384_jpg.rf.88783c33b590a5cf89c4d6c6301f9c00.jpg,i_384_jpg.rf.88783c33b590a5cf89c4d6c6301f9c00_box00.jpg,238,175,92,84,0,Cataract,0.5535294117647059,0.486,0.3202100840336134,0.39359999999999995,0.1,accepted,
train,i_385_jpg.rf.5961ad1bea42037d44600d347e78f306.jpg,i_385_jpg.rf.5961ad1bea42037d44600d347e78f306_box00.jpg,104,97,104,88,0,Cataract,0.5284615384615384,0.5484536082474227,0.9286538461538462,0.7461855670103092,0.1,accepted,
train,i_386_jpg.rf.522c438d4956a357068c1681571e01f1.jpg,i_386_jpg.rf.522c438d4956a357068c1681571e01f1_box00.jpg,417,270,135,96,0,Cataract,0.5115827338129497,0.49718518518518523,0.2683453237410072,0.2941851851851852,0.1,accepted,
train,i_388_jpg.rf.c55b21404a79a01a702e41862b820c65.jpg,i_388_jpg.rf.c55b21404a79a01a702e41862b820c65_box00.jpg,96,70,96,57,0,Cataract,0.5015625,0.44971428571428573,0.9728125,0.6777142857142857,0.1,accepted,
train,i_389_jpg.rf.f957ca8959859e6a3da690326446e890.jpg,i_389_jpg.rf.f957ca8959859e6a3da690326446e890_box00.jpg,286,187,113,79,0,Cataract,0.5096153846153846,0.5680213903743315,0.3269230769230769,0.3481818181818182,0.1,accepted,
train,i_390_jpg.rf.b7a164c712c2fc06822a29f590b43d75.jpg,i_390_jpg.rf.b7a164c712c2fc06822a29f590b43d75_box00.jpg,476,316,252,229,0,Cataract,0.5088655462184873,0.4855379746835443,0.44,0.6001265822784809,0.1,accepted,
train,i_391_jpg.rf.5d9af8de0fb21ffdf47d1a89c58b8010.jpg,i_391_jpg.rf.5d9af8de0fb21ffdf47d1a89c58b8010_box00.jpg,208,152,166,140,0,Cataract,0.5140865384615385,0.5757894736842105,0.6628365384615384,0.8235526315789474,0.1,accepted,
train,i_393_jpg.rf.f0797553701e44be5bf2e8fb0453b7ea.jpg,i_393_jpg.rf.f0797553701e44be5bf2e8fb0453b7ea_box00.jpg,294,306,294,281,0,Cataract,0.5250340136054422,0.4980718954248366,0.8756462585034014,0.7615032679738563,0.1,accepted,
train,i_394_png.rf.f28c63c856e7e56f76617f73b0b5b348.jpg,i_394_png.rf.f28c63c856e7e56f76617f73b0b5b348_box00.jpg,120,80,45,32,0,Cataract,0.47250000000000003,0.461625,0.3061666666666667,0.3225,0.1,accepted,
train,i_397_png.rf.0960e5aa8596a95a0064b96785c4ebd2.jpg,i_397_png.rf.0960e5aa8596a95a0064b96785c4ebd2_box00.jpg,120,80,42,38,0,Cataract,0.5324166666666666,0.509875,0.28358333333333335,0.3825,0.1,accepted,
train,i_398_png.rf.784ffecbca69efffb3dcaa4a41723e5b.jpg,i_398_png.rf.784ffecbca69efffb3dcaa4a41723e5b_box00.jpg,120,80,39,34,0,Cataract,0.5960833333333333,0.522875,0.26508333333333334,0.346,0.1,accepted,
train,i_39_jpg.rf.7aada1dcf4639bcea58d3ea28e9a598b.jpg,i_39_jpg.rf.7aada1dcf4639bcea58d3ea28e9a598b_box00.jpg,333,258,153,103,0,Cataract,0.5325225225225225,0.486046511627907,0.3803903903903904,0.3295348837209302,0.1,accepted,
train,i_3_jpg.rf.5fef863d114767a911c07a1a249c3206.jpg,i_3_jpg.rf.5fef863d114767a911c07a1a249c3206_box00.jpg,418,338,122,95,0,Cataract,0.42555023923444973,0.5310355029585799,0.2406937799043062,0.23183431952662722,0.1,accepted,
train,i_400_png.rf.a552a319cfcd429cacdaa7c2fb9af2fe.jpg,i_400_png.rf.a552a319cfcd429cacdaa7c2fb9af2fe_box00.jpg,120,80,38,34,0,Cataract,0.4994166666666667,0.5255,0.25925,0.340875,0.1,accepted,
train,i_401_png.rf.dbda41f3a907c8642fe66594b466607c.jpg,i_401_png.rf.dbda41f3a907c8642fe66594b466607c_box00.jpg,120,80,41,39,0,Cataract,0.5605,0.5055,0.2806666666666667,0.394625,0.1,accepted,
train,i_402_png.rf.7b9897d4aa1fdbc519989788e1b8547f.jpg,i_402_png.rf.7b9897d4aa1fdbc519989788e1b8547f_box00.jpg,120,80,39,35,0,Cataract,0.6148333333333333,0.51025,0.26675,0.357375,0.1,accepted,
train,i_403_png.rf.09db1a6663adef45ea7a0427fb340f8b.jpg,i_403_png.rf.09db1a6663adef45ea7a0427fb340f8b_box00.jpg,120,80,42,32,0,Cataract,0.5014166666666667,0.577125,0.2806666666666667,0.327875,0.1,accepted,
train,i_404_png.rf.b64e1b25d6d5677075277c7c6dc8d06c.jpg,i_404_png.rf.b64e1b25d6d5677075277c7c6dc8d06c_box00.jpg,120,80,41,32,0,Cataract,0.5615833333333333,0.573625,0.2806666666666667,0.327875,0.1,accepted,
train,i_405_png.rf.784e6e11664a315c7b4a6b1015000bcd.jpg,i_405_png.rf.784e6e11664a315c7b4a6b1015000bcd_box00.jpg,120,80,37,33,0,Cataract,0.51875,0.3955,0.2505833333333333,0.340125,0.1,accepted,
train,i_407_png.rf.a1469d5ba488f0beb179140047bdfa60.jpg,i_407_png.rf.a1469d5ba488f0beb179140047bdfa60_box00.jpg,120,80,33,37,0,Cataract,0.5126666666666667,0.47625,0.21975,0.37675000000000003,0.1,accepted,
train,i_408_png.rf.61d9b646b2290a71aae03633b53bf037.jpg,i_408_png.rf.61d9b646b2290a71aae03633b53bf037_box00.jpg,120,80,39,29,0,Cataract,0.48433333333333334,0.444125,0.26258333333333334,0.284625,0.1,accepted,
train,i_409_png.rf.b7193f646d2ab02d0b4da9f2cdcec647.jpg,i_409_png.rf.b7193f646d2ab02d0b4da9f2cdcec647_box00.jpg,120,80,34,35,0,Cataract,0.5975,0.45975,0.22741666666666666,0.35412499999999997,0.1,accepted,
train,i_40_jpg.rf.2a6ee980f3bb4d3fd1f4f0d968a72a41.jpg,i_40_jpg.rf.2a6ee980f3bb4d3fd1f4f0d968a72a41_box00.jpg,283,187,82,61,0,Cataract,0.39636042402826854,0.5154010695187166,0.2391166077738516,0.2643850267379679,0.1,accepted,
train,i_410_png.rf.2566a4af4a4f34bdb4238351ae1ba4f7.jpg,i_410_png.rf.2566a4af4a4f34bdb4238351ae1ba4f7_box00.jpg,120,80,39,28,0,Cataract,0.48433333333333334,0.586625,0.26258333333333334,0.284625,0.1,accepted,
train,i_411_png.rf.5052c675a75d01833ecaadde9362091b.jpg,i_411_png.rf.5052c675a75d01833ecaadde9362091b_box00.jpg,120,80,37,29,0,Cataract,0.43574999999999997,0.5145,0.251,0.29325,0.1,accepted,
train,i_415_png.rf.d0d2b2b5a65e447e753267fdd52ca69f.jpg,i_415_png.rf.d0d2b2b5a65e447e753267fdd52ca69f_box00.jpg,120,80,41,35,0,Cataract,0.5139166666666667,0.472,0.28225,0.35750000000000004,0.1,accepted,
train,i_417_png.rf.612aa332b9e46d73a5aa2efe211a3d7c.jpg,i_417_png.rf.612aa332b9e46d73a5aa2efe211a3d7c_box00.jpg,120,80,38,32,0,Cataract,0.5446666666666666,0.49887499999999996,0.258,0.33137500000000003,0.1,accepted,
train,i_41_jpg.rf.0e26655fb99c2ba93c71f0d9c8c4cbef.jpg,i_41_jpg.rf.0e26655fb99c2ba93c71f0d9c8c4cbef_box00.jpg,292,184,127,102,0,Cataract,0.512054794520548,0.5105434782608695,0.35876712328767124,0.45521739130434785,0.1,accepted,
train,i_421_png.rf.6c67121dcd4aac61bbdc4ccc8f3a1731.jpg,i_421_png.rf.6c67121dcd4aac61bbdc4ccc8f3a1731_box00.jpg,120,80,41,36,0,Cataract,0.47408333333333336,0.54925,0.2765,0.37312500000000004,0.1,accepted,
train,i_424_png.rf.0fafa15eb8ed3b9be19bbb2546efdbc8.jpg,i_424_png.rf.0fafa15eb8ed3b9be19bbb2546efdbc8_box00.jpg,120,80,40,35,0,Cataract,0.5094166666666667,0.38425,0.2753333333333333,0.359125,0.1,accepted,
train,i_425_png.rf.cd7340182808ef7ffc1470ceba639939.jpg,i_425_png.rf.cd7340182808ef7ffc1470ceba639939_box00.jpg,120,80,38,33,0,Cataract,0.503,0.45549999999999996,0.258,0.33137500000000003,0.1,accepted,
train,i_428_png.rf.e7c10b6e2b49412accbcef8a9fcf4140.jpg,i_428_png.rf.e7c10b6e2b49412accbcef8a9fcf4140_box00.jpg,120,80,42,33,0,Cataract,0.4995833333333334,0.391125,0.2788333333333333,0.33137500000000003,0.1,accepted,
train,i_429_png.rf.93eb7a3229dbf9eef2fa94dfa415a0a1.jpg,i_429_png.rf.93eb7a3229dbf9eef2fa94dfa415a0a1_box00.jpg,120,80,36,39,0,Cataract,0.38675,0.46675000000000005,0.24291666666666664,0.395625,0.1,accepted,
train,i_430_png.rf.508c39ac6bccc3a022ac485896e2f3a4.jpg,i_430_png.rf.508c39ac6bccc3a022ac485896e2f3a4_box00.jpg,120,80,41,40,0,Cataract,0.49725,0.530125,0.2765,0.40774999999999995,0.1,accepted,
train,i_431_png.rf.98e171e61cf0a5e8e417938a96af4647.jpg,i_431_png.rf.98e171e61cf0a5e8e417938a96af4647_box00.jpg,120,80,39,39,0,Cataract,0.4064166666666667,0.49974999999999997,0.26375,0.395625,0.1,accepted,
train,i_432_png.rf.21a72dd6f16d7fb1778605d53ff44644.jpg,i_432_png.rf.21a72dd6f16d7fb1778605d53ff44644_box00.jpg,120,80,40,36,0,Cataract,0.48391666666666666,0.42325,0.27075,0.37124999999999997,0.1,accepted,
train,i_434_png.rf.111e72b31b8ff5e963498283f876a7b0.jpg,i_434_png.rf.111e72b31b8ff5e963498283f876a7b0_box00.jpg,120,80,43,44,0,Cataract,0.50475,0.49012500000000003,0.28691666666666665,0.4425,0.1,accepted,
train,i_436_png.rf.aa144e8d09f51a8674beb108fc0b9002.jpg,i_436_png.rf.aa144e8d09f51a8674beb108fc0b9002_box00.jpg,120,80,43,39,0,Cataract,0.5378333333333334,0.491875,0.28575,0.397375,0.1,accepted,
train,i_437_png.rf.79bad5dd74a5338948cf7f5aabe7ac7d.jpg,i_437_png.rf.79bad5dd74a5338948cf7f5aabe7ac7d_box00.jpg,120,80,40,40,0,Cataract,0.5915833333333332,0.49787499999999996,0.27299999999999996,0.4025,0.1,accepted,
train,i_438_png.rf.efa3a0701b7cbf95d51d0124e7c49680.jpg,i_438_png.rf.efa3a0701b7cbf95d51d0124e7c49680_box00.jpg,120,80,39,29,0,Cataract,0.45558333333333334,0.43274999999999997,0.26725,0.289625,0.1,accepted,
train,i_43_jpg.rf.c213b695aa5488507c096d3c79744e5b.jpg,i_43_jpg.rf.c213b695aa5488507c096d3c79744e5b_box00.jpg,218,215,94,87,0,Cataract,0.5457798165137615,0.5334418604651162,0.35761467889908255,0.3313023255813954,0.1,accepted,
train,i_440_png.rf.7dc91f00d52d075e1b678353fda8fb25.jpg,i_440_png.rf.7dc91f00d52d075e1b678353fda8fb25_box00.jpg,120,80,40,35,0,Cataract,0.5603333333333332,0.44400000000000006,0.27066666666666667,0.346875,0.1,accepted,
train,i_441_png.rf.9b7a4ccedf72b78a8970aa8fa5323e74.jpg,i_441_png.rf.9b7a4ccedf72b78a8970aa8fa5323e74_box00.jpg,120,80,36,31,0,Cataract,0.5684166666666666,0.41712499999999997,0.24058333333333334,0.313875,0.1,accepted,
train,i_443_png.rf.8e18d0dea0d83e2c3d44ab4354dccc81.jpg,i_443_png.rf.8e18d0dea0d83e2c3d44ab4354dccc81_box00.jpg,120,80,40,42,0,Cataract,0.44283333333333336,0.484,0.26716666666666666,0.42675,0.1,accepted,
train,i_444_png.rf.99db7406b6f8ed2aa8d2b7d7ae13c85c.jpg,i_444_png.rf.99db7406b6f8ed2aa8d2b7d7ae13c85c_box00.jpg,120,80,42,38,0,Cataract,0.5080833333333333,0.499375,0.28358333333333335,0.392875,0.1,accepted,
train,i_445_png.rf.25b342c07957f81136650eef7d4339fb.jpg,i_445_png.rf.25b342c07957f81136650eef7d4339fb_box00.jpg,120,80,41,36,0,Cataract,0.5631666666666667,0.495375,0.2810833333333333,0.365875,0.1,accepted,
train,i_447_png.rf.07e6fbf39f3db36ed0aebcd067f17e7e.jpg,i_447_png.rf.07e6fbf39f3db36ed0aebcd067f17e7e_box00.jpg,120,80,41,36,0,Cataract,0.5875,0.42062499999999997,0.2810833333333333,0.365875,0.1,accepted,
train,i_448_png.rf.a39f896314746fcde9dcce6a1f70ceac.jpg,i_448_png.rf.a39f896314746fcde9dcce6a1f70ceac_box00.jpg,120,80,42,41,0,Cataract,0.46675,0.4955,0.2806666666666667,0.411125,0.1,accepted,
train,i_450_png.rf.58b0649c1a06fb9931b28e3f3e5cafbe.jpg,i_450_png.rf.58b0649c1a06fb9931b28e3f3e5cafbe_box00.jpg,120,80,42,36,0,Cataract,0.5300833333333334,0.54025,0.2859166666666667,0.36,0.1,accepted,
train,i_451_png.rf.454fce8a1089f1c77a8c5b631ff56c4a.jpg,i_451_png.rf.454fce8a1089f1c77a8c5b631ff56c4a_box00.jpg,120,80,42,38,0,Cataract,0.6169166666666667,0.48724999999999996,0.2859166666666667,0.3895,0.1,accepted,
train,i_452_png.rf.f98a213980fef86807dcaed4051d0e70.jpg,i_452_png.rf.f98a213980fef86807dcaed4051d0e70_box00.jpg,120,80,41,36,0,Cataract,0.49566666666666664,0.554125,0.27608333333333335,0.366875,0.1,accepted,
train,i_453_png.rf.25b8bbcfaa0cd6a57364208a19adcc4a.jpg,i_453_png.rf.25b8bbcfaa0cd6a57364208a19adcc4a_box00.jpg,120,80,44,32,0,Cataract,0.55675,0.57275,0.29741666666666666,0.326125,0.1,accepted,
train,i_455_png.rf.a6199b206067ad609603760db286302e.jpg,i_455_png.rf.a6199b206067ad609603760db286302e_box00.jpg,120,80,40,36,0,Cataract,0.5161666666666667,0.5337500000000001,0.26508333333333334,0.3625,0.1,accepted,
train,i_456_png.rf.bb1efc22741bb8562978f47f7ee58890.jpg,i_456_png.rf.bb1efc22741bb8562978f47f7ee58890_box00.jpg,120,80,33,37,0,Cataract,0.5688333333333334,0.505,0.2245,0.378125,0.1,accepted,
train,i_459_png.rf.758584c8213da8132e3fedc3185c9d1f.jpg,i_459_png.rf.758584c8213da8132e3fedc3185c9d1f_box00.jpg,120,80,40,41,0,Cataract,0.5153333333333333,0.44387499999999996,0.27375,0.41725,0.1,accepted,
train,i_461_png.rf.ba3aa88e6d01ff0876735822fd765230.jpg,i_461_png.rf.ba3aa88e6d01ff0876735822fd765230_box00.jpg,120,80,41,39,0,Cataract,0.45575,0.517625,0.27949999999999997,0.38775,0.1,accepted,
train,i_462_png.rf.965b6b8bfaea7c0855d10064a49af2b9.jpg,i_462_png.rf.965b6b8bfaea7c0855d10064a49af2b9_box00.jpg,120,80,40,37,0,Cataract,0.5161666666666667,0.515,0.272,0.372125,0.1,accepted,
train,i_464_png.rf.7c9e9fd888e574597a7610b7cc427226.jpg,i_464_png.rf.7c9e9fd888e574597a7610b7cc427226_box00.jpg,120,80,43,36,0,Cataract,0.5393333333333333,0.377875,0.2905,0.3685,0.1,accepted,
train,i_467_png.rf.e642c018a890fca466c7de9813edc12d.jpg,i_467_png.rf.e642c018a890fca466c7de9813edc12d_box00.jpg,120,80,44,34,0,Cataract,0.41725,0.548,0.29633333333333334,0.344375,0.1,accepted,
train,i_469_png.rf.5ae82f1b19d998c42522222e7df16925.jpg,i_469_png.rf.5ae82f1b19d998c42522222e7df16925_box00.jpg,120,80,42,40,0,Cataract,0.5335833333333333,0.5255,0.2859166666666667,0.40337500000000004,0.1,accepted,
train,i_470_png.rf.bfbaa2baf5e09f564063865ea04943e5.jpg,i_470_png.rf.bfbaa2baf5e09f564063865ea04943e5_box00.jpg,120,80,40,36,0,Cataract,0.6000833333333334,0.5255,0.26616666666666666,0.361625,0.1,accepted,
train,i_472_png.rf.1569149a3e34eecc291e0ab26880be45.jpg,i_472_png.rf.1569149a3e34eecc291e0ab26880be45_box00.jpg,120,80,35,37,0,Cataract,0.39466666666666667,0.46637500000000004,0.23958333333333334,0.379,0.1,accepted,
train,i_473_png.rf.a71f42fdc48b671b6bee88c25f143e7d.jpg,i_473_png.rf.a71f42fdc48b671b6bee88c25f143e7d_box00.jpg,120,80,43,39,0,Cataract,0.44908333333333333,0.45337500000000003,0.2905,0.394625,0.1,accepted,
train,i_474_png.rf.7e9f79a0ee7f98f38f6f81c354b8c7e8.jpg,i_474_png.rf.7e9f79a0ee7f98f38f6f81c354b8c7e8_box00.jpg,120,80,43,41,0,Cataract,0.5046666666666667,0.44387499999999996,0.2905,0.41725,0.1,accepted,
train,i_475_png.rf.d4ad53dd9b55805f586295e15726fabf.jpg,i_475_png.rf.d4ad53dd9b55805f586295e15726fabf_box00.jpg,120,80,43,41,0,Cataract,0.5715,0.445625,0.28875,0.42062499999999997,0.1,accepted,
train,i_476_png.rf.c6c4b4c847483a8a16e862a61f369e1e.jpg,i_476_png.rf.c6c4b4c847483a8a16e862a61f369e1e_box00.jpg,120,80,40,39,0,Cataract,0.6220833333333334,0.45725,0.2708333333333333,0.39025,0.1,accepted,
train,i_477_png.rf.90425df26272c4c3c15859971b84c2c7.jpg,i_477_png.rf.90425df26272c4c3c15859971b84c2c7_box00.jpg,120,80,40,39,0,Cataract,0.44299999999999995,0.52975,0.26791666666666664,0.401625,0.1,accepted,
train,i_478_png.rf.667fdff54e371901ad79756ec16aee9b.jpg,i_478_png.rf.667fdff54e371901ad79756ec16aee9b_box00.jpg,120,80,41,38,0,Cataract,0.5049166666666667,0.51325,0.28300000000000003,0.3895,0.1,accepted,
train,i_479_png.rf.d9446e5fe0e5c9740d69783b40c65f9b.jpg,i_479_png.rf.d9446e5fe0e5c9740d69783b40c65f9b_box00.jpg,120,80,40,37,0,Cataract,0.5668333333333333,0.534125,0.27725000000000005,0.379125,0.1,accepted,
train,i_47_jpg.rf.0d2f8ed726c2d0463d3c2099d89a3596.jpg,i_47_jpg.rf.0d2f8ed726c2d0463d3c2099d89a3596_box00.jpg,278,210,82,72,0,Cataract,0.513273381294964,0.5474761904761904,0.2431294964028777,0.28185714285714286,0.1,accepted,
train,i_480_png.rf.e421394f66bf1325242ee8b75268d2b7.jpg,i_480_png.rf.e421394f66bf1325242ee8b75268d2b7_box00.jpg,120,80,40,36,0,Cataract,0.6313333333333334,0.5025000000000001,0.27316666666666667,0.359,0.1,accepted,
train,i_481_png.rf.5ce4122235490a90edbd598328950fa9.jpg,i_481_png.rf.5ce4122235490a90edbd598328950fa9_box00.jpg,120,80,42,38,0,Cataract,0.4745,0.449,0.2859166666666667,0.386,0.1,accepted,
train,i_482_png.rf.004e280121279769ca96be009f45c4f6.jpg,i_482_png.rf.004e280121279769ca96be009f45c4f6_box00.jpg,120,80,40,38,0,Cataract,0.5306666666666666,0.433375,0.27316666666666667,0.385875,0.1,accepted,
train,i_483_png.rf.7f697e28616ced42c98fc651f89805cd.jpg,i_483_png.rf.7f697e28616ced42c98fc651f89805cd_box00.jpg,120,80,40,37,0,Cataract,0.5975,0.44425,0.2714166666666667,0.381625,0.1,accepted,
train,i_484_png.rf.c53c142335ee78b8b57a8e03953b5d28.jpg,i_484_png.rf.c53c142335ee78b8b57a8e03953b5d28_box00.jpg,120,80,38,37,0,Cataract,0.4745,0.511625,0.25808333333333333,0.3755,0.1,accepted,
train,i_485_png.rf.1aa9264b77a7bfe0ae0de0172c4dfd34.jpg,i_485_png.rf.1aa9264b77a7bfe0ae0de0172c4dfd34_box00.jpg,120,80,42,34,0,Cataract,0.5335833333333333,0.53975,0.2859166666666667,0.3435,0.1,accepted,
train,i_486_png.rf.7bdfa3b01f5775f3d3a51789048339a1.jpg,i_486_png.rf.7bdfa3b01f5775f3d3a51789048339a1_box00.jpg,120,80,37,39,0,Cataract,0.4375,0.45125000000000004,0.2535,0.3955,0.1,accepted,
train,i_487_png.rf.5fec126c90edd98753dbd4efaf507f8f.jpg,i_487_png.rf.5fec126c90edd98753dbd4efaf507f8f_box00.jpg,120,80,40,38,0,Cataract,0.5023333333333333,0.436875,0.272,0.392875,0.1,accepted,
train,i_488_png.rf.155e60deaaafde080a348922c05e78f4.jpg,i_488_png.rf.155e60deaaafde080a348922c05e78f4_box00.jpg,120,80,43,39,0,Cataract,0.5546666666666666,0.430875,0.28991666666666666,0.40149999999999997,0.1,accepted,
train,i_48_jpg.rf.ae6454757ce0c11b4bfcf317a8c1b901.jpg,i_48_jpg.rf.ae6454757ce0c11b4bfcf317a8c1b901_box00.jpg,176,203,63,42,0,Cataract,0.4620454545454545,0.49719211822660103,0.29607954545454546,0.168128078817734,0.1,accepted,
train,i_491_png.rf.f78cd4e400d923f263e5d34c97e63804.jpg,i_491_png.rf.f78cd4e400d923f263e5d34c97e63804_box00.jpg,120,80,43,34,0,Cataract,0.6203333333333333,0.503375,0.2859166666666667,0.346875,0.1,accepted,
train,i_492_png.rf.c2036761409112590e300989ba9f3c65.jpg,i_492_png.rf.c2036761409112590e300989ba9f3c65_box00.jpg,120,80,36,33,0,Cataract,0.4658333333333333,0.390375,0.24766666666666665,0.336375,0.1,accepted,
train,i_493_png.rf.353d9b1ced641a717022ab8287bbb08b.jpg,i_493_png.rf.353d9b1ced641a717022ab8287bbb08b_box00.jpg,120,80,31,33,0,Cataract,0.56225,0.433375,0.21466666666666667,0.33725,0.1,accepted,
train,i_494_png.rf.79bad5e72aa5094bb30ad6761d599056.jpg,i_494_png.rf.79bad5e72aa5094bb30ad6761d599056_box00.jpg,120,80,38,40,0,Cataract,0.52375,0.488125,0.25233333333333335,0.401625,0.1,accepted,
train,i_496_png.rf.74c550e28c64a0d4435dd11592692bb9.jpg,i_496_png.rf.74c550e28c64a0d4435dd11592692bb9_box00.jpg,120,80,38,38,0,Cataract,0.5225833333333333,0.548875,0.25925,0.377375,0.1,accepted,
train,i_497_png.rf.4d5ab5cd434b7569799b0e1ed1f7d2cf.jpg,i_497_png.rf.4d5ab5cd434b7569799b0e1ed1f7d2cf_box00.jpg,120,80,33,29,0,Cataract,0.3715,0.5081249999999999,0.22566666666666665,0.28525,0.1,accepted,
train,i_498_png.rf.bdc8a9df1c8fdaa7ad8f18c3c704de11.jpg,i_498_png.rf.bdc8a9df1c8fdaa7ad8f18c3c704de11_box00.jpg,120,80,35,33,0,Cataract,0.5477500000000001,0.405625,0.23441666666666666,0.34075,0.1,accepted,
train,i_499_png.rf.46a6eb1be0c9eef0ef4cdf52afa42953.jpg,i_499_png.rf.46a6eb1be0c9eef0ef4cdf52afa42953_box00.jpg,120,80,41,37,0,Cataract,0.4276666666666667,0.46987500000000004,0.28008333333333335,0.372125,0.1,accepted,
train,i_49_jpg.rf.51bbf5ef8e67f1c02c58496eeeec0517.jpg,i_49_jpg.rf.51bbf5ef8e67f1c02c58496eeeec0517_box00.jpg,294,250,64,77,0,Cataract,0.46258503401360546,0.44912,0.17687074829931973,0.25292,0.1,accepted,
train,i_4_jpg.rf.5b5074640367a3ac316b2fb0b544ad80.jpg,i_4_jpg.rf.5b5074640367a3ac316b2fb0b544ad80_box00.jpg,470,319,151,113,0,Cataract,0.5304468085106383,0.5253605015673981,0.2665531914893617,0.2931347962382445,0.1,accepted,
train,i_503_png.rf.b9830067ad8a24dc2fcb5db89c1b33e4.jpg,i_503_png.rf.b9830067ad8a24dc2fcb5db89c1b33e4_box00.jpg,120,80,39,38,0,Cataract,0.45366666666666666,0.478125,0.2604166666666667,0.38687499999999997,0.1,accepted,
train,i_504_png.rf.d1a153e5bbd7a238ee54d00a8531e068.jpg,i_504_png.rf.d1a153e5bbd7a238ee54d00a8531e068_box00.jpg,120,80,39,38,0,Cataract,0.511,0.496,0.26158333333333333,0.386,0.1,accepted,
train,i_505_png.rf.795fbd35b0846bc7b36a21866ba10346.jpg,i_505_png.rf.795fbd35b0846bc7b36a21866ba10346_box00.jpg,120,80,37,35,0,Cataract,0.5373333333333333,0.54375,0.25525,0.3565,0.1,accepted,
train,i_507_png.rf.fcf8098ded0a63459fd1dbd301fa6c47.jpg,i_507_png.rf.fcf8098ded0a63459fd1dbd301fa6c47_box00.jpg,120,80,39,37,0,Cataract,0.5381666666666667,0.495125,0.2673333333333333,0.373875,0.1,accepted,
train,i_508_png.rf.6891e096178ec4cbefdbba26bda9979a.jpg,i_508_png.rf.6891e096178ec4cbefdbba26bda9979a_box00.jpg,120,80,37,32,0,Cataract,0.4716666666666667,0.538,0.24533333333333335,0.3295,0.1,accepted,
train,i_50_jpg.rf.398a6a8940f38e1de3e752a5eafb20d2.jpg,i_50_jpg.rf.398a6a8940f38e1de3e752a5eafb20d2_box00.jpg,264,215,86,71,0,Cataract,0.5997348484848485,0.5558139534883721,0.2693560606060606,0.2727441860465116,0.1,accepted,
train,i_510_png.rf.561f52a3260087e056454992ae4a0407.jpg,i_510_png.rf.561f52a3260087e056454992ae4a0407_box00.jpg,120,80,40,34,0,Cataract,0.5584166666666667,0.49762500000000004,0.27316666666666667,0.34775,0.1,accepted,
train,i_511_png.rf.921979dcee2219316a02c4801d92ea76.jpg,i_511_png.rf.921979dcee2219316a02c4801d92ea76_box00.jpg,120,80,40,35,0,Cataract,0.45808333333333334,0.489375,0.27025,0.35724999999999996,0.1,accepted,
train,i_513_png.rf.a509108631fc85fe847fc6e648fd3a0a.jpg,i_513_png.rf.a509108631fc85fe847fc6e648fd3a0a_box00.jpg,120,80,39,36,0,Cataract,0.4901666666666667,0.43475,0.26158333333333333,0.3625,0.1,accepted,
train,i_515_png.rf.2057c2192c4ffb9b9044435012330b11.jpg,i_515_png.rf.2057c2192c4ffb9b9044435012330b11_box00.jpg,120,80,39,26,0,Cataract,0.45108333333333334,0.5666249999999999,0.26333333333333336,0.26187499999999997,0.1,accepted,
train,i_516_png.rf.b2038fcc5468f00a2e698e8ad1c2e53b.jpg,i_516_png.rf.b2038fcc5468f00a2e698e8ad1c2e53b_box00.jpg,120,80,39,28,0,Cataract,0.5685833333333333,0.55275,0.26216666666666666,0.286125,0.1,accepted,
train,i_517_png.rf.a1557604b431920d1ced0010a4c3ff96.jpg,i_517_png.rf.a1557604b431920d1ced0010a4c3ff96_box00.jpg,120,80,39,37,0,Cataract,0.4858333333333333,0.4295,0.26791666666666664,0.37287499999999996,0.1,accepted,
train,i_51_jpg.rf.5385418437901c163760918ed0e41b36.jpg,i_51_jpg.rf.5385418437901c163760918ed0e41b36_box00.jpg,286,197,171,164,0,Cataract,0.48888111888111885,0.5061421319796954,0.4956293706293706,0.6899492385786802,0.1,accepted,
train,i_520_png.rf.c6f45759e691da0abf104530a841866b.jpg,i_520_png.rf.c6f45759e691da0abf104530a841866b_box00.jpg,120,80,42,33,0,Cataract,0.5416666666666666,0.53025,0.28358333333333335,0.33475,0.1,accepted,
train,i_521_png.rf.93b9fff9d2b932b7431cd3721408ceb0.jpg,i_521_png.rf.93b9fff9d2b932b7431cd3721408ceb0_box00.jpg,120,80,39,31,0,Cataract,0.44908333333333333,0.35875,0.26275,0.3095,0.1,accepted,
train,i_522_png.rf.512bbb98441e77d551ed6d49e2a9f711.jpg,i_522_png.rf.512bbb98441e77d551ed6d49e2a9f711_box00.jpg,120,80,40,33,0,Cataract,0.45541666666666664,0.491125,0.2708333333333333,0.3295,0.1,accepted,
train,i_523_png.rf.5182aef318eb854b0669e4ebd96b95e3.jpg,i_523_png.rf.5182aef318eb854b0669e4ebd96b95e3_box00.jpg,120,80,41,36,0,Cataract,0.5040833333333333,0.445125,0.28008333333333335,0.3625,0.1,accepted,
train,i_525_png.rf.9208b99912b78b9cee8a22aa67186b7a.jpg,i_525_png.rf.9208b99912b78b9cee8a22aa67186b7a_box00.jpg,120,80,43,36,0,Cataract,0.44591666666666663,0.5055,0.2853333333333333,0.363375,0.1,accepted,
train,i_526_png.rf.b6d290a6375c9bd60f41a5428b91173a.jpg,i_526_png.rf.b6d290a6375c9bd60f41a5428b91173a_box00.jpg,120,80,40,37,0,Cataract,0.4756666666666666,0.44037499999999996,0.2743333333333334,0.372,0.1,accepted,
train,i_527_png.rf.809ee2d72adc3c9a304c714b5d14d834.jpg,i_527_png.rf.809ee2d72adc3c9a304c714b5d14d834_box00.jpg,120,80,42,39,0,Cataract,0.5338333333333334,0.4325,0.28300000000000003,0.394625,0.1,accepted,
train,i_528_png.rf.50ed3a35f55cc81b02da9f6ea305ce68.jpg,i_528_png.rf.50ed3a35f55cc81b02da9f6ea305ce68_box00.jpg,120,80,39,38,0,Cataract,0.5989166666666667,0.43512500000000004,0.2639166666666667,0.379,0.1,accepted,
train,i_529_png.rf.9e174eac632a54cf719071660d614f22.jpg,i_529_png.rf.9e174eac632a54cf719071660d614f22_box00.jpg,120,80,41,33,0,Cataract,0.47075,0.52975,0.2818333333333333,0.339125,0.1,accepted,
train,i_52_jpg.rf.7b9587c28e995012a20214944f7c167c.jpg,i_52_jpg.rf.7b9587c28e995012a20214944f7c167c_box00.jpg,178,188,66,44,0,Cataract,0.42696629213483145,0.51,0.3089887640449438,0.18845744680851065,0.1,accepted,
train,i_530_png.rf.745a4d2e64b4ae531c30ff2bc15146cb.jpg,i_530_png.rf.745a4d2e64b4ae531c30ff2bc15146cb_box00.jpg,120,80,43,37,0,Cataract,0.5043333333333334,0.43075,0.28641666666666665,0.38075000000000003,0.1,accepted,
train,i_531_png.rf.49651e5bbe47ac7a55ef49b3f97bce9d.jpg,i_531_png.rf.49651e5bbe47ac7a55ef49b3f97bce9d_box00.jpg,120,80,42,36,0,Cataract,0.56625,0.4365,0.2875833333333333,0.366,0.1,accepted,
train,i_532_png.rf.a613012f1866e3054bfa66ef5bbd8c0f.jpg,i_532_png.rf.a613012f1866e3054bfa66ef5bbd8c0f_box00.jpg,120,80,38,37,0,Cataract,0.441,0.53325,0.26275,0.37725,0.1,accepted,
train,i_533_png.rf.40d734283c42ea1c245abee705090209.jpg,i_533_png.rf.40d734283c42ea1c245abee705090209_box00.jpg,120,80,40,35,0,Cataract,0.5,0.5237499999999999,0.26966666666666667,0.35475,0.1,accepted,
train,i_534_png.rf.1548e4eb9edfc11513764af858546335.jpg,i_534_png.rf.1548e4eb9edfc11513764af858546335_box00.jpg,120,80,41,28,0,Cataract,0.5633333333333332,0.55325,0.27949999999999997,0.28175,0.1,accepted,
train,i_536_png.rf.9998274e7ef4dcab7a61a73aaa8a4e4a.jpg,i_536_png.rf.9998274e7ef4dcab7a61a73aaa8a4e4a_box00.jpg,120,80,36,33,0,Cataract,0.5251666666666667,0.43075,0.2378333333333333,0.328625,0.1,accepted,
train,i_537_png.rf.66314fa829537ec600e6302a3f114f08.jpg,i_537_png.rf.66314fa829537ec600e6302a3f114f08_box00.jpg,120,80,38,31,0,Cataract,0.41375,0.5055,0.2569166666666666,0.31825000000000003,0.1,accepted,
train,i_538_png.rf.a794c4c47859067eed6e46dad5af0c67.jpg,i_538_png.rf.a794c4c47859067eed6e46dad5af0c67_box00.jpg,120,80,41,32,0,Cataract,0.5035000000000001,0.48600000000000004,0.28125,0.3295,0.1,accepted,
train,i_539_png.rf.9d55c520ef39a0d30f8072f8fd02bed8.jpg,i_539_png.rf.9d55c520ef39a0d30f8072f8fd02bed8_box00.jpg,120,80,40,35,0,Cataract,0.5648333333333333,0.47775,0.272,0.353,0.1,accepted,
train,i_53_jpg.rf.845b8a62700a8d14f7bb743b39be423f.jpg,i_53_jpg.rf.845b8a62700a8d14f7bb743b39be423f_box00.jpg,304,163,98,92,0,Cataract,0.47148026315789476,0.49466257668711655,0.2650657894736842,0.4647239263803681,0.1,accepted,
train,i_541_png.rf.6ca220da37d5bf37922395ca7730e333.jpg,i_541_png.rf.6ca220da37d5bf37922395ca7730e333_box00.jpg,120,80,40,35,0,Cataract,0.5561666666666666,0.5471250000000001,0.2685,0.353,0.1,accepted,
train,i_542_png.rf.98598406593c7ea3f91bea8ec2f3b4f7.jpg,i_542_png.rf.98598406593c7ea3f91bea8ec2f3b4f7_box00.jpg,120,80,38,33,0,Cataract,0.4658333333333333,0.524125,0.25466666666666665,0.333,0.1,accepted,
train,i_544_png.rf.5a43ec564712c005a474780a8a1055d1.jpg,i_544_png.rf.5a43ec564712c005a474780a8a1055d1_box00.jpg,120,80,40,34,0,Cataract,0.49275,0.4625,0.27025,0.33475,0.1,accepted,
train,i_547_png.rf.824abe2cc2fa81324a20b76ce2446476.jpg,i_547_png.rf.824abe2cc2fa81324a20b76ce2446476_box00.jpg,120,80,39,34,0,Cataract,0.4548333333333333,0.5002500000000001,0.26966666666666667,0.34950000000000003,0.1,accepted,
train,i_548_png.rf.b1ba46a7eb47d65dbe79abed6d6e736f.jpg,i_548_png.rf.b1ba46a7eb47d65dbe79abed6d6e736f_box00.jpg,120,80,42,37,0,Cataract,0.48033333333333333,0.43,0.28358333333333335,0.368625,0.1,accepted,
train,i_549_png.rf.711cc29dc6d7abb5032f56142d77f18d.jpg,i_549_png.rf.711cc29dc6d7abb5032f56142d77f18d_box00.jpg,120,80,41,35,0,Cataract,0.5931666666666667,0.446875,0.28008333333333335,0.35550000000000004,0.1,accepted,
train,i_54_jpg.rf.49f7386a1a1f10168efdcac208b600b5.jpg,i_54_jpg.rf.49f7386a1a1f10168efdcac208b600b5_box00.jpg,244,138,73,60,0,Cataract,0.6215983606557377,0.6594202898550725,0.24491803278688523,0.35434782608695653,0.1,accepted,
train,i_550_png.rf.90cf052a03fc0b1e8463c34710e281fc.jpg,i_550_png.rf.90cf052a03fc0b1e8463c34710e281fc_box00.jpg,120,80,41,36,0,Cataract,0.5375833333333334,0.499875,0.27316666666666667,0.36775,0.1,accepted,
train,i_551_png.rf.af60779bea4894c483c692f424054a4f.jpg,i_551_png.rf.af60779bea4894c483c692f424054a4f_box00.jpg,120,80,39,35,0,Cataract,0.44816666666666666,0.458125,0.2645,0.346875,0.1,accepted,
train,i_552_png.rf.29cfe7169cfba94b1734bb843aa872e0.jpg,i_552_png.rf.29cfe7169cfba94b1734bb843aa872e0_box00.jpg,120,80,42,32,0,Cataract,0.452,0.537125,0.28241666666666665,0.317375,0.1,accepted,
train,i_553_png.rf.ee6370acd9615fc87f238b68890f797b.jpg,i_553_png.rf.ee6370acd9615fc87f238b68890f797b_box00.jpg,120,80,41,32,0,Cataract,0.5063333333333333,0.5353749999999999,0.28008333333333335,0.32437499999999997,0.1,accepted,
train,i_555_png.rf.377be3e02c9b206e522b0e203c2e4e5e.jpg,i_555_png.rf.377be3e02c9b206e522b0e203c2e4e5e_box00.jpg,120,80,37,34,0,Cataract,0.6275833333333334,0.51325,0.24825,0.34775,0.1,accepted,
train,i_556_png.rf.a9f759309bdf78d2012c6614fb862720.jpg,i_556_png.rf.a9f759309bdf78d2012c6614fb862720_box00.jpg,120,80,40,32,0,Cataract,0.5654166666666666,0.5862499999999999,0.26616666666666666,0.3165,0.1,accepted,
train,i_55_jpg.rf.a85eaa85275dc1f212544126f0b0c64b.jpg,i_55_jpg.rf.a85eaa85275dc1f212544126f0b0c64b_box00.jpg,272,183,113,124,0,Cataract,0.6888970588235294,0.4973224043715847,0.3413970588235294,0.5609289617486339,0.1,accepted,
train,i_560_png.rf.22920cdd4fcab0f41bda3f21d681b81b.jpg,i_560_png.rf.22920cdd4fcab0f41bda3f21d681b81b_box00.jpg,120,80,34,29,0,Cataract,0.4673333333333333,0.6174999999999999,0.2309166666666667,0.28875,0.1,accepted,
train,i_561_png.rf.cad904a329781e909842606d2e95e5b2.jpg,i_561_png.rf.cad904a329781e909842606d2e95e5b2_box00.jpg,120,80,33,29,0,Cataract,0.5155833333333333,0.581,0.22225,0.29575,0.1,accepted,
train,i_562_png.rf.b46e8be185f0f8508d628b0e1ea1bf5c.jpg,i_562_png.rf.b46e8be185f0f8508d628b0e1ea1bf5c_box00.jpg,120,80,34,28,0,Cataract,0.5575833333333333,0.614,0.22624999999999998,0.28175,0.1,accepted,
train,i_563_png.rf.c70b98d3fe43baa884377868ff184c08.jpg,i_563_png.rf.c70b98d3fe43baa884377868ff184c08_box00.jpg,120,80,34,28,0,Cataract,0.48408333333333337,0.5271250000000001,0.232,0.28175,0.1,accepted,
train,i_564_png.rf.2a0e04e00def6be4d6ceff3b1901354e.jpg,i_564_png.rf.2a0e04e00def6be4d6ceff3b1901354e_box00.jpg,120,80,37,31,0,Cataract,0.48491666666666666,0.504625,0.25116666666666665,0.32,0.1,accepted,
train,i_566_png.rf.1fe3e487323b32a21d0ebc8030a25a3f.jpg,i_566_png.rf.1fe3e487323b32a21d0ebc8030a25a3f_box00.jpg,120,80,37,31,0,Cataract,0.4609166666666667,0.514625,0.2529166666666667,0.31037499999999996,0.1,accepted,
train,i_567_png.rf.13f52f9599c51ad617a60feeea51c1fd.jpg,i_567_png.rf.13f52f9599c51ad617a60feeea51c1fd_box00.jpg,120,80,38,30,0,Cataract,0.49041666666666667,0.59925,0.25633333333333336,0.294,0.1,accepted,
train,i_568_png.rf.9db340ef9899971210ea6348f222f393.jpg,i_568_png.rf.9db340ef9899971210ea6348f222f393_box00.jpg,120,80,39,31,0,Cataract,0.50925,0.5445,0.26508333333333334,0.306125,0.1,accepted,
train,i_569_png.rf.16b97a4a9a2492e423b0562cbbfd077f.jpg,i_569_png.rf.16b97a4a9a2492e423b0562cbbfd077f_box00.jpg,120,80,35,31,0,Cataract,0.5375833333333334,0.568375,0.2315,0.314,0.1,accepted,
train,i_56_jpg.rf.dd5769d241158d318fd9ad9aecbe2838.jpg,i_56_jpg.rf.dd5769d241158d318fd9ad9aecbe2838_box00.jpg,270,128,122,95,0,Cataract,0.48929629629629634,0.630546875,0.3711851851851852,0.61359375,0.1,accepted,
train,i_570_png.rf.63cfefdfbcb5941d8e3f7e1cd94d5cb0.jpg,i_570_png.rf.63cfefdfbcb5941d8e3f7e1cd94d5cb0_box00.jpg,120,80,38,30,0,Cataract,0.48841666666666667,0.5237499999999999,0.25808333333333333,0.29562499999999997,0.1,accepted,
train,i_571_png.rf.2e12ce82ef8270c1d1ed9b278d95792a.jpg,i_571_png.rf.2e12ce82ef8270c1d1ed9b278d95792a_box00.jpg,120,80,37,30,0,Cataract,0.43,0.5862499999999999,0.25,0.306125,0.1,accepted,
train,i_573_png.rf.9faa5dded6afb50d909bfa882bf587c0.jpg,i_573_png.rf.9faa5dded6afb50d909bfa882bf587c0_box00.jpg,120,80,36,26,0,Cataract,0.48383333333333334,0.66525,0.24883333333333332,0.26625,0.1,accepted,
train,i_575_png.rf.71e98e096fcc1b23cb562025b74c2539.jpg,i_575_png.rf.71e98e096fcc1b23cb562025b74c2539_box00.jpg,120,80,40,33,0,Cataract,0.5167499999999999,0.5818749999999999,0.26616666666666666,0.32875,0.1,accepted,
train,i_576_png.rf.9c2a4a1a916bc280d729515b7993e640.jpg,i_576_png.rf.9c2a4a1a916bc280d729515b7993e640_box00.jpg,120,80,41,29,0,Cataract,0.463,0.6431250000000001,0.2765833333333333,0.30012500000000003,0.1,accepted,
train,i_577_png.rf.a2a0c9680d048dfdf3fb945ce12e2d4c.jpg,i_577_png.rf.a2a0c9680d048dfdf3fb945ce12e2d4c_box00.jpg,120,80,40,28,0,Cataract,0.5167499999999999,0.6252500000000001,0.26616666666666666,0.280125,0.1,accepted,
train,i_578_png.rf.b8bc91980b84f087d8668e80bccbd62a.jpg,i_578_png.rf.b8bc91980b84f087d8668e80bccbd62a_box00.jpg,120,80,38,31,0,Cataract,0.489,0.545375,0.25925,0.311375,0.1,accepted,
train,i_579_png.rf.11ed244185a83d616c1fd5556d48f604.jpg,i_579_png.rf.11ed244185a83d616c1fd5556d48f604_box00.jpg,120,80,40,27,0,Cataract,0.548,0.659125,0.27316666666666667,0.268,0.1,accepted,
train,i_57_jpg.rf.4f01a22bff561914feec9622cb92fe04.jpg,i_57_jpg.rf.4f01a22bff561914feec9622cb92fe04_box00.jpg,244,203,95,73,0,Cataract,0.48893442622950817,0.5499507389162561,0.3206967213114754,0.2978325123152709,0.1,accepted,
train,i_580_png.rf.293e2e6d23ba3596878d348828520525.jpg,i_580_png.rf.293e2e6d23ba3596878d348828520525_box00.jpg,120,80,38,32,0,Cataract,0.5173333333333333,0.60225,0.2604166666666667,0.319125,0.1,accepted,
train,i_581_png.rf.39a15c34dfc0b80cfc7a7d2e018a917b.jpg,i_581_png.rf.39a15c34dfc0b80cfc7a7d2e018a917b_box00.jpg,120,80,37,27,0,Cataract,0.5705833333333333,0.577125,0.25575000000000003,0.27225,0.1,accepted,
train,i_583_png.rf.96bd46471956ca136c1ad2b90f6f9b6b.jpg,i_583_png.rf.96bd46471956ca136c1ad2b90f6f9b6b_box00.jpg,120,80,37,29,0,Cataract,0.5353333333333333,0.494625,0.24766666666666665,0.29474999999999996,0.1,accepted,
train,i_586_png.rf.b8f18e6aa32c4726fd8558c2862901d6.jpg,i_586_png.rf.b8f18e6aa32c4726fd8558c2862901d6_box00.jpg,120,80,38,29,0,Cataract,0.4349166666666667,0.58975,0.25866666666666666,0.29225,0.1,accepted,
train,i_587_png.rf.c2db13729917a3d933986fc302f16e6e.jpg,i_587_png.rf.c2db13729917a3d933986fc302f16e6e_box00.jpg,120,80,39,27,0,Cataract,0.5353333333333333,0.619625,0.26158333333333333,0.267125,0.1,accepted,
train,i_588_png.rf.286ad6366c3a67f679984ef96b21be02.jpg,i_588_png.rf.286ad6366c3a67f679984ef96b21be02_box00.jpg,120,80,37,21,0,Cataract,0.5428333333333334,0.7095,0.24883333333333332,0.1985,0.1,accepted,
train,i_589_png.rf.8eccd6f14dbd5d7603b2f74009bf9384.jpg,i_589_png.rf.8eccd6f14dbd5d7603b2f74009bf9384_box00.jpg,120,80,40,28,0,Cataract,0.5173333333333333,0.488125,0.2673333333333333,0.2835,0.1,accepted,
train,i_58_jpg.rf.b4884abcfb1b605163002cdca0ba4851.jpg,i_58_jpg.rf.b4884abcfb1b605163002cdca0ba4851_box00.jpg,277,168,106,75,0,Cataract,0.5234657039711191,0.49630952380952376,0.3154873646209386,0.36976190476190474,0.1,accepted,
train,i_590_png.rf.c13b4f0f51f2f6daedc0f98c40066204.jpg,i_590_png.rf.c13b4f0f51f2f6daedc0f98c40066204_box00.jpg,120,80,39,28,0,Cataract,0.5139166666666667,0.51675,0.2673333333333333,0.28175,0.1,accepted,
train,i_591_png.rf.ee7540baefd4c21c05bf0ebb9adb3763.jpg,i_591_png.rf.ee7540baefd4c21c05bf0ebb9adb3763_box00.jpg,120,80,39,26,0,Cataract,0.5145000000000001,0.649625,0.2639166666666667,0.26275,0.1,accepted,
train,i_596_png.rf.9bc99644d7a21d064ab88691cb0f5054.jpg,i_596_png.rf.9bc99644d7a21d064ab88691cb0f5054_box00.jpg,120,80,39,28,0,Cataract,0.48091666666666666,0.534125,0.2639166666666667,0.28525,0.1,accepted,
train,i_598_png.rf.373d20eb8634afcfcede402408346e55.jpg,i_598_png.rf.373d20eb8634afcfcede402408346e55_box00.jpg,120,80,39,29,0,Cataract,0.48816666666666664,0.5645,0.26791666666666664,0.294,0.1,accepted,
train,i_599_png.rf.8533ccaddbc33db50836646cd26da007.jpg,i_599_png.rf.8533ccaddbc33db50836646cd26da007_box00.jpg,120,80,38,27,0,Cataract,0.5419166666666667,0.581,0.2505833333333333,0.274875,0.1,accepted,
train,i_5_jpg.rf.8698ba780974e7c5e1c9ac5c75e4450d.jpg,i_5_jpg.rf.8698ba780974e7c5e1c9ac5c75e4450d_box00.jpg,379,227,124,98,0,Cataract,0.5251187335092349,0.5427312775330396,0.2690237467018469,0.3564757709251101,0.1,accepted,
train,i_600_png.rf.44b73ac7d68c321d803786944d41981d.jpg,i_600_png.rf.44b73ac7d68c321d803786944d41981d_box00.jpg,120,80,41,29,0,Cataract,0.5121666666666667,0.607125,0.27775,0.285375,0.1,accepted,
train,i_602_png.rf.fe7f99e43197a65de30ac3731a459ae3.jpg,i_602_png.rf.fe7f99e43197a65de30ac3731a459ae3_box00.jpg,120,80,36,29,0,Cataract,0.48783333333333334,0.58275,0.24308333333333335,0.28875,0.1,accepted,
train,i_604_png.rf.da0fa688d35550289a721e3fb1a83b30.jpg,i_604_png.rf.da0fa688d35550289a721e3fb1a83b30_box00.jpg,120,80,35,28,0,Cataract,0.4548333333333333,0.502875,0.2326666666666667,0.28525,0.1,accepted,
train,i_606_png.rf.f21623281280a6dafb46066587185770.jpg,i_606_png.rf.f21623281280a6dafb46066587185770_box00.jpg,120,80,35,28,0,Cataract,0.5729166666666666,0.5271250000000001,0.2326666666666667,0.28175,0.1,accepted,
train,i_607_png.rf.aab6eed92e397f40b5c756cda970bdb1.jpg,i_607_png.rf.aab6eed92e397f40b5c756cda970bdb1_box00.jpg,120,80,38,30,0,Cataract,0.46349999999999997,0.587125,0.2569166666666666,0.2975,0.1,accepted,
train,i_609_png.rf.ca2dae0b5dbfa384de8faa882bb359cf.jpg,i_609_png.rf.ca2dae0b5dbfa384de8faa882bb359cf_box00.jpg,120,80,36,25,0,Cataract,0.45658333333333334,0.64525,0.24308333333333335,0.2575,0.1,accepted,
train,i_60_jpg.rf.e82fcea147599ccf8b6edc0091911a3c.jpg,i_60_jpg.rf.e82fcea147599ccf8b6edc0091911a3c_box00.jpg,141,130,58,41,0,Cataract,0.539645390070922,0.48123076923076924,0.3407801418439716,0.2551538461538462,0.1,accepted,
train,i_610_png.rf.f54dcc7f0376f746e028ba50865e2501.jpg,i_610_png.rf.f54dcc7f0376f746e028ba50865e2501_box00.jpg,120,80,37,26,0,Cataract,0.5214166666666666,0.624375,0.24766666666666665,0.268,0.1,accepted,
train,i_611_png.rf.1c3bf104d96cac330074bbac8b485e00.jpg,i_611_png.rf.1c3bf104d96cac330074bbac8b485e00_box00.jpg,120,80,39,29,0,Cataract,0.48666666666666664,0.515,0.2685,0.28875,0.1,accepted,
train,i_612_png.rf.8975a956bb61cfbdbc1b55423122e4df.jpg,i_612_png.rf.8975a956bb61cfbdbc1b55423122e4df_box00.jpg,120,80,40,26,0,Cataract,0.4595,0.576625,0.26966666666666667,0.26625,0.1,accepted,
train,i_613_png.rf.051199c8ca89870b688e85d469da2b21.jpg,i_613_png.rf.051199c8ca89870b688e85d469da2b21_box00.jpg,120,80,37,25,0,Cataract,0.48666666666666664,0.60575,0.25233333333333335,0.256625,0.1,accepted,
train,i_614_png.rf.1140ef4661e354e18e3b624144dcb6b4.jpg,i_614_png.rf.1140ef4661e354e18e3b624144dcb6b4_box00.jpg,120,80,41,29,0,Cataract,0.4860833333333333,0.47850000000000004,0.2743333333333334,0.28875,0.1,accepted,
train,i_617_png.rf.47a58c5c406fca7c1b39f634ebaf43e6.jpg,i_617_png.rf.47a58c5c406fca7c1b39f634ebaf43e6_box00.jpg,120,80,38,27,0,Cataract,0.5167499999999999,0.545375,0.25925,0.266125,0.1,accepted,
train,i_618_png.rf.c52d2246e760175e886193892f857a24.jpg,i_618_png.rf.c52d2246e760175e886193892f857a24_box00.jpg,120,80,36,26,0,Cataract,0.5731666666666667,0.51725,0.24366666666666664,0.260125,0.1,accepted,
train,i_619_png.rf.7e1f35f91a717c2ad30c12cbe84dda13.jpg,i_619_png.rf.7e1f35f91a717c2ad30c12cbe84dda13_box00.jpg,120,80,37,28,0,Cataract,0.5190833333333333,0.587125,0.25,0.276625,0.1,accepted,
train,i_620_png.rf.c8ebab73bf6684a81f9c2ea6a0d9e61c.jpg,i_620_png.rf.c8ebab73bf6684a81f9c2ea6a0d9e61c_box00.jpg,120,80,37,30,0,Cataract,0.5133333333333333,0.51325,0.24533333333333335,0.29562499999999997,0.1,accepted,
train,i_621_png.rf.6aff9279aed619f38b8c07645a0d2318.jpg,i_621_png.rf.6aff9279aed619f38b8c07645a0d2318_box00.jpg,120,80,34,29,0,Cataract,0.45808333333333334,0.558875,0.23550000000000001,0.287875,0.1,accepted,
train,i_623_png.rf.fba0bf1105e45bc0b99bf6a0d9297511.jpg,i_623_png.rf.fba0bf1105e45bc0b99bf6a0d9297511_box00.jpg,120,80,33,27,0,Cataract,0.5104166666666666,0.495875,0.22566666666666665,0.27137500000000003,0.1,accepted,
train,i_625_png.rf.5c83e7d45cb2cd8655b2b90e58e823f7.jpg,i_625_png.rf.5c83e7d45cb2cd8655b2b90e58e823f7_box00.jpg,120,80,37,32,0,Cataract,0.51275,0.54975,0.24425,0.3165,0.1,accepted,
train,i_628_png.rf.effe7a753331dfb1c6be855f9ab481d7.jpg,i_628_png.rf.effe7a753331dfb1c6be855f9ab481d7_box00.jpg,120,80,39,28,0,Cataract,0.4640833333333333,0.560625,0.26275,0.281,0.1,accepted,
train,i_629_png.rf.fe64f38a8138000d29e9537010d95dc8.jpg,i_629_png.rf.fe64f38a8138000d29e9537010d95dc8_box00.jpg,120,80,39,29,0,Cataract,0.5139166666666667,0.528875,0.2673333333333333,0.29562499999999997,0.1,accepted,
train,i_62_jpg.rf.f91709c02f3d8c0c8da7699486bcbfc1.jpg,i_62_jpg.rf.f91709c02f3d8c0c8da7699486bcbfc1_box00.jpg,154,132,53,43,0,Cataract,0.5098051948051948,0.5149242424242424,0.2761688311688312,0.2652272727272727,0.1,accepted,
train,i_630_png.rf.3869cb1d5cbd67021e872dcad5a278b4.jpg,i_630_png.rf.3869cb1d5cbd67021e872dcad5a278b4_box00.jpg,120,80,40,29,0,Cataract,0.456,0.583625,0.26966666666666667,0.294,0.1,accepted,
train,i_631_png.rf.a210560e26b7dea150daceed0313b77f.jpg,i_631_png.rf.a210560e26b7dea150daceed0313b77f_box00.jpg,120,80,38,29,0,Cataract,0.5155833333333333,0.627875,0.2569166666666666,0.29575,0.1,accepted,
train,i_633_png.rf.ae804f06306da15b5bd3eabab1864151.jpg,i_633_png.rf.ae804f06306da15b5bd3eabab1864151_box00.jpg,120,80,40,31,0,Cataract,0.43516666666666665,0.55325,0.26966666666666667,0.313125,0.1,accepted,
train,i_634_png.rf.59b3efe3be33ab9d81e927aa11aaa765.jpg,i_634_png.rf.59b3efe3be33ab9d81e927aa11aaa765_box00.jpg,120,80,40,29,0,Cataract,0.4583333333333333,0.634,0.2673333333333333,0.2975,0.1,accepted,
train,i_635_png.rf.e7932a442ee568b9597e680b84e337a0.jpg,i_635_png.rf.e7932a442ee568b9597e680b84e337a0_box00.jpg,120,80,42,31,0,Cataract,0.5145000000000001,0.59225,0.28241666666666665,0.307875,0.1,accepted,
train,i_636_png.rf.c660fc1782e5916b98fb7a2a3b128f41.jpg,i_636_png.rf.c660fc1782e5916b98fb7a2a3b128f41_box00.jpg,120,80,40,34,0,Cataract,0.44325,0.51375,0.272,0.343375,0.1,accepted,
train,i_639_png.rf.ea7f7b5029fb03379466108c28eddd14.jpg,i_639_png.rf.ea7f7b5029fb03379466108c28eddd14_box00.jpg,120,80,39,31,0,Cataract,0.48000000000000004,0.504625,0.26566666666666666,0.309625,0.1,accepted,
train,i_642_png.rf.5af186a4107bc08e5abf390c42e60265.jpg,i_642_png.rf.5af186a4107bc08e5abf390c42e60265_box00.jpg,120,80,42,34,0,Cataract,0.4736666666666667,0.47862499999999997,0.2875833333333333,0.34075,0.1,accepted,
train,i_644_png.rf.298e4598a525f4682e624a4a1bc89a85.jpg,i_644_png.rf.298e4598a525f4682e624a4a1bc89a85_box00.jpg,120,80,41,31,0,Cataract,0.4465,0.509,0.2818333333333333,0.307875,0.1,accepted,
train,i_646_png.rf.680508a2898dece5adda3425a0e219a9.jpg,i_646_png.rf.680508a2898dece5adda3425a0e219a9_box00.jpg,120,80,41,33,0,Cataract,0.5711666666666667,0.4655,0.27775,0.335625,0.1,accepted,
train,i_647_png.rf.98d66a1600f18ab1b3b7ca7b614c5962.jpg,i_647_png.rf.98d66a1600f18ab1b3b7ca7b614c5962_box00.jpg,120,80,42,33,0,Cataract,0.47391666666666665,0.46987500000000004,0.28475,0.33387500000000003,0.1,accepted,
train,i_648_png.rf.3f2fec0dbb8e77e3dbdff9595d4c9e16.jpg,i_648_png.rf.3f2fec0dbb8e77e3dbdff9595d4c9e16_box00.jpg,120,80,42,35,0,Cataract,0.5399166666666667,0.48250000000000004,0.28475,0.353875,0.1,accepted,
train,i_649_png.rf.c5a086b73a23f01fac124cd6daf3cadd.jpg,i_649_png.rf.c5a086b73a23f01fac124cd6daf3cadd_box00.jpg,120,80,41,34,0,Cataract,0.4453333333333333,0.488125,0.27258333333333334,0.339125,0.1,accepted,
train,i_650_png.rf.11fc7c87ccae682db570f41787c75a2b.jpg,i_650_png.rf.11fc7c87ccae682db570f41787c75a2b_box00.jpg,120,80,43,34,0,Cataract,0.50175,0.47074999999999995,0.2916666666666667,0.346,0.1,accepted,
train,i_651_png.rf.1ab8a7a7639680784930e9e6df6c0ebb.jpg,i_651_png.rf.1ab8a7a7639680784930e9e6df6c0ebb_box00.jpg,120,80,42,34,0,Cataract,0.5654166666666666,0.48250000000000004,0.28008333333333335,0.343375,0.1,accepted,
train,i_652_png.rf.424358787b8fd2732a65f52f41809e84.jpg,i_652_png.rf.424358787b8fd2732a65f52f41809e84_box00.jpg,120,80,40,33,0,Cataract,0.44358333333333333,0.515,0.26908333333333334,0.330375,0.1,accepted,
train,i_654_png.rf.af9a31ae1d91442f4999c44f7d94ad80.jpg,i_654_png.rf.af9a31ae1d91442f4999c44f7d94ad80_box00.jpg,120,80,34,29,0,Cataract,0.55125,0.538875,0.22741666666666666,0.289625,0.1,accepted,
train,i_655_png.rf.4dc5c3b5ec6b35c918acec392ec99d7a.jpg,i_655_png.rf.4dc5c3b5ec6b35c918acec392ec99d7a_box00.jpg,120,80,41,32,0,Cataract,0.48033333333333333,0.49675,0.2765833333333333,0.32525,0.1,accepted,
train,i_656_png.rf.9e685e3f39880fc5d44ac46fbc8ebd47.jpg,i_656_png.rf.9e685e3f39880fc5d44ac46fbc8ebd47_box00.jpg,120,80,41,33,0,Cataract,0.5029166666666667,0.445625,0.28008333333333335,0.32687499999999997,0.1,accepted,
train,i_657_png.rf.16d341e7e29496ae44457eeb822505ad.jpg,i_657_png.rf.16d341e7e29496ae44457eeb822505ad_box00.jpg,120,80,43,33,0,Cataract,0.4444166666666666,0.4925,0.2951666666666667,0.32687499999999997,0.1,accepted,
train,i_658_png.rf.8cfeb01733789c91eba82eab758b5cbe.jpg,i_658_png.rf.8cfeb01733789c91eba82eab758b5cbe_box00.jpg,120,80,41,33,0,Cataract,0.50575,0.48250000000000004,0.27891666666666665,0.333,0.1,accepted,
train,i_659_png.rf.29ea576dcafee7b4e5ffe33771b1aac0.jpg,i_659_png.rf.29ea576dcafee7b4e5ffe33771b1aac0_box00.jpg,120,80,45,34,0,Cataract,0.47391666666666665,0.43899999999999995,0.3055833333333334,0.33987500000000004,0.1,accepted,
train,i_65_jpg.rf.bec3f0175620191263770c9c7af53b6b.jpg,i_65_jpg.rf.bec3f0175620191263770c9c7af53b6b_box00.jpg,358,217,115,107,0,Cataract,0.5043575418994414,0.5217050691244239,0.26692737430167596,0.40677419354838706,0.1,accepted,
train,i_660_png.rf.0c9253ef76084023b5cbe33622e8df14.jpg,i_660_png.rf.0c9253ef76084023b5cbe33622e8df14_box00.jpg,120,80,42,29,0,Cataract,0.5051666666666667,0.50725,0.28475,0.2835,0.1,accepted,
train,i_662_png.rf.e0ceebadc5fb2a75f0ad6cf5d0eb6459.jpg,i_662_png.rf.e0ceebadc5fb2a75f0ad6cf5d0eb6459_box00.jpg,120,80,41,28,0,Cataract,0.5515000000000001,0.499375,0.28008333333333335,0.28875,0.1,accepted,
train,i_663_png.rf.890c8c7b666e613812b297c0819671b1.jpg,i_663_png.rf.890c8c7b666e613812b297c0819671b1_box00.jpg,120,80,39,32,0,Cataract,0.4473333333333333,0.491125,0.26616666666666666,0.319125,0.1,accepted,
train,i_664_png.rf.a851934e35192c8c936a5810ef91fa77.jpg,i_664_png.rf.a851934e35192c8c936a5810ef91fa77_box00.jpg,120,80,43,31,0,Cataract,0.5694166666666667,0.476875,0.2951666666666667,0.3095,0.1,accepted,
train,i_666_png.rf.f76444613c1d377deb418d9c1cd58033.jpg,i_666_png.rf.f76444613c1d377deb418d9c1cd58033_box00.jpg,120,80,41,31,0,Cataract,0.50175,0.4655,0.27775,0.31475,0.1,accepted,
train,i_669_png.rf.a6b6fcd94c985f104c96e85d4717022f.jpg,i_669_png.rf.a6b6fcd94c985f104c96e85d4717022f_box00.jpg,120,80,45,28,0,Cataract,0.47225,0.44725000000000004,0.3020833333333333,0.27825,0.1,accepted,
train,i_66_jpg.rf.05b405d31e33aeefe211b7152f4ffa51.jpg,i_66_jpg.rf.05b405d31e33aeefe211b7152f4ffa51_box00.jpg,300,246,177,122,0,Cataract,0.5440999999999999,0.48004065040650407,0.4882,0.40959349593495936,0.1,accepted,
train,i_671_png.rf.243291ba8c7c984ec4ae50b7c7e58e8c.jpg,i_671_png.rf.243291ba8c7c984ec4ae50b7c7e58e8c_box00.jpg,120,80,43,24,0,Cataract,0.5387500000000001,0.5255,0.29633333333333334,0.24700000000000003,0.1,accepted,
train,i_672_png.rf.f087499d8b078c63e2aedc59f1e89d85.jpg,i_672_png.rf.f087499d8b078c63e2aedc59f1e89d85_box00.jpg,120,80,42,31,0,Cataract,0.41725,0.544125,0.28933333333333333,0.317375,0.1,accepted,
train,i_674_png.rf.3785b8a0e10d1996ec9797427b483d99.jpg,i_674_png.rf.3785b8a0e10d1996ec9797427b483d99_box00.jpg,120,80,42,27,0,Cataract,0.48441666666666666,0.5445,0.28933333333333333,0.2645,0.1,accepted,
train,i_675_png.rf.5bd416261645b884b9a63135fb590bbf.jpg,i_675_png.rf.5bd416261645b884b9a63135fb590bbf_box00.jpg,120,80,43,32,0,Cataract,0.50925,0.48724999999999996,0.2905,0.3165,0.1,accepted,
train,i_676_png.rf.b7ade8d72c425bf22e5895e891f5cfa3.jpg,i_676_png.rf.b7ade8d72c425bf22e5895e891f5cfa3_box00.jpg,120,80,44,32,0,Cataract,0.5425,0.48637499999999995,0.29341666666666666,0.31475,0.1,accepted,
train,i_677_png.rf.2dfde4d71c8745ede8c453715857a13c.jpg,i_677_png.rf.2dfde4d71c8745ede8c453715857a13c_box00.jpg,120,80,42,29,0,Cataract,0.5095833333333333,0.492875,0.28300000000000003,0.29825,0.1,accepted,
train,i_678_png.rf.65acd3519b2cbaa00bf05b96153f33f7.jpg,i_678_png.rf.65acd3519b2cbaa00bf05b96153f33f7_box00.jpg,120,80,42,26,0,Cataract,0.45025,0.548,0.28358333333333335,0.26437499999999997,0.1,accepted,
train,i_67_jpg.rf.a3a4f1979f1e8d66015696660565ffc1.jpg,i_67_jpg.rf.a3a4f1979f1e8d66015696660565ffc1_box00.jpg,328,218,74,50,0,Cataract,0.4624085365853658,0.5056880733944954,0.1863109756097561,0.18908256880733945,0.1,accepted,
train,i_680_png.rf.770e11fd643379fc4093f9b0e088bef2.jpg,i_680_png.rf.770e11fd643379fc4093f9b0e088bef2_box00.jpg,120,80,40,29,0,Cataract,0.47741666666666666,0.48637499999999995,0.27316666666666667,0.2905,0.1,accepted,
train,i_681_png.rf.bdeda45ec78db0992727afff81efa37b.jpg,i_681_png.rf.bdeda45ec78db0992727afff81efa37b_box00.jpg,120,80,40,26,0,Cataract,0.5075,0.51025,0.26616666666666666,0.260125,0.1,accepted,
train,i_682_png.rf.eea5d1bc1e72fa4d5b0ee2d8b61b48c7.jpg,i_682_png.rf.eea5d1bc1e72fa4d5b0ee2d8b61b48c7_box00.jpg,120,80,43,27,0,Cataract,0.5035000000000001,0.44037499999999996,0.2881666666666666,0.27475,0.1,accepted,
train,i_686_png.rf.a030644b8eec04ffbcf576711cd338f8.jpg,i_686_png.rf.a030644b8eec04ffbcf576711cd338f8_box00.jpg,120,80,41,32,0,Cataract,0.48033333333333333,0.48674999999999996,0.2765833333333333,0.320875,0.1,accepted,
train,i_688_png.rf.8912b0d0777fb7906bf56b4b7746d507.jpg,i_688_png.rf.8912b0d0777fb7906bf56b4b7746d507_box00.jpg,120,80,38,33,0,Cataract,0.5075,0.522375,0.26158333333333333,0.3295,0.1,accepted,
train,i_68_jpg.rf.eba3671dca27dbf85075886ced7d2e87.jpg,i_68_jpg.rf.eba3671dca27dbf85075886ced7d2e87_box00.jpg,311,226,104,77,0,Cataract,0.4987138263665595,0.5473008849557522,0.27488745980707396,0.28079646017699117,0.1,accepted,
train,i_690_png.rf.eab8e645b36e38cff9d8f8e72610e5ff.jpg,i_690_png.rf.eab8e645b36e38cff9d8f8e72610e5ff_box00.jpg,120,80,40,33,0,Cataract,0.4745,0.50675,0.272,0.3295,0.1,accepted,
train,i_691_png.rf.75b8fbc764d217dbbf3ad9e6f2b6c2af.jpg,i_691_png.rf.75b8fbc764d217dbbf3ad9e6f2b6c2af_box00.jpg,120,80,41,31,0,Cataract,0.44558333333333333,0.45375,0.2765833333333333,0.317375,0.1,accepted,
train,i_692_png.rf.ca00a5ebbb17500c27041a02014f009f.jpg,i_692_png.rf.ca00a5ebbb17500c27041a02014f009f_box00.jpg,120,80,40,25,0,Cataract,0.50725,0.46900000000000003,0.27375,0.259125,0.1,accepted,
train,i_695_png.rf.08657216aa53a6038ad95378c8ee4009.jpg,i_695_png.rf.08657216aa53a6038ad95378c8ee4009_box00.jpg,120,80,43,32,0,Cataract,0.5393333333333333,0.488125,0.2905,0.31825000000000003,0.1,accepted,
train,i_696_png.rf.21e2ec94ae6c9a25f7bc0dbc30605e22.jpg,i_696_png.rf.21e2ec94ae6c9a25f7bc0dbc30605e22_box00.jpg,120,80,42,31,0,Cataract,0.45083333333333336,0.495,0.287,0.31124999999999997,0.1,accepted,
train,i_697_png.rf.2b51841a72c7e28721d45f7719cfd88f.jpg,i_697_png.rf.2b51841a72c7e28721d45f7719cfd88f_box00.jpg,120,80,41,32,0,Cataract,0.51125,0.499375,0.27949999999999997,0.32,0.1,accepted,
train,i_698_png.rf.1b2f9e76bfd253ba87da18dee6434af9.jpg,i_698_png.rf.1b2f9e76bfd253ba87da18dee6434af9_box00.jpg,120,80,39,27,0,Cataract,0.5613333333333334,0.505875,0.26508333333333334,0.26875,0.1,accepted,
train,i_69_jpg.rf.bc9c8c610981ebce30f773e075e9b588.jpg,i_69_jpg.rf.bc9c8c610981ebce30f773e075e9b588_box00.jpg,301,238,144,105,0,Cataract,0.53156146179402,0.5018487394957983,0.39867109634551495,0.36298319327731093,0.1,accepted,
train,i_700_png.rf.d939ceaa018390ed0ae902d05316db94.jpg,i_700_png.rf.d939ceaa018390ed0ae902d05316db94_box00.jpg,120,80,37,32,0,Cataract,0.4815,0.47775,0.25116666666666665,0.328625,0.1,accepted,
train,i_701_png.rf.f9885c085f86e2f67402787ad8fba60f.jpg,i_701_png.rf.f9885c085f86e2f67402787ad8fba60f_box00.jpg,120,80,32,33,0,Cataract,0.5353333333333333,0.45599999999999996,0.213,0.330375,0.1,accepted,
train,i_702_png.rf.4c5ebc1825c010bedf1a4a07faf9783a.jpg,i_702_png.rf.4c5ebc1825c010bedf1a4a07faf9783a_box00.jpg,120,80,33,25,0,Cataract,0.513,0.40737500000000004,0.2205,0.24,0.1,accepted,
train,i_703_png.rf.42a39b3c3e1cb8ef57e5064e52ba005f.jpg,i_703_png.rf.42a39b3c3e1cb8ef57e5064e52ba005f_box00.jpg,120,80,34,29,0,Cataract,0.45225000000000004,0.45775,0.2309166666666667,0.292125,0.1,accepted,
train,i_704_png.rf.ac877d64d9b8530ac91d35353fa4b676.jpg,i_704_png.rf.ac877d64d9b8530ac91d35353fa4b676_box00.jpg,120,80,39,34,0,Cataract,0.50175,0.45949999999999996,0.2639166666666667,0.34425,0.1,accepted,
train,i_707_png.rf.d46b5e1596d81cafce808f578c576736.jpg,i_707_png.rf.d46b5e1596d81cafce808f578c576736_box00.jpg,120,80,39,32,0,Cataract,0.5055,0.44037499999999996,0.261,0.32687499999999997,0.1,accepted,
train,i_708_png.rf.b640b180900814c40c6ad6470c596b70.jpg,i_708_png.rf.b640b180900814c40c6ad6470c596b70_box00.jpg,120,80,37,33,0,Cataract,0.48175,0.44299999999999995,0.24825,0.332125,0.1,accepted,
train,i_709_png.rf.7661dbe0396c54b5969a091d02422187.jpg,i_709_png.rf.7661dbe0396c54b5969a091d02422187_box00.jpg,120,80,41,28,0,Cataract,0.478,0.524625,0.27891666666666665,0.28700000000000003,0.1,accepted,
train,i_710_png.rf.a6b72efed49438c9a5341788bb88dcf1.jpg,i_710_png.rf.a6b72efed49438c9a5341788bb88dcf1_box00.jpg,120,80,39,32,0,Cataract,0.5043333333333334,0.45162500000000005,0.26566666666666666,0.31825000000000003,0.1,accepted,
train,i_711_png.rf.571293e5a8c2ed6073e276428f69955d.jpg,i_711_png.rf.571293e5a8c2ed6073e276428f69955d_box00.jpg,120,80,40,33,0,Cataract,0.5121666666666667,0.506375,0.2708333333333333,0.3235,0.1,accepted,
train,i_713_png.rf.d6652d6fa50d95b3a16c4787a0da874e.jpg,i_713_png.rf.d6652d6fa50d95b3a16c4787a0da874e_box00.jpg,120,80,38,28,0,Cataract,0.5335833333333333,0.46287500000000004,0.25116666666666665,0.28875,0.1,accepted,
train,i_714_png.rf.b2a8303a513f1e5544cb4777d235892c.jpg,i_714_png.rf.b2a8303a513f1e5544cb4777d235892c_box00.jpg,120,80,42,30,0,Cataract,0.5347500000000001,0.524625,0.2881666666666666,0.297375,0.1,accepted,
train,i_715_png.rf.b6c1238f7bf1e7d280354bf582b5bff1.jpg,i_715_png.rf.b6c1238f7bf1e7d280354bf582b5bff1_box00.jpg,120,80,40,29,0,Cataract,0.47625,0.42037500000000005,0.2685,0.297375,0.1,accepted,
train,i_716_png.rf.0f50889f22a8caf573331288e729452d.jpg,i_716_png.rf.0f50889f22a8caf573331288e729452d_box00.jpg,120,80,37,34,0,Cataract,0.478,0.47462499999999996,0.25116666666666665,0.33475,0.1,accepted,
train,i_718_png.rf.86d6f352d056001f8300102d9d98bf82.jpg,i_718_png.rf.86d6f352d056001f8300102d9d98bf82_box00.jpg,120,80,39,34,0,Cataract,0.5060833333333333,0.473375,0.26216666666666666,0.34075,0.1,accepted,
train,i_719_png.rf.ff97b12e2e07a327e8455f644086c333.jpg,i_719_png.rf.ff97b12e2e07a327e8455f644086c333_box00.jpg,120,80,38,31,0,Cataract,0.5731666666666667,0.48025,0.2575,0.313,0.1,accepted,
train,i_71_jpg.rf.77fa95e72de554de7813f2ecf859180c.jpg,i_71_jpg.rf.77fa95e72de554de7813f2ecf859180c_box00.jpg,204,189,127,93,0,Cataract,0.5804901960784313,0.4371957671957672,0.5138725490196079,0.4070370370370371,0.1,accepted,
train,i_723_png.rf.cb96e600e4f9a0c8297d861b3a77065d.jpg,i_723_png.rf.cb96e600e4f9a0c8297d861b3a77065d_box00.jpg,120,80,40,33,0,Cataract,0.5086666666666667,0.465125,0.2708333333333333,0.3295,0.1,accepted,
train,i_726_png.rf.e06cea9299e8797a8091589beef07b0f.jpg,i_726_png.rf.e06cea9299e8797a8091589beef07b0f_box00.jpg,120,80,38,30,0,Cataract,0.41725,0.514125,0.25466666666666665,0.297375,0.1,accepted,
train,i_727_png.rf.d2d8b7d4469c35e871f3288bd4ed2348.jpg,i_727_png.rf.d2d8b7d4469c35e871f3288bd4ed2348_box00.jpg,120,80,39,30,0,Cataract,0.452,0.479375,0.26158333333333333,0.300875,0.1,accepted,
train,i_728_png.rf.0f6646260838e03b22257ae575fda674.jpg,i_728_png.rf.0f6646260838e03b22257ae575fda674_box00.jpg,120,80,39,36,0,Cataract,0.5086666666666667,0.45075000000000004,0.2639166666666667,0.368625,0.1,accepted,
train,i_72_jpg.rf.d377381fcc6915cb28226f96413a9710.jpg,i_72_jpg.rf.d377381fcc6915cb28226f96413a9710_box00.jpg,291,244,73,76,0,Cataract,0.42704467353951886,0.4638934426229508,0.2054639175257732,0.2565983606557377,0.1,accepted,
train,i_730_png.rf.837f6d89b514bcfc53a2e7d263545486.jpg,i_730_png.rf.837f6d89b514bcfc53a2e7d263545486_box00.jpg,120,80,36,30,0,Cataract,0.48033333333333333,0.4495,0.24191666666666667,0.30862500000000004,0.1,accepted,
train,i_731_png.rf.8182aea8c30d54f526b23cbcdee52aa3.jpg,i_731_png.rf.8182aea8c30d54f526b23cbcdee52aa3_box00.jpg,120,80,39,33,0,Cataract,0.5361666666666667,0.446375,0.2598333333333333,0.339,0.1,accepted,
train,i_732_png.rf.9b488c6bf88af8ba0549b692d84e6772.jpg,i_732_png.rf.9b488c6bf88af8ba0549b692d84e6772_box00.jpg,120,80,36,34,0,Cataract,0.47683333333333333,0.43600000000000005,0.24191666666666667,0.34249999999999997,0.1,accepted,
train,i_734_png.rf.3c004904a77347b25b9e5b0b760d2991.jpg,i_734_png.rf.3c004904a77347b25b9e5b0b760d2991_box00.jpg,120,80,39,26,0,Cataract,0.50925,0.47850000000000004,0.26275,0.2575,0.1,accepted,
train,i_736_png.rf.57a5c81b5495a56198c7a93b7acf5997.jpg,i_736_png.rf.57a5c81b5495a56198c7a93b7acf5997_box00.jpg,120,80,37,34,0,Cataract,0.5324166666666666,0.46375,0.24883333333333332,0.34249999999999997,0.1,accepted,
train,i_739_png.rf.21ec2a289b8875678313d8d6db250298.jpg,i_739_png.rf.21ec2a289b8875678313d8d6db250298_box00.jpg,120,80,39,33,0,Cataract,0.47833333333333333,0.45775,0.26908333333333334,0.34075,0.1,accepted,
train,i_73_jpg.rf.27ed0acb06029c6f92d673d3ad4b19e8.jpg,i_73_jpg.rf.27ed0acb06029c6f92d673d3ad4b19e8_box00.jpg,168,128,51,43,0,Cataract,0.44244047619047616,0.514609375,0.24601190476190476,0.272265625,0.1,accepted,
train,i_740_png.rf.4bc614d7f166d482e1bd29158d2ef115.jpg,i_740_png.rf.4bc614d7f166d482e1bd29158d2ef115_box00.jpg,120,80,31,34,0,Cataract,0.53675,0.46375,0.20541666666666666,0.335625,0.1,accepted,
train,i_741_png.rf.02898e5f2e504a1bd1c63e9cb264cb24.jpg,i_741_png.rf.02898e5f2e504a1bd1c63e9cb264cb24_box00.jpg,120,80,36,29,0,Cataract,0.48033333333333333,0.47850000000000004,0.24425,0.28875,0.1,accepted,
train,i_742_png.rf.af6a111588ed71e2190d655126e24be6.jpg,i_742_png.rf.af6a111588ed71e2190d655126e24be6_box00.jpg,120,80,36,31,0,Cataract,0.4485,0.4325,0.24075,0.31825000000000003,0.1,accepted,
train,i_743_png.rf.244cec08b9e5916cd39f257ca8e0f716.jpg,i_743_png.rf.244cec08b9e5916cd39f257ca8e0f716_box00.jpg,120,80,36,34,0,Cataract,0.50925,0.448625,0.24425,0.34162499999999996,0.1,accepted,
train,i_745_png.rf.bedeb2d9b92436f7dfec7fb400791e68.jpg,i_745_png.rf.bedeb2d9b92436f7dfec7fb400791e68_box00.jpg,120,80,38,31,0,Cataract,0.47391666666666665,0.445625,0.2569166666666666,0.313,0.1,accepted,
train,i_748_png.rf.71f5ded469695eefb2c302e4bc0ad9f8.jpg,i_748_png.rf.71f5ded469695eefb2c302e4bc0ad9f8_box00.jpg,120,80,40,28,0,Cataract,0.452,0.45162500000000005,0.2685,0.2765,0.1,accepted,
train,i_749_png.rf.3b6383a122fe1c8cf4b830b37e16f358.jpg,i_749_png.rf.3b6383a122fe1c8cf4b830b37e16f358_box00.jpg,120,80,38,35,0,Cataract,0.5098333333333334,0.448125,0.25925,0.353,0.1,accepted,
train,i_74_jpg.rf.7503a3ac3695ff57955f1d50c0052981.jpg,i_74_jpg.rf.7503a3ac3695ff57955f1d50c0052981_box00.jpg,308,192,93,84,0,Cataract,0.5319155844155845,0.45338541666666665,0.24892857142857144,0.3633854166666666,0.1,accepted,
train,i_752_png.rf.900b6909316b6a56013b7c3c8099f004.jpg,i_752_png.rf.900b6909316b6a56013b7c3c8099f004_box00.jpg,120,80,40,30,0,Cataract,0.5685833333333333,0.45125000000000004,0.26908333333333334,0.30175,0.1,accepted,
train,i_753_png.rf.082066a55f47ebff2da85d3bcd8c64e2.jpg,i_753_png.rf.082066a55f47ebff2da85d3bcd8c64e2_box00.jpg,120,80,37,32,0,Cataract,0.47775,0.445125,0.24708333333333332,0.320875,0.1,accepted,
train,i_756_png.rf.a94863044a4f7c7339a3ab9ff0b989cc.jpg,i_756_png.rf.a94863044a4f7c7339a3ab9ff0b989cc_box00.jpg,120,80,40,30,0,Cataract,0.48033333333333333,0.495,0.272,0.300875,0.1,accepted,
train,i_757_png.rf.75a647de108d493c4f138394cd867963.jpg,i_757_png.rf.75a647de108d493c4f138394cd867963_box00.jpg,120,80,42,36,0,Cataract,0.5359166666666667,0.48724999999999996,0.28358333333333335,0.35812499999999997,0.1,accepted,
train,i_75_jpg.rf.a26ddda18f91e3c0100c40370ca0e0a0.jpg,i_75_jpg.rf.a26ddda18f91e3c0100c40370ca0e0a0_box00.jpg,183,158,42,39,0,Cataract,0.5726229508196722,0.545253164556962,0.18896174863387977,0.19924050632911391,0.1,accepted,
train,i_760_png.rf.a39c08c33818d1bda5c6232b3bb42eda.jpg,i_760_png.rf.a39c08c33818d1bda5c6232b3bb42eda_box00.jpg,120,80,38,30,0,Cataract,0.5251666666666667,0.512,0.25175000000000003,0.30874999999999997,0.1,accepted,
train,i_761_png.rf.0d20790ada7b08bfb75f93444fc7de01.jpg,i_761_png.rf.0d20790ada7b08bfb75f93444fc7de01_box00.jpg,120,80,38,31,0,Cataract,0.45749999999999996,0.5315000000000001,0.2598333333333333,0.32175,0.1,accepted,
train,i_762_png.rf.ae5c7d1217d1d429d040819615bae9c2.jpg,i_762_png.rf.ae5c7d1217d1d429d040819615bae9c2_box00.jpg,120,80,39,31,0,Cataract,0.48783333333333334,0.49424999999999997,0.2639166666666667,0.32,0.1,accepted,
train,i_763_png.rf.92042bc3fe4ba604ab21039f8c00676c.jpg,i_763_png.rf.92042bc3fe4ba604ab21039f8c00676c_box00.jpg,120,80,33,32,0,Cataract,0.5465833333333333,0.48637499999999995,0.22741666666666666,0.325125,0.1,accepted,
train,i_765_png.rf.69547d5907dc6d449ef7583640b319b2.jpg,i_765_png.rf.69547d5907dc6d449ef7583640b319b2_box00.jpg,120,80,37,30,0,Cataract,0.524,0.48637499999999995,0.24941666666666668,0.304375,0.1,accepted,
train,i_767_png.rf.82c146fcb15a63d3768f7f775947e28b.jpg,i_767_png.rf.82c146fcb15a63d3768f7f775947e28b_box00.jpg,120,80,36,32,0,Cataract,0.45808333333333334,0.528,0.24941666666666668,0.32525,0.1,accepted,
train,i_768_png.rf.027b5e645a8b3f3d498756205b469fae.jpg,i_768_png.rf.027b5e645a8b3f3d498756205b469fae_box00.jpg,120,80,42,32,0,Cataract,0.491,0.49024999999999996,0.2806666666666667,0.317375,0.1,accepted,
train,i_769_png.rf.99aeabb59c03ce5835e1d2f2bfab2dec.jpg,i_769_png.rf.99aeabb59c03ce5835e1d2f2bfab2dec_box00.jpg,120,80,42,34,0,Cataract,0.49133333333333334,0.535875,0.28475,0.340875,0.1,accepted,
train,i_771_png.rf.ef8f3e21f0f6522cbdd03c73a76c4050.jpg,i_771_png.rf.ef8f3e21f0f6522cbdd03c73a76c4050_box00.jpg,120,80,39,32,0,Cataract,0.53125,0.524125,0.2604166666666667,0.3295,0.1,accepted,
train,i_774_png.rf.7409e26ff1cc4b3ece3ca93c71fc0d5f.jpg,i_774_png.rf.7409e26ff1cc4b3ece3ca93c71fc0d5f_box00.jpg,120,80,38,29,0,Cataract,0.4728333333333333,0.5445,0.25466666666666665,0.28525,0.1,accepted,
train,i_775_png.rf.48a23cb0fff6034a399ee40c8800f09a.jpg,i_775_png.rf.48a23cb0fff6034a399ee40c8800f09a_box00.jpg,120,80,36,32,0,Cataract,0.4658333333333333,0.5255,0.24766666666666665,0.32,0.1,accepted,
train,i_776_png.rf.06da03925afbb42a0961f8588ca15f68.jpg,i_776_png.rf.06da03925afbb42a0961f8588ca15f68_box00.jpg,120,80,35,31,0,Cataract,0.5190833333333333,0.5115000000000001,0.2360833333333333,0.313,0.1,accepted,
train,i_777_png.rf.980d5844c8eeb62ef3d19e3731e5480c.jpg,i_777_png.rf.980d5844c8eeb62ef3d19e3731e5480c_box00.jpg,120,80,38,32,0,Cataract,0.491,0.502875,0.2529166666666667,0.32687499999999997,0.1,accepted,
train,i_778_png.rf.63359fa3328f36038d1cc2e9e3d251af.jpg,i_778_png.rf.63359fa3328f36038d1cc2e9e3d251af_box00.jpg,120,80,37,31,0,Cataract,0.46358333333333335,0.509,0.25,0.31825000000000003,0.1,accepted,
train,i_779_png.rf.3b8d1ee0312ada748090041eaf526434.jpg,i_779_png.rf.3b8d1ee0312ada748090041eaf526434_box00.jpg,120,80,40,30,0,Cataract,0.5173333333333333,0.502875,0.2673333333333333,0.306125,0.1,accepted,
train,i_77_jpg.rf.398a410fb8e08ebf08736cc694f71b62.jpg,i_77_jpg.rf.398a410fb8e08ebf08736cc694f71b62_box00.jpg,327,249,127,92,0,Cataract,0.6112844036697247,0.48979919678714856,0.3214373088685015,0.3030923694779116,0.1,accepted,
train,i_780_png.rf.2d13defb1cead6d7989749afd2b136ec.jpg,i_780_png.rf.2d13defb1cead6d7989749afd2b136ec_box00.jpg,120,80,41,31,0,Cataract,0.5483333333333333,0.45375,0.2771666666666667,0.317375,0.1,accepted,
train,i_781_png.rf.cdb448d113526fc6a25bc8940e6c9ddd.jpg,i_781_png.rf.cdb448d113526fc6a25bc8940e6c9ddd_box00.jpg,120,80,38,30,0,Cataract,0.5249166666666667,0.449,0.25466666666666665,0.306,0.1,accepted,
train,i_782_png.rf.1c9da4d23982ec915070155973459686.jpg,i_782_png.rf.1c9da4d23982ec915070155973459686_box00.jpg,120,80,39,31,0,Cataract,0.46125,0.48462500000000003,0.25925,0.307875,0.1,accepted,
train,i_785_png.rf.ecb532725d55585a6bbd2a425c339aed.jpg,i_785_png.rf.ecb532725d55585a6bbd2a425c339aed_box00.jpg,120,80,41,30,0,Cataract,0.522,0.51325,0.2765833333333333,0.29562499999999997,0.1,accepted,
train,i_786_png.rf.e6086c93d656d3631d9960ebc20a7d6c.jpg,i_786_png.rf.e6086c93d656d3631d9960ebc20a7d6c_box00.jpg,120,80,36,26,0,Cataract,0.46525,0.5862499999999999,0.2465,0.254,0.1,accepted,
train,i_787_png.rf.557f3376a70c5e794322bcfe0966e83a.jpg,i_787_png.rf.557f3376a70c5e794322bcfe0966e83a_box00.jpg,120,80,36,25,0,Cataract,0.5155833333333333,0.58275,0.24308333333333335,0.24712499999999998,0.1,accepted,
train,i_789_png.rf.60f1f617f4ac3529a7a141012c47fb65.jpg,i_789_png.rf.60f1f617f4ac3529a7a141012c47fb65_box00.jpg,120,80,39,30,0,Cataract,0.5214166666666666,0.48600000000000004,0.2685,0.30862500000000004,0.1,accepted,
train,i_78_jpg.rf.1851950330b5f1d3bf1b0e08d2984c92.jpg,i_78_jpg.rf.1851950330b5f1d3bf1b0e08d2984c92_box00.jpg,292,196,64,42,0,Cataract,0.5057191780821917,0.5061734693877551,0.17921232876712329,0.1739795918367347,0.1,accepted,
train,i_791_png.rf.def8cdc5b7ff9bdaaba6711e5e89603f.jpg,i_791_png.rf.def8cdc5b7ff9bdaaba6711e5e89603f_box00.jpg,120,80,42,29,0,Cataract,0.4936666666666667,0.50725,0.28241666666666665,0.28700000000000003,0.1,accepted,
train,i_792_png.rf.3a57720e2a48ebde39823f38bdea946d.jpg,i_792_png.rf.3a57720e2a48ebde39823f38bdea946d_box00.jpg,120,80,38,30,0,Cataract,0.548,0.5115000000000001,0.25925,0.299125,0.1,accepted,
train,i_793_png.rf.7d698071b18a0909b3c8e07103c9b0f4.jpg,i_793_png.rf.7d698071b18a0909b3c8e07103c9b0f4_box00.jpg,120,80,38,29,0,Cataract,0.4658333333333333,0.534125,0.26158333333333333,0.29575,0.1,accepted,
train,i_796_png.rf.b72714d9a8be774c1353f79d22278ffb.jpg,i_796_png.rf.b72714d9a8be774c1353f79d22278ffb_box00.jpg,120,80,37,32,0,Cataract,0.51275,0.49675,0.25116666666666665,0.32525,0.1,accepted,
train,i_797_png.rf.0be13b9d87b01f411df2ebe1adbdb68e.jpg,i_797_png.rf.0be13b9d87b01f411df2ebe1adbdb68e_box00.jpg,120,80,36,31,0,Cataract,0.5477500000000001,0.501125,0.24133333333333334,0.313,0.1,accepted,
train,i_798_png.rf.ea156ba6492c091566ce63bc7e074766.jpg,i_798_png.rf.ea156ba6492c091566ce63bc7e074766_box00.jpg,120,80,38,30,0,Cataract,0.5468333333333334,0.449,0.2569166666666666,0.30262500000000003,0.1,accepted,
train,i_799_png.rf.b9f26b9d2cae26502e49e174cc489c3b.jpg,i_799_png.rf.b9f26b9d2cae26502e49e174cc489c3b_box00.jpg,120,80,35,31,0,Cataract,0.4860833333333333,0.491625,0.23958333333333334,0.31475,0.1,accepted,
train,i_79_jpg.rf.c161ee2b07b03b7b7e0257a9de09ad0c.jpg,i_79_jpg.rf.c161ee2b07b03b7b7e0257a9de09ad0c_box00.jpg,180,194,34,25,0,Cataract,0.5453888888888889,0.5505154639175257,0.15183333333333332,0.10443298969072166,0.1,accepted,
train,i_7_jpg.rf.716e3d2fc01efa45f34ee1fe60992fef.jpg,i_7_jpg.rf.716e3d2fc01efa45f34ee1fe60992fef_box00.jpg,388,439,388,409,0,Cataract,0.5102061855670104,0.5225512528473805,0.9383247422680412,0.773507972665148,0.1,accepted,
train,i_800_png.rf.023fa07ac93431ba3d5664084379af84.jpg,i_800_png.rf.023fa07ac93431ba3d5664084379af84_box00.jpg,120,80,39,28,0,Cataract,0.49133333333333334,0.5349999999999999,0.2639166666666667,0.276625,0.1,accepted,
train,i_801_png.rf.c9e6ad6a70c137edb464a3ed24df0965.jpg,i_801_png.rf.c9e6ad6a70c137edb464a3ed24df0965_box00.jpg,120,80,38,31,0,Cataract,0.46033333333333337,0.478125,0.2540833333333333,0.313875,0.1,accepted,
train,i_802_png.rf.3f6428d7d971ffeeb6fe7189e0c2a29e.jpg,i_802_png.rf.3f6428d7d971ffeeb6fe7189e0c2a29e_box00.jpg,120,80,40,31,0,Cataract,0.5231666666666667,0.49074999999999996,0.272,0.313,0.1,accepted,
train,i_803_png.rf.418500155da293133097f3a8672fc370.jpg,i_803_png.rf.418500155da293133097f3a8672fc370_box00.jpg,120,80,39,29,0,Cataract,0.5275,0.502375,0.26333333333333336,0.289625,0.1,accepted,
train,i_806_png.rf.58330801a491198c7c449db199ea45db.jpg,i_806_png.rf.58330801a491198c7c449db199ea45db_box00.jpg,120,80,40,29,0,Cataract,0.45083333333333336,0.515,0.27316666666666667,0.29575,0.1,accepted,
train,i_807_png.rf.eeb27ba08bf2c85d7d1a4f6f470ef5f3.jpg,i_807_png.rf.eeb27ba08bf2c85d7d1a4f6f470ef5f3_box00.jpg,120,80,34,28,0,Cataract,0.43200000000000005,0.477625,0.22508333333333336,0.28700000000000003,0.1,accepted,
train,i_808_png.rf.3587288472b319dc7768034612473d89.jpg,i_808_png.rf.3587288472b319dc7768034612473d89_box00.jpg,120,80,38,29,0,Cataract,0.49191666666666667,0.45599999999999996,0.25808333333333333,0.29562499999999997,0.1,accepted,
train,i_809_png.rf.3ae8149bbfdbbc7a1770e7adb3732388.jpg,i_809_png.rf.3ae8149bbfdbbc7a1770e7adb3732388_box00.jpg,120,80,40,26,0,Cataract,0.49075,0.528,0.26966666666666667,0.26275,0.1,accepted,
train,i_80_jpg.rf.544e1dcbf5dcffccfc016853c7cbaabe.jpg,i_80_jpg.rf.544e1dcbf5dcffccfc016853c7cbaabe_box00.jpg,197,183,87,52,0,Cataract,0.5044162436548224,0.462568306010929,0.3609644670050761,0.23120218579234975,0.1,accepted,
train,i_810_png.rf.b3fe6b8fc678f8e354568f7ce641625f.jpg,i_810_png.rf.b3fe6b8fc678f8e354568f7ce641625f_box00.jpg,120,80,40,28,0,Cataract,0.5485833333333333,0.5385,0.2743333333333334,0.273125,0.1,accepted,
train,i_812_png.rf.cdf75d6ff589b415c1b2ad254a626c75.jpg,i_812_png.rf.cdf75d6ff589b415c1b2ad254a626c75_box00.jpg,120,80,37,28,0,Cataract,0.5549999999999999,0.4655,0.25233333333333335,0.2835,0.1,accepted,
train,i_814_png.rf.8c6146deba67f152ac2254b9df4c736e.jpg,i_814_png.rf.8c6146deba67f152ac2254b9df4c736e_box00.jpg,120,80,34,28,0,Cataract,0.526,0.45125000000000004,0.22916666666666666,0.27737500000000004,0.1,accepted,
train,i_815_png.rf.bdf734cc8b0cb459b79f9d58f31a9397.jpg,i_815_png.rf.bdf734cc8b0cb459b79f9d58f31a9397_box00.jpg,120,80,33,26,0,Cataract,0.48725,0.45725,0.228,0.26175000000000004,0.1,accepted,
train,i_81_jpg.rf.8715b1a8a6b3a3ce68cadfd640e7c28c.jpg,i_81_jpg.rf.8715b1a8a6b3a3ce68cadfd640e7c28c_box00.jpg,282,192,116,71,0,Cataract,0.5218794326241134,0.5271875,0.33804964539007093,0.30265625,0.1,accepted,
train,i_821_jpg.rf.8e960154ff9475a6dc28113510da08a9.jpg,i_821_jpg.rf.8e960154ff9475a6dc28113510da08a9_box00.jpg,640,465,468,389,0,Cataract,0.434578125,0.46359139784946235,0.60871875,0.6959784946236559,0.1,accepted,
train,i_822_jpg.rf.a7d564d7f5777fa60af0cd2f80a079fb.jpg,i_822_jpg.rf.a7d564d7f5777fa60af0cd2f80a079fb_box00.jpg,640,352,239,215,0,Cataract,0.5045,0.5099431818181818,0.310125,0.5050568181818181,0.1,accepted,
train,i_823_png.rf.43cd20a1124f6f62ee81058436da80d6.jpg,i_823_png.rf.43cd20a1124f6f62ee81058436da80d6_box00.jpg,120,80,38,28,0,Cataract,0.5422499999999999,0.473375,0.25466666666666665,0.28525,0.1,accepted,
train,i_824_png.rf.9ebbb9491a80c8924ab07af49bc72ace.jpg,i_824_png.rf.9ebbb9491a80c8924ab07af49bc72ace_box00.jpg,120,80,36,30,0,Cataract,0.47400000000000003,0.43987499999999996,0.24766666666666665,0.3,0.1,accepted,
train,i_825_png.rf.9b8c43879fd539d4797906efb040bb1b.jpg,i_825_png.rf.9b8c43879fd539d4797906efb040bb1b_box00.jpg,120,80,38,27,0,Cataract,0.5228333333333334,0.45862499999999995,0.2540833333333333,0.269625,0.1,accepted,
train,i_827_png.rf.b431d048b69d4eaaf80f0b44c27ffaba.jpg,i_827_png.rf.b431d048b69d4eaaf80f0b44c27ffaba_box00.jpg,120,80,35,26,0,Cataract,0.49474999999999997,0.473375,0.2360833333333333,0.2575,0.1,accepted,
train,i_828_png.rf.cf6626d5c0238277c58e53c98dc2bfe0.jpg,i_828_png.rf.cf6626d5c0238277c58e53c98dc2bfe0_box00.jpg,120,80,38,25,0,Cataract,0.4930833333333334,0.483375,0.2604166666666667,0.251375,0.1,accepted,
train,i_829_png.rf.a3d2fdd716c01894a42ba9e488b51388.jpg,i_829_png.rf.a3d2fdd716c01894a42ba9e488b51388_box00.jpg,120,80,39,31,0,Cataract,0.46125,0.382625,0.25925,0.31037499999999996,0.1,accepted,
train,i_830_png.rf.7a18ca3d1ce6712f91e4c3883ad0848a.jpg,i_830_png.rf.7a18ca3d1ce6712f91e4c3883ad0848a_box00.jpg,120,80,37,27,0,Cataract,0.4713333333333333,0.445125,0.24825,0.275625,0.1,accepted,
train,i_831_png.rf.f17a29287cc3d135dafd3dc334a4f5ca.jpg,i_831_png.rf.f17a29287cc3d135dafd3dc334a4f5ca_box00.jpg,120,80,33,27,0,Cataract,0.5210833333333333,0.46987500000000004,0.22283333333333333,0.26437499999999997,0.1,accepted,
train,i_832_png.rf.f145701c6cd087dba334a322287a1b73.jpg,i_832_png.rf.f145701c6cd087dba334a322287a1b73_box00.jpg,120,80,33,28,0,Cataract,0.4734166666666667,0.4265,0.22108333333333335,0.27825,0.1,accepted,
train,i_833_png.rf.a9cdfa8aafc3baaa64837ab690a74eb8.jpg,i_833_png.rf.a9cdfa8aafc3baaa64837ab690a74eb8_box00.jpg,120,80,36,28,0,Cataract,0.47424999999999995,0.47375,0.24475,0.274,0.1,accepted,
train,i_834_png.rf.99fdb09e05fe4d677b60fddb2729ab78.jpg,i_834_png.rf.99fdb09e05fe4d677b60fddb2729ab78_box00.jpg,120,80,37,27,0,Cataract,0.46958333333333335,0.448125,0.25175000000000003,0.269625,0.1,accepted,
train,i_835_png.rf.f9d2575b647cd323285cbfdacd010de3.jpg,i_835_png.rf.f9d2575b647cd323285cbfdacd010de3_box00.jpg,120,80,35,29,0,Cataract,0.5040833333333333,0.419125,0.24075,0.3,0.1,accepted,
train,i_837_png.rf.f668f530ca92f42e8c7c8ddd31be2c62.jpg,i_837_png.rf.f668f530ca92f42e8c7c8ddd31be2c62_box00.jpg,120,80,35,27,0,Cataract,0.50925,0.48025,0.23725,0.27137500000000003,0.1,accepted,
train,i_838_png.rf.8cf4f15428485b8d3b23cada4981d6cd.jpg,i_838_png.rf.8cf4f15428485b8d3b23cada4981d6cd_box00.jpg,120,80,37,26,0,Cataract,0.56225,0.48587499999999995,0.24941666666666668,0.26,0.1,accepted,
train,i_839_png.rf.ca02fdf1d23acf9a15c18fa47b363d8a.jpg,i_839_png.rf.ca02fdf1d23acf9a15c18fa47b363d8a_box00.jpg,120,80,34,28,0,Cataract,0.5344166666666667,0.426875,0.22858333333333333,0.284375,0.1,accepted,
train,i_83_jpg.rf.3f2e24ea9ebbf697a9cc3e3966dc9d8d.jpg,i_83_jpg.rf.3f2e24ea9ebbf697a9cc3e3966dc9d8d_box00.jpg,246,226,57,72,0,Cataract,0.5682926829268293,0.506504424778761,0.18971544715447156,0.2616814159292035,0.1,accepted,
train,i_840_png.rf.d24ea2469f104eadeab0748cfd346a42.jpg,i_840_png.rf.d24ea2469f104eadeab0748cfd346a42_box00.jpg,120,80,33,29,0,Cataract,0.4895833333333333,0.46075,0.22566666666666665,0.289625,0.1,accepted,
train,i_841_png.rf.fe2277f74e3eadd9303a0227178a7209.jpg,i_841_png.rf.fe2277f74e3eadd9303a0227178a7209_box00.jpg,120,80,38,24,0,Cataract,0.50025,0.488125,0.2505833333333333,0.24525000000000002,0.1,accepted,
train,i_844_png.rf.7e1e9f622a9374389253b220410b4d69.jpg,i_844_png.rf.7e1e9f622a9374389253b220410b4d69_box00.jpg,120,80,36,25,0,Cataract,0.5589999999999999,0.386125,0.24191666666666667,0.24787499999999998,0.1,accepted,
train,i_846_png.rf.e494cb0d34197a01631b26a6688015dd.jpg,i_846_png.rf.e494cb0d34197a01631b26a6688015dd_box00.jpg,120,80,37,24,0,Cataract,0.5043333333333334,0.489,0.2540833333333333,0.24700000000000003,0.1,accepted,
train,i_847_png.rf.36a3ac2734c025ddecb3dbf85e9e2b60.jpg,i_847_png.rf.36a3ac2734c025ddecb3dbf85e9e2b60_box00.jpg,120,80,36,23,0,Cataract,0.509,0.521125,0.24708333333333332,0.21749999999999997,0.1,accepted,
train,i_852_png.rf.7e9dd6a519dd24a2e4c14f21df52abe8.jpg,i_852_png.rf.7e9dd6a519dd24a2e4c14f21df52abe8_box00.jpg,120,80,36,25,0,Cataract,0.5179166666666667,0.352625,0.24075,0.24525000000000002,0.1,accepted,
train,i_854_png.rf.a8d53a469ca38b87665160008f5d73fa.jpg,i_854_png.rf.a8d53a469ca38b87665160008f5d73fa_box00.jpg,120,80,38,28,0,Cataract,0.5188333333333334,0.42125,0.2598333333333333,0.28175,0.1,accepted,
train,i_857_png.rf.cd71f76ea598642f677852725b0a795f.jpg,i_857_png.rf.cd71f76ea598642f677852725b0a795f_box00.jpg,120,80,35,27,0,Cataract,0.5208333333333334,0.49850000000000005,0.23958333333333334,0.269625,0.1,accepted,
train,i_858_png.rf.bf45d795328bb666d62c4b1a3b9c6c45.jpg,i_858_png.rf.bf45d795328bb666d62c4b1a3b9c6c45_box00.jpg,120,80,37,27,0,Cataract,0.4950833333333333,0.40737500000000004,0.24941666666666668,0.27125,0.1,accepted,
train,i_859_png.rf.aa8eab262bacfaca8b8c046995881e94.jpg,i_859_png.rf.aa8eab262bacfaca8b8c046995881e94_box00.jpg,120,80,37,25,0,Cataract,0.44416666666666665,0.4655,0.24941666666666668,0.25225,0.1,accepted,
train,i_85_jpg.rf.c183219c7bf12f07b60f2ee638a2a268.jpg,i_85_jpg.rf.c183219c7bf12f07b60f2ee638a2a268_box00.jpg,230,187,98,76,0,Cataract,0.4572608695652174,0.5034224598930481,0.3536086956521739,0.3312299465240642,0.1,accepted,
train,i_860_png.rf.92a0bb66168bf7653b64d3e542ad5b42.jpg,i_860_png.rf.92a0bb66168bf7653b64d3e542ad5b42_box00.jpg,120,80,38,30,0,Cataract,0.4829166666666667,0.400875,0.2575,0.29474999999999996,0.1,accepted,
train,i_861_png.rf.023ca421f3d64d22436dc976a9480579.jpg,i_861_png.rf.023ca421f3d64d22436dc976a9480579_box00.jpg,120,80,37,28,0,Cataract,0.47741666666666666,0.48375,0.25,0.27825,0.1,accepted,
train,i_862_png.rf.d0c68cb36eed9a3b2493f0291853689f.jpg,i_862_png.rf.d0c68cb36eed9a3b2493f0291853689f_box00.jpg,120,80,39,27,0,Cataract,0.526,0.45862499999999995,0.2639166666666667,0.269625,0.1,accepted,
train,i_864_png.rf.880bc3bb2a2fb0c78d21b6f19582151c.jpg,i_864_png.rf.880bc3bb2a2fb0c78d21b6f19582151c_box00.jpg,120,80,34,26,0,Cataract,0.4516666666666667,0.461125,0.23208333333333334,0.2575,0.1,accepted,
train,i_865_png.rf.d39b554f07f3f55c0cfd39abeff59549.jpg,i_865_png.rf.d39b554f07f3f55c0cfd39abeff59549_box00.jpg,120,80,38,26,0,Cataract,0.50375,0.48724999999999996,0.2575,0.254,0.1,accepted,
train,i_866_png.rf.f65d37b7ef4bbcd8c146f022faa000ed.jpg,i_866_png.rf.f65d37b7ef4bbcd8c146f022faa000ed_box00.jpg,120,80,37,24,0,Cataract,0.5630833333333333,0.49762500000000004,0.24766666666666665,0.23312499999999997,0.1,accepted,
train,i_869_png.rf.f430711a428fd1c68a74ba906d91cce5.jpg,i_869_png.rf.f430711a428fd1c68a74ba906d91cce5_box00.jpg,120,80,31,27,0,Cataract,0.47891666666666666,0.42737499999999995,0.21466666666666667,0.269625,0.1,accepted,
train,i_86_jpg.rf.7af63856b46e5ac6c5b85dd0548a71e4.jpg,i_86_jpg.rf.7af63856b46e5ac6c5b85dd0548a71e4_box00.jpg,238,238,64,55,0,Cataract,0.4661344537815126,0.5289495798319328,0.21798319327731094,0.18957983193277309,0.1,accepted,
train,i_870_png.rf.88978953f9e90f12287c6442dbecc2d4.jpg,i_870_png.rf.88978953f9e90f12287c6442dbecc2d4_box00.jpg,120,80,38,26,0,Cataract,0.5410833333333334,0.400875,0.25233333333333335,0.26349999999999996,0.1,accepted,
train,i_873_png.rf.862490263987d0585ca884215cbdb552.jpg,i_873_png.rf.862490263987d0585ca884215cbdb552_box00.jpg,120,80,38,28,0,Cataract,0.49391666666666667,0.449875,0.2540833333333333,0.273,0.1,accepted,
train,i_874_png.rf.92895b36e525d5b34a66c033287bd1df.jpg,i_874_png.rf.92895b36e525d5b34a66c033287bd1df_box00.jpg,120,80,36,24,0,Cataract,0.49391666666666667,0.5237499999999999,0.24483333333333332,0.23312499999999997,0.1,accepted,
train,i_876_png.rf.6adb5915f6dde397e2146b68173c7e76.jpg,i_876_png.rf.6adb5915f6dde397e2146b68173c7e76_box00.jpg,120,80,38,24,0,Cataract,0.5485833333333333,0.45949999999999996,0.2604166666666667,0.24,0.1,accepted,
train,i_878_png.rf.05d2c4c32c3f40a2ef032d62f21def41.jpg,i_878_png.rf.05d2c4c32c3f40a2ef032d62f21def41_box00.jpg,120,80,38,26,0,Cataract,0.5243333333333333,0.4495,0.2535,0.2565,0.1,accepted,
train,i_880_png.rf.0ff3aba474abc1e3b84888487d569b28.jpg,i_880_png.rf.0ff3aba474abc1e3b84888487d569b28_box00.jpg,120,80,38,25,0,Cataract,0.5005833333333334,0.4455,0.25466666666666665,0.254,0.1,accepted,
train,i_881_png.rf.5380667ec9e8a20d6a4ccc86f4378b48.jpg,i_881_png.rf.5380667ec9e8a20d6a4ccc86f4378b48_box00.jpg,120,80,34,22,0,Cataract,0.45916666666666667,0.512375,0.224,0.221,0.1,accepted,
train,i_882_png.rf.6c5b3f54a91010068fb5b1732328429b.jpg,i_882_png.rf.6c5b3f54a91010068fb5b1732328429b_box00.jpg,120,80,38,20,0,Cataract,0.5098333333333334,0.5393749999999999,0.25925,0.188,0.1,accepted,
train,i_884_png.rf.b1c9aae989c46604939ec550fa1a6907.jpg,i_884_png.rf.b1c9aae989c46604939ec550fa1a6907_box00.jpg,120,80,34,27,0,Cataract,0.5255,0.396,0.2349166666666667,0.26949999999999996,0.1,accepted,
train,i_885_png.rf.b438074bc95b7833d7ebd366d12fb44d.jpg,i_885_png.rf.b438074bc95b7833d7ebd366d12fb44d_box00.jpg,120,80,39,28,0,Cataract,0.5359166666666667,0.41,0.26275,0.286875,0.1,accepted,
train,i_886_png.rf.8e19fc723b5a1fafe420fb9dabd14ce3.jpg,i_886_png.rf.8e19fc723b5a1fafe420fb9dabd14ce3_box00.jpg,120,80,36,26,0,Cataract,0.4921666666666667,0.48512500000000003,0.24825,0.26525,0.1,accepted,
train,i_889_png.rf.c3984d19a6681f0369daeeba74ebad1b.jpg,i_889_png.rf.c3984d19a6681f0369daeeba74ebad1b_box00.jpg,120,80,36,30,0,Cataract,0.46900000000000003,0.51325,0.24366666666666664,0.306125,0.1,accepted,
train,i_88_jpg.rf.ff0f75e2218b89406d084267089e5573.jpg,i_88_jpg.rf.ff0f75e2218b89406d084267089e5573_box00.jpg,299,239,96,80,0,Cataract,0.5445150501672241,0.5145606694560669,0.26548494983277593,0.27422594142259415,0.1,accepted,
train,i_890_png.rf.ded2595b817d732939c143f81eb2ff9b.jpg,i_890_png.rf.ded2595b817d732939c143f81eb2ff9b_box00.jpg,120,80,38,28,0,Cataract,0.51825,0.5255,0.25866666666666666,0.28875,0.1,accepted,
train,i_893_png.rf.dd3578297d5187974b432bf1d0473726.jpg,i_893_png.rf.dd3578297d5187974b432bf1d0473726_box00.jpg,120,80,37,33,0,Cataract,0.45541666666666664,0.5185,0.24766666666666665,0.327,0.1,accepted,
train,i_894_png.rf.9d0e95e3eac23b94cd747511ed1a387e.jpg,i_894_png.rf.9d0e95e3eac23b94cd747511ed1a387e_box00.jpg,120,80,35,29,0,Cataract,0.48725,0.502,0.2349166666666667,0.293875,0.1,accepted,
train,i_895_png.rf.779cea19d7e814c26dd1e8d4bf752511.jpg,i_895_png.rf.779cea19d7e814c26dd1e8d4bf752511_box00.jpg,120,80,38,25,0,Cataract,0.4404166666666667,0.52975,0.25466666666666665,0.241875,0.1,accepted,
train,i_896_png.rf.373e7cc0613bf761aa6746c0098354be.jpg,i_896_png.rf.373e7cc0613bf761aa6746c0098354be_box00.jpg,120,80,33,28,0,Cataract,0.49483333333333335,0.502,0.21758333333333332,0.280125,0.1,accepted,
train,i_897_png.rf.0affc198b2bbcb832cae0229990ea3df.jpg,i_897_png.rf.0affc198b2bbcb832cae0229990ea3df_box00.jpg,120,80,39,28,0,Cataract,0.4655833333333333,0.49762500000000004,0.26216666666666666,0.28525,0.1,accepted,
train,i_898_png.rf.ad81e4e3ce96c73861352ed067788fec.jpg,i_898_png.rf.ad81e4e3ce96c73861352ed067788fec_box00.jpg,120,80,37,32,0,Cataract,0.5194166666666666,0.489375,0.2540833333333333,0.315625,0.1,accepted,
train,i_899_png.rf.8288b70dd3c314b855327323b188b31d.jpg,i_899_png.rf.8288b70dd3c314b855327323b188b31d_box00.jpg,120,80,33,29,0,Cataract,0.5642499999999999,0.47024999999999995,0.22225,0.29825,0.1,accepted,
train,i_89_jpg.rf.8b07dcc7c7a68651c2e7f0fe5175bc88.jpg,i_89_jpg.rf.8b07dcc7c7a68651c2e7f0fe5175bc88_box00.jpg,298,208,102,79,0,Cataract,0.503993288590604,0.4975,0.2808724832214765,0.31480769230769234,0.1,accepted,
train,i_8_jpg.rf.233f0c5a687da4aca4ec6e90fc6d3898.jpg,i_8_jpg.rf.233f0c5a687da4aca4ec6e90fc6d3898_box00.jpg,525,440,184,127,0,Cataract,0.45714285714285713,0.5238181818181818,0.28923809523809524,0.23788636363636365,0.1,accepted,
train,i_900_png.rf.58c6fce3298a41838e96f8efa43efdbe.jpg,i_900_png.rf.58c6fce3298a41838e96f8efa43efdbe_box00.jpg,120,80,36,29,0,Cataract,0.5430833333333334,0.50725,0.24591666666666667,0.2905,0.1,accepted,
train,i_901_png.rf.6026b3b7e2f3bd9883924e40a88d3d79.jpg,i_901_png.rf.6026b3b7e2f3bd9883924e40a88d3d79_box00.jpg,120,80,39,35,0,Cataract,0.48175,0.47037500000000004,0.26216666666666666,0.350375,0.1,accepted,
train,i_903_png.rf.1f29fe1f416bc55472da292a2d935a90.jpg,i_903_png.rf.1f29fe1f416bc55472da292a2d935a90_box00.jpg,120,80,38,30,0,Cataract,0.4895833333333333,0.5002500000000001,0.2535,0.300875,0.1,accepted,
train,i_904_png.rf.3cd17a45bc3d60fbe952934fa245f39b.jpg,i_904_png.rf.3cd17a45bc3d60fbe952934fa245f39b_box00.jpg,120,80,38,29,0,Cataract,0.5161666666666667,0.492875,0.25116666666666665,0.291375,0.1,accepted,
train,i_905_png.rf.b76deb57be7ddcb85d60f8665ce37d61.jpg,i_905_png.rf.b76deb57be7ddcb85d60f8665ce37d61_box00.jpg,120,80,40,28,0,Cataract,0.5697500000000001,0.48462500000000003,0.2714166666666667,0.27999999999999997,0.1,accepted,
train,i_906_png.rf.425c1d35b3f729d5784ea12ec125d0d7.jpg,i_906_png.rf.425c1d35b3f729d5784ea12ec125d0d7_box00.jpg,120,80,33,27,0,Cataract,0.6099166666666667,0.48025,0.22341666666666665,0.267875,0.1,accepted,
train,i_908_png.rf.ece0a9138714572cab4446f6f9ed14a9.jpg,i_908_png.rf.ece0a9138714572cab4446f6f9ed14a9_box00.jpg,120,80,32,31,0,Cataract,0.5648333333333333,0.45599999999999996,0.21875,0.306,0.1,accepted,
train,i_909_png.rf.c17808f339efce065e0881460460972d.jpg,i_909_png.rf.c17808f339efce065e0881460460972d_box00.jpg,120,80,37,31,0,Cataract,0.48641666666666666,0.49675,0.2505833333333333,0.31475,0.1,accepted,
train,i_910_png.rf.2774557b92909594102cce94773c2efb.jpg,i_910_png.rf.2774557b92909594102cce94773c2efb_box00.jpg,120,80,31,27,0,Cataract,0.5868333333333333,0.51325,0.2048333333333333,0.27137500000000003,0.1,accepted,
train,i_911_png.rf.10f46d497860be0b4e70f44ac94ec1fd.jpg,i_911_png.rf.10f46d497860be0b4e70f44ac94ec1fd_box00.jpg,120,80,35,29,0,Cataract,0.47225,0.505875,0.23958333333333334,0.2965,0.1,accepted,
train,i_912_png.rf.e4f7f49b132376f233ff2053a27c3094.jpg,i_912_png.rf.e4f7f49b132376f233ff2053a27c3094_box00.jpg,120,80,36,30,0,Cataract,0.50925,0.49812500000000004,0.24425,0.30175,0.1,accepted,
train,i_913_png.rf.cff954db8a779bdd62afe589397865bf.jpg,i_913_png.rf.cff954db8a779bdd62afe589397865bf_box00.jpg,120,80,38,25,0,Cataract,0.45858333333333334,0.5415,0.2575,0.253125,0.1,accepted,
train,i_916_png.rf.91b523a1e78913ccbb3071d175faf260.jpg,i_916_png.rf.91b523a1e78913ccbb3071d175faf260_box00.jpg,120,80,39,26,0,Cataract,0.4640833333333333,0.54625,0.2604166666666667,0.2575,0.1,accepted,
train,i_917_png.rf.757f062b02df21f20ff2a539a35279fe.jpg,i_917_png.rf.757f062b02df21f20ff2a539a35279fe_box00.jpg,120,80,38,29,0,Cataract,0.5153333333333333,0.417375,0.2598333333333333,0.286125,0.1,accepted,
train,i_918_png.rf.b8d07aaa6615b19a8366e36f32df4abf.jpg,i_918_png.rf.b8d07aaa6615b19a8366e36f32df4abf_box00.jpg,120,80,38,31,0,Cataract,0.5098333333333334,0.468125,0.25925,0.3095,0.1,accepted,
train,i_91_jpg.rf.3a7797eca0bb621fd54db743cd3a0b3c.jpg,i_91_jpg.rf.3a7797eca0bb621fd54db743cd3a0b3c_box00.jpg,258,212,233,188,0,Cataract,0.467984496124031,0.4121698113207547,0.7507751937984496,0.7841509433962265,0.1,accepted,
train,i_920_png.rf.e88be379c15082eb8e86ac00b4acfadc.jpg,i_920_png.rf.e88be379c15082eb8e86ac00b4acfadc_box00.jpg,120,80,37,30,0,Cataract,0.5705833333333333,0.51325,0.24883333333333332,0.29562499999999997,0.1,accepted,
train,i_922_png.rf.8c51d693bca3ae436ac74b1bbcb87a9f.jpg,i_922_png.rf.8c51d693bca3ae436ac74b1bbcb87a9f_box00.jpg,120,80,40,31,0,Cataract,0.48524999999999996,0.472875,0.26908333333333334,0.313875,0.1,accepted,
train,i_923_png.rf.9655bdd260b967bd50615f30ec94d980.jpg,i_923_png.rf.9655bdd260b967bd50615f30ec94d980_box00.jpg,120,80,36,25,0,Cataract,0.4595,0.554125,0.24191666666666667,0.241875,0.1,accepted,
train,i_924_png.rf.5166e791c028cb1107bbfae27152094d.jpg,i_924_png.rf.5166e791c028cb1107bbfae27152094d_box00.jpg,120,80,41,30,0,Cataract,0.52,0.49850000000000005,0.28300000000000003,0.307875,0.1,accepted,
train,i_925_png.rf.e322721a13c48366d22bb41fbcc81ebf.jpg,i_925_png.rf.e322721a13c48366d22bb41fbcc81ebf_box00.jpg,120,80,36,31,0,Cataract,0.48383333333333334,0.45549999999999996,0.24883333333333332,0.320875,0.1,accepted,
train,i_928_png.rf.91ae93ca45edff3bcf260411e268519a.jpg,i_928_png.rf.91ae93ca45edff3bcf260411e268519a_box00.jpg,120,80,37,30,0,Cataract,0.5133333333333333,0.49024999999999996,0.24533333333333335,0.2965,0.1,accepted,
train,i_930_png.rf.0151a046f2fcf57209c7f05a0dc7088c.jpg,i_930_png.rf.0151a046f2fcf57209c7f05a0dc7088c_box00.jpg,120,80,38,24,0,Cataract,0.5161666666666667,0.565375,0.25808333333333333,0.24362499999999998,0.1,accepted,
train,i_932_png.rf.f4c5440547d6362f04f21642f5e021c1.jpg,i_932_png.rf.f4c5440547d6362f04f21642f5e021c1_box00.jpg,120,80,38,30,0,Cataract,0.49191666666666667,0.499375,0.25116666666666665,0.299125,0.1,accepted,
train,i_934_png.rf.b0391a9f61513c28c09458e6381c53f6.jpg,i_934_png.rf.b0391a9f61513c28c09458e6381c53f6_box00.jpg,120,80,35,29,0,Cataract,0.55125,0.520625,0.23433333333333334,0.284375,0.1,accepted,
train,i_938_png.rf.f798fcd8d3f4cf65faf046489f43d2bd.jpg,i_938_png.rf.f798fcd8d3f4cf65faf046489f43d2bd_box00.jpg,120,80,34,26,0,Cataract,0.4088333333333333,0.499375,0.23441666666666666,0.2575,0.1,accepted,
train,i_939_png.rf.68b484080fee969861b1ef297f984c0b.jpg,i_939_png.rf.68b484080fee969861b1ef297f984c0b_box00.jpg,120,80,38,26,0,Cataract,0.45808333333333334,0.5115000000000001,0.25633333333333336,0.261,0.1,accepted,
train,i_93_jpg.rf.b12f38c2af3603458fce7196c113f4ec.jpg,i_93_jpg.rf.b12f38c2af3603458fce7196c113f4ec_box00.jpg,227,224,100,89,0,Cataract,0.46211453744493397,0.4887053571428571,0.3645374449339207,0.32968749999999997,0.1,accepted,
train,i_940_png.rf.282d3f2dfb7c3355176f9ea81d282658.jpg,i_940_png.rf.282d3f2dfb7c3355176f9ea81d282658_box00.jpg,120,80,38,26,0,Cataract,0.5697500000000001,0.476,0.2575,0.262625,0.1,accepted,
train,i_942_png.rf.7bdeb6a798b4ab0c92c0df7a791b9211.jpg,i_942_png.rf.7bdeb6a798b4ab0c92c0df7a791b9211_box00.jpg,120,80,38,26,0,Cataract,0.49333333333333335,0.4125,0.2575,0.260875,0.1,accepted,
train,i_943_png.rf.e51f0bf0321a479c6812075e243f77ad.jpg,i_943_png.rf.e51f0bf0321a479c6812075e243f77ad_box00.jpg,120,80,38,30,0,Cataract,0.48383333333333334,0.46287500000000004,0.25575000000000003,0.299125,0.1,accepted,
train,i_944_png.rf.6453e2eb9c6af1867a388a0100732c3b.jpg,i_944_png.rf.6453e2eb9c6af1867a388a0100732c3b_box00.jpg,120,80,38,28,0,Cataract,0.4583333333333333,0.564125,0.2535,0.27749999999999997,0.1,accepted,
train,i_945_png.rf.006a8af5b7ddcb9c2c345b0bc24afd70.jpg,i_945_png.rf.006a8af5b7ddcb9c2c345b0bc24afd70_box00.jpg,120,80,40,25,0,Cataract,0.5526666666666666,0.496375,0.2685,0.246125,0.1,accepted,
train,i_947_png.rf.243186e6443c958c4c1ba47d3cc7be27.jpg,i_947_png.rf.243186e6443c958c4c1ba47d3cc7be27_box00.jpg,120,80,35,27,0,Cataract,0.4651666666666667,0.48274999999999996,0.23708333333333334,0.272125,0.1,accepted,
train,i_950_png.rf.4776f40b8bd32a6116882cda89d5edf1.jpg,i_950_png.rf.4776f40b8bd32a6116882cda89d5edf1_box00.jpg,120,80,36,25,0,Cataract,0.4345833333333333,0.506375,0.24766666666666665,0.2505,0.1,accepted,
train,i_952_png.rf.13e2d9081bcc57e8a9be51864922d811.jpg,i_952_png.rf.13e2d9081bcc57e8a9be51864922d811_box00.jpg,120,80,32,28,0,Cataract,0.4736666666666667,0.47162499999999996,0.21358333333333332,0.28175,0.1,accepted,
train,i_953_png.rf.cdf2a78d84315b6f00f483474b35440c.jpg,i_953_png.rf.cdf2a78d84315b6f00f483474b35440c_box00.jpg,120,80,33,28,0,Cataract,0.52225,0.47074999999999995,0.21816666666666668,0.2835,0.1,accepted,
train,i_954_png.rf.53b4fa83abc7c47bba1f0fdc8513498e.jpg,i_954_png.rf.53b4fa83abc7c47bba1f0fdc8513498e_box00.jpg,120,80,31,28,0,Cataract,0.5625,0.47162499999999996,0.21183333333333335,0.27825,0.1,accepted,
train,i_956_png.rf.b4ae6606190dc205a95aa06211faee41.jpg,i_956_png.rf.b4ae6606190dc205a95aa06211faee41_box00.jpg,120,80,35,28,0,Cataract,0.43,0.525875,0.24075,0.274,0.1,accepted,
train,i_957_png.rf.c83ec1fe0ae467408b2a6b362b73727d.jpg,i_957_png.rf.c83ec1fe0ae467408b2a6b362b73727d_box00.jpg,120,80,36,25,0,Cataract,0.48783333333333334,0.554125,0.24308333333333335,0.25225,0.1,accepted,
train,i_958_png.rf.031e682530e75c6287cbf08ae8720662.jpg,i_958_png.rf.031e682530e75c6287cbf08ae8720662_box00.jpg,120,80,36,28,0,Cataract,0.5416666666666666,0.53675,0.23958333333333334,0.27999999999999997,0.1,accepted,
train,i_959_png.rf.40d0697e937c00fbf1644ddc8cbb2717.jpg,i_959_png.rf.40d0697e937c00fbf1644ddc8cbb2717_box00.jpg,120,80,39,24,0,Cataract,0.48000000000000004,0.47462499999999996,0.26791666666666664,0.244375,0.1,accepted,
train,i_95_jpg.rf.9f9977e68b9cd8e7550f71a88f129ce7.jpg,i_95_jpg.rf.9f9977e68b9cd8e7550f71a88f129ce7_box00.jpg,384,237,133,94,0,Cataract,0.5040104166666667,0.4978059071729958,0.2853645833333333,0.32932489451476793,0.1,accepted,
train,i_960_png.rf.f60ad31a96d1939582f1c5c0d5dfb7cf.jpg,i_960_png.rf.f60ad31a96d1939582f1c5c0d5dfb7cf_box00.jpg,120,80,39,31,0,Cataract,0.4875833333333333,0.509,0.26675,0.31825000000000003,0.1,accepted,
train,i_963_png.rf.9c107328bda5029c135f55dbf9d4707c.jpg,i_963_png.rf.9c107328bda5029c135f55dbf9d4707c_box00.jpg,120,80,38,28,0,Cataract,0.5145000000000001,0.46125,0.25466666666666665,0.28525,0.1,accepted,
train,i_965_png.rf.22d7dd513921264ce4098a729331c49b.jpg,i_965_png.rf.22d7dd513921264ce4098a729331c49b_box00.jpg,120,80,38,30,0,Cataract,0.5086666666666667,0.509375,0.2569166666666666,0.3035,0.1,accepted,
train,i_966_jpg.rf.256cc37c0497cffb14aa83585e04ca6f.jpg,i_966_jpg.rf.256cc37c0497cffb14aa83585e04ca6f_box00.jpg,47,47,21,19,0,Cataract,0.5863829787234043,0.5236170212765957,0.3293617021276596,0.2927659574468085,0.1,accepted,
train,i_968_jpg.rf.974218c59656b15ed4ff1d0c3fd59483.jpg,i_968_jpg.rf.974218c59656b15ed4ff1d0c3fd59483_box00.jpg,50,50,20,16,0,Cataract,0.5878,0.5374,0.2978,0.2214,0.1,accepted,
train,i_969_jpg.rf.2c187a50b01f55299d6c3880951c6afb.jpg,i_969_jpg.rf.2c187a50b01f55299d6c3880951c6afb_box00.jpg,66,66,23,17,0,Cataract,0.5312121212121212,0.5545454545454546,0.27166666666666667,0.19303030303030302,0.1,accepted,
train,i_96_jpg.rf.24fc75534bf3df173911773fad782731.jpg,i_96_jpg.rf.24fc75534bf3df173911773fad782731_box00.jpg,427,277,127,116,0,Cataract,0.558711943793911,0.548231046931408,0.24756440281030442,0.34696750902527074,0.1,accepted,
train,i_970_jpg.rf.66fde54fcbe0247cb8e67bbd17834244.jpg,i_970_jpg.rf.66fde54fcbe0247cb8e67bbd17834244_box00.jpg,51,51,22,17,0,Cataract,0.6074509803921568,0.504313725490196,0.3154901960784314,0.2384313725490196,0.1,accepted,
train,i_974_jpg.rf.4a34fa38022fe32d4222ffb07dfa609b.jpg,i_974_jpg.rf.4a34fa38022fe32d4222ffb07dfa609b_box00.jpg,43,43,20,15,0,Cataract,0.5983720930232558,0.5402325581395349,0.3502325581395349,0.2427906976744186,0.1,rejected,min_resolution:20x15<16
train,i_975_jpg.rf.9427e5112f503fd5a30fa5bbef396e98.jpg,i_975_jpg.rf.9427e5112f503fd5a30fa5bbef396e98_box00.jpg,48,48,20,17,0,Cataract,0.5,0.535,0.3072916666666667,0.24541666666666664,0.1,accepted,
train,i_977_jpg.rf.b631763f34ca926a956bef8711e79506.jpg,i_977_jpg.rf.b631763f34ca926a956bef8711e79506_box00.jpg,56,56,24,20,0,Cataract,0.49196428571428574,0.5158928571428572,0.3378571428571429,0.26142857142857145,0.1,accepted,
train,i_978_jpg.rf.1c3cf3b00df48e33db4895aa84b94d9a.jpg,i_978_jpg.rf.1c3cf3b00df48e33db4895aa84b94d9a_box00.jpg,52,52,24,19,0,Cataract,0.3836538461538461,0.4740384615384615,0.36730769230769234,0.2655769230769231,0.1,accepted,
train,i_980_jpg.rf.a6392c17b80fabc32436368cb328f79d.jpg,i_980_jpg.rf.a6392c17b80fabc32436368cb328f79d_box00.jpg,56,56,22,20,0,Cataract,0.5592857142857143,0.48964285714285716,0.3046428571428571,0.26839285714285716,0.1,accepted,
train,i_981_jpg.rf.0544e6bc38a4d293ea39cded1e288c93.jpg,i_981_jpg.rf.0544e6bc38a4d293ea39cded1e288c93_box00.jpg,55,55,22,19,0,Cataract,0.509090909090909,0.49945454545454543,0.3065454545454545,0.2525454545454546,0.1,accepted,
train,i_983_jpg.rf.398d1b27cbfe9b67f9fdb19176387020.jpg,i_983_jpg.rf.398d1b27cbfe9b67f9fdb19176387020_box00.jpg,63,63,25,15,0,Cataract,0.7007936507936507,0.489047619047619,0.313968253968254,0.15396825396825395,0.1,rejected,min_resolution:25x15<16
train,i_985_jpg.rf.0152112cf76c96136fd4966a7a3c1cae.jpg,i_985_jpg.rf.0152112cf76c96136fd4966a7a3c1cae_box00.jpg,58,58,24,20,0,Cataract,0.5677586206896552,0.4882758620689655,0.3413793103448276,0.25913793103448274,0.1,accepted,
train,i_987_jpg.rf.fb1e296d9870709e62d7a66b62a39b0d.jpg,i_987_jpg.rf.fb1e296d9870709e62d7a66b62a39b0d_box00.jpg,54,54,25,19,0,Cataract,0.5798148148148148,0.507962962962963,0.3616666666666667,0.2596296296296296,0.1,accepted,
train,i_988_jpg.rf.138946f0963f349b32fe54097e72eda7.jpg,i_988_jpg.rf.138946f0963f349b32fe54097e72eda7_box00.jpg,48,48,20,17,0,Cataract,0.4535416666666667,0.5322916666666667,0.3133333333333333,0.26104166666666667,0.1,accepted,
train,i_98_jpg.rf.99eff72a46b9b7fba29f1b47aacbce50.jpg,i_98_jpg.rf.99eff72a46b9b7fba29f1b47aacbce50_box00.jpg,375,283,200,149,0,Cataract,0.5260266666666666,0.49328621908127207,0.4425333333333333,0.4346643109540636,0.1,accepted,
train,i_990_jpg.rf.40bae780b0a429de01182f667411845c.jpg,i_990_jpg.rf.40bae780b0a429de01182f667411845c_box00.jpg,61,61,25,20,0,Cataract,0.4983606557377049,0.5362295081967213,0.32,0.24344262295081967,0.1,accepted,
train,i_991_jpg.rf.31b5f9f5a9ee87e68a831fc8ae4f959b.jpg,i_991_jpg.rf.31b5f9f5a9ee87e68a831fc8ae4f959b_box00.jpg,51,51,23,18,0,Cataract,0.7015686274509804,0.5356862745098039,0.3572549019607843,0.25941176470588234,0.1,accepted,
train,i_992_jpg.rf.b3da98684000759f6f1d8c7f682a5f6a.jpg,i_992_jpg.rf.b3da98684000759f6f1d8c7f682a5f6a_box00.jpg,65,65,24,18,0,Cataract,0.5992307692307692,0.51,0.28076923076923077,0.19953846153846155,0.1,accepted,
train,i_994_jpg.rf.23f978725dae27586e20afb35cce1785.jpg,i_994_jpg.rf.23f978725dae27586e20afb35cce1785_box00.jpg,55,55,19,15,0,Cataract,0.5727272727272728,0.5392727272727272,0.2727272727272727,0.19363636363636363,0.1,rejected,min_resolution:19x15<16
train,i_995_jpg.rf.0add29a483af0db9cb99a0a6a658ecd7.jpg,i_995_jpg.rf.0add29a483af0db9cb99a0a6a658ecd7_box00.jpg,47,47,21,18,0,Cataract,0.5844680851063829,0.47127659574468084,0.3597872340425532,0.28425531914893615,0.1,accepted,
train,i_996_jpg.rf.928f26d0cb01dbea48a13fc041209388.jpg,i_996_jpg.rf.928f26d0cb01dbea48a13fc041209388_box00.jpg,58,58,24,18,0,Cataract,0.6231034482758621,0.5018965517241379,0.33172413793103445,0.2286206896551724,0.1,accepted,
train,i_998_jpg.rf.3d04855dba792280c62a9208cca4e03e.jpg,i_998_jpg.rf.3d04855dba792280c62a9208cca4e03e_box00.jpg,48,48,19,17,0,Cataract,0.5529166666666666,0.5125000000000001,0.30895833333333333,0.25229166666666664,0.1,accepted,
train,i_99_jpg.rf.42821da6a2c16c8a459caed020f76daf.jpg,i_99_jpg.rf.42821da6a2c16c8a459caed020f76daf_box00.jpg,442,265,261,221,0,Cataract,0.5300678733031674,0.5340377358490567,0.4912669683257918,0.6889056603773585,0.1,accepted,
train,image_0_png.rf.cfe516e67ab27db4638d2ffad7553a0e.jpg,image_0_png.rf.cfe516e67ab27db4638d2ffad7553a0e_box00.jpg,640,515,196,186,1,Normal,0.546875,0.6485436893203883,0.2546875,0.30097087378640774,0.1,accepted,
train,image_100_png.rf.6414f78f81b104a2eef6d200682cbdc0.jpg,image_100_png.rf.6414f78f81b104a2eef6d200682cbdc0_box00.jpg,640,426,114,97,0,Cataract,0.521875,0.6032863849765259,0.146875,0.18779342723004694,0.1,accepted,
train,image_101_png.rf.df06e3298dc4cd7387ef34a3f989ba65.jpg,image_101_png.rf.df06e3298dc4cd7387ef34a3f989ba65_box00.jpg,622,640,212,168,1,Normal,0.5546623794212219,0.475,0.2829581993569132,0.21875,0.1,accepted,
train,image_102_png.rf.92b2170aab575ce4d75823ee3e8bbd75.jpg,image_102_png.rf.92b2170aab575ce4d75823ee3e8bbd75_box00.jpg,640,431,302,198,0,Cataract,0.5109375,0.45011600928074247,0.3921875,0.3805104408352668,0.1,accepted,
train,image_103_png.rf.3e24052b226bde505531dcb747dbdea8.jpg,image_103_png.rf.3e24052b226bde505531dcb747dbdea8_box00.jpg,640,359,224,164,1,Normal,0.578125,0.5013927576601671,0.290625,0.3788300835654596,0.1,accepted,
train,image_103_png.rf.fddc04fae1f8911e2c940b9808a7dad1.jpg,image_103_png.rf.fddc04fae1f8911e2c940b9808a7dad1_box00.jpg,640,464,456,392,0,Cataract,0.421875,0.39655172413793105,0.59375,0.7456896551724138,0.1,accepted,
train,image_104_png.rf.7aa747bca69750e74ae0cc4670019882.jpg,image_104_png.rf.7aa747bca69750e74ae0cc4670019882_box00.jpg,640,548,180,170,1,Normal,0.4734375,0.5474452554744526,0.234375,0.2572992700729927,0.1,accepted,
train,image_104_png.rf.fa51de473ab8048fac6db5116cecdf23.jpg,image_104_png.rf.fa51de473ab8048fac6db5116cecdf23_box00.jpg,640,442,464,415,0,Cataract,0.5296875,0.5135746606334841,0.603125,0.7805429864253394,0.1,accepted,
train,image_105_png.rf.94811ef060c6b9a99c8eb40e59492120.jpg,image_105_png.rf.94811ef060c6b9a99c8eb40e59492120_box00.jpg,640,265,202,136,1,Normal,0.390625,0.3584905660377358,0.2609375,0.42641509433962266,0.1,accepted,
train,image_105_png.rf.f73ed3c5d6424dad52fe78fc6a7e5f0e.jpg,image_105_png.rf.f73ed3c5d6424dad52fe78fc6a7e5f0e_box00.jpg,640,426,292,226,0,Cataract,0.4171875,0.4460093896713615,0.378125,0.4413145539906103,0.1,accepted,
train,image_106_png.rf.5a596ab4dc2dd9e3a939ac0f22efdbd6.jpg,image_106_png.rf.5a596ab4dc2dd9e3a939ac0f22efdbd6_box00.jpg,640,524,174,142,1,Normal,0.4171875,0.5610687022900763,0.2265625,0.22519083969465647,0.1,accepted,
train,image_106_png.rf.cc24d364786873aa08532327c685b1da.jpg,image_106_png.rf.cc24d364786873aa08532327c685b1da_box00.jpg,640,427,136,100,0,Cataract,0.48125,0.5199063231850117,0.1765625,0.1920374707259953,0.1,accepted,
train,image_107_png.rf.1437d2e76efd10dfe473c5abf4c66bde.jpg,image_107_png.rf.1437d2e76efd10dfe473c5abf4c66bde_box00.jpg,640,426,224,190,0,Cataract,0.3859375,0.539906103286385,0.290625,0.37089201877934275,0.1,accepted,
train,image_107_png.rf.697f4ec4b983f1744a8a492d08480c88.jpg,image_107_png.rf.697f4ec4b983f1744a8a492d08480c88_box00.jpg,640,349,186,152,1,Normal,0.4875,0.40974212034383956,0.240625,0.36103151862464183,0.1,accepted,
train,image_108_png.rf.10bb0aca602319eb8f56618606f181ec.jpg,image_108_png.rf.10bb0aca602319eb8f56618606f181ec_box00.jpg,640,391,204,184,1,Normal,0.409375,0.47570332480818417,0.265625,0.3887468030690537,0.1,accepted,
train,image_109_png.rf.2a1f3bf4102fe707e2ef46c1e3f467bb.jpg,image_109_png.rf.2a1f3bf4102fe707e2ef46c1e3f467bb_box00.jpg,640,427,292,292,0,Cataract,0.490625,0.6065573770491803,0.3796875,0.5690866510538641,0.1,accepted,
train,image_10_png.rf.a25398ec847dc8eb4214b7ad355baa58.jpg,image_10_png.rf.a25398ec847dc8eb4214b7ad355baa58_box00.jpg,640,416,414,382,0,Cataract,0.4640625,0.45913461538461536,0.5390625,0.7620192307692307,0.1,accepted,
train,image_110_png.rf.a3eb562f7e730910d6676ab294b2d0d0.jpg,image_110_png.rf.a3eb562f7e730910d6676ab294b2d0d0_box00.jpg,640,375,328,298,1,Normal,0.546875,0.47733333333333333,0.4265625,0.6613333333333333,0.1,accepted,
train,image_111_png.rf.909f04a4a4d237b809610ff09d38788b.jpg,image_111_png.rf.909f04a4a4d237b809610ff09d38788b_box00.jpg,640,503,218,190,1,Normal,0.496875,0.558648111332008,0.2828125,0.3121272365805169,0.1,accepted,
train,image_112_png.rf.9c2fcddedd0e88fafef5ec78d47cc7b9.jpg,image_112_png.rf.9c2fcddedd0e88fafef5ec78d47cc7b9_box00.jpg,640,358,358,345,0,Cataract,0.515625,0.46089385474860334,0.465625,0.835195530726257,0.1,accepted,
train,image_113_png.rf.2fbce62f954d62e40fec26d0b9f4f00a.jpg,image_113_png.rf.2fbce62f954d62e40fec26d0b9f4f00a_box00.jpg,640,426,264,265,0,Cataract,0.43125,0.4295774647887324,0.3421875,0.5164319248826291,0.1,accepted,
train,image_113_png.rf.78403fae0644934d17a7c6a964544963.jpg,image_113_png.rf.78403fae0644934d17a7c6a964544963_box00.jpg,640,426,400,332,1,Normal,0.509375,0.5023474178403756,0.5203125,0.647887323943662,0.1,accepted,
train,image_114_png.rf.106b26124e2df6397fa3974c9e684dec.jpg,image_114_png.rf.106b26124e2df6397fa3974c9e684dec_box00.jpg,640,565,248,242,1,Normal,0.4671875,0.5079646017699115,0.321875,0.35575221238938054,0.1,accepted,
train,image_114_png.rf.7c855de55ce9b358e951cc91c6690e44.jpg,image_114_png.rf.7c855de55ce9b358e951cc91c6690e44_box00.jpg,640,426,258,266,0,Cataract,0.4265625,0.431924882629108,0.334375,0.5187793427230047,0.1,accepted,
train,image_116_png.rf.58c02b128a081489a99f5015f9e1345c.jpg,image_116_png.rf.58c02b128a081489a99f5015f9e1345c_box00.jpg,640,261,310,234,0,Cataract,0.46875,0.47509578544061304,0.403125,0.7432950191570882,0.1,accepted,
train,image_117_png.rf.c28999b35e0ab718fd168d06a96d19c6.jpg,image_117_png.rf.c28999b35e0ab718fd168d06a96d19c6_box00.jpg,640,516,216,184,1,Normal,0.4390625,0.5813953488372093,0.2796875,0.29457364341085274,0.1,accepted,
train,image_118_png.rf.e95a94fa0c3a7b427f7eb32628777994.jpg,image_118_png.rf.e95a94fa0c3a7b427f7eb32628777994_box00.jpg,640,420,380,356,0,Cataract,0.5546875,0.46190476190476193,0.49375,0.7047619047619048,0.1,accepted,
train,image_119_png.rf.03e2e2ccee9892ae3c2b063d1fcc48ce.jpg,image_119_png.rf.03e2e2ccee9892ae3c2b063d1fcc48ce_box00.jpg,640,483,196,164,1,Normal,0.459375,0.43478260869565216,0.2546875,0.2815734989648033,0.1,accepted,
train,image_119_png.rf.a2963cc840569dda3cd783851197b78d.jpg,image_119_png.rf.a2963cc840569dda3cd783851197b78d_box00.jpg,640,413,324,280,0,Cataract,0.5671875,0.5230024213075061,0.4203125,0.5617433414043583,0.1,accepted,
train,image_11_png.rf.a9625aa066b886f894f8ef2edab2e6a6.jpg,image_11_png.rf.a9625aa066b886f894f8ef2edab2e6a6_box00.jpg,640,351,214,128,1,Normal,0.5,0.4415954415954416,0.278125,0.301994301994302,0.1,accepted,
train,image_120_png.rf.5405df10a894f87658ba37fdaf6aeed1.jpg,image_120_png.rf.5405df10a894f87658ba37fdaf6aeed1_box00.jpg,640,426,98,86,0,Cataract,0.6953125,0.6056338028169014,0.1265625,0.16666666666666666,0.1,accepted,
train,image_121_png.rf.5ca8207a07b80462b0f55ccb05c91664.jpg,image_121_png.rf.5ca8207a07b80462b0f55ccb05c91664_box00.jpg,640,549,198,178,1,Normal,0.46875,0.604735883424408,0.2578125,0.26958105646630237,0.1,accepted,
train,image_123_png.rf.9f98991f6bd5de0e1a5de79d139587a2.jpg,image_123_png.rf.9f98991f6bd5de0e1a5de79d139587a2_box00.jpg,503,640,199,186,1,Normal,0.5089463220675944,0.4828125,0.32803180914512925,0.2421875,0.1,accepted,
train,image_124_png.rf.193fc1c0d4e997aba886c92f552bbcf7.jpg,image_124_png.rf.193fc1c0d4e997aba886c92f552bbcf7_box00.jpg,640,263,232,200,0,Cataract,0.675,0.4296577946768061,0.3,0.6311787072243346,0.1,accepted,
train,image_124_png.rf.94beb18f7ea81b8a42428844ee5e4ad3.jpg,image_124_png.rf.94beb18f7ea81b8a42428844ee5e4ad3_box00.jpg,640,360,130,104,1,Normal,0.384375,0.5777777777777777,0.16875,0.2388888888888889,0.1,accepted,
train,image_125_png.rf.f60105eb451b910bf2b3b86bcd6a32b0.jpg,image_125_png.rf.f60105eb451b910bf2b3b86bcd6a32b0_box00.jpg,640,439,428,428,0,Cataract,0.478125,0.5034168564920274,0.55625,0.8109339407744874,0.1,accepted,
train,image_126_png.rf.669b33c4657075c8e9f322890dcfed56.jpg,image_126_png.rf.669b33c4657075c8e9f322890dcfed56_box00.jpg,640,426,154,142,1,Normal,0.49375,0.4812206572769953,0.1984375,0.27699530516431925,0.1,accepted,
train,image_126_png.rf.a7637407803e83b1e9e9e4021a76c646.jpg,image_126_png.rf.a7637407803e83b1e9e9e4021a76c646_box00.jpg,640,336,374,306,0,Cataract,0.509375,0.5863095238095238,0.4859375,0.8244047619047619,0.1,accepted,
train,image_127_png.rf.5ff6bb2081ff5b88cb4901e0d51a6efe.jpg,image_127_png.rf.5ff6bb2081ff5b88cb4901e0d51a6efe_box00.jpg,640,478,292,280,0,Cataract,0.515625,0.5083682008368201,0.378125,0.4874476987447699,0.1,accepted,
train,image_127_png.rf.5ff6bb2081ff5b88cb4901e0d51a6efe.jpg,image_127_png.rf.5ff6bb2081ff5b88cb4901e0d51a6efe_box01.jpg,640,478,12,6,0,Cataract,0.6984375,0.7552301255230126,0.0125,0.0041841004184100415,0.1,rejected,min_resolution:12x6<16|min_area:72<256
train,image_129_png.rf.26ae0cd4cc48a5180c740d0cfe12afad.jpg,image_129_png.rf.26ae0cd4cc48a5180c740d0cfe12afad_box00.jpg,640,486,184,138,1,Normal,0.4140625,0.6893004115226338,0.2375,0.2345679012345679,0.1,accepted,
train,image_12_png.rf.9460ff5a201f328d455dc1437bdacff7.jpg,image_12_png.rf.9460ff5a201f328d455dc1437bdacff7_box00.jpg,640,465,452,376,1,Normal,0.5125,0.5032258064516129,0.5875,0.6731182795698925,0.1,accepted,
train,image_12_png.rf.ad1ff208e6df53a3b2eb6f25567bd673.jpg,image_12_png.rf.ad1ff208e6df53a3b2eb6f25567bd673_box00.jpg,640,435,278,266,0,Cataract,0.575,0.4942528735632184,0.3609375,0.5057471264367817,0.1,accepted,
train,image_131_png.rf.befc5b95c008d5f5e6018ee5889a8ba7.jpg,image_131_png.rf.befc5b95c008d5f5e6018ee5889a8ba7_box00.jpg,640,426,128,112,0,Cataract,0.3859375,0.568075117370892,0.165625,0.215962441314554,0.1,accepted,
train,image_132_png.rf.b1c48535e6362e8d4a29a8813b334643.jpg,image_132_png.rf.b1c48535e6362e8d4a29a8813b334643_box00.jpg,640,380,256,208,1,Normal,0.48125,0.4842105263157895,0.3328125,0.45263157894736844,0.1,accepted,
train,image_134_png.rf.54fea656c50ccb442a5403417db47fe2.jpg,image_134_png.rf.54fea656c50ccb442a5403417db47fe2_box00.jpg,640,367,555,367,0,Cataract,0.4328125,0.5,0.721875,1.0,0.1,accepted,
train,image_135_png.rf.9fe8e36ade179f5a43248fb382631862.jpg,image_135_png.rf.9fe8e36ade179f5a43248fb382631862_box00.jpg,640,434,228,172,0,Cataract,0.496875,0.4447004608294931,0.2953125,0.3271889400921659,0.1,accepted,
train,image_136_png.rf.55ec9909c52cdf9351c56d94706fbaf2.jpg,image_136_png.rf.55ec9909c52cdf9351c56d94706fbaf2_box00.jpg,640,640,276,230,0,Cataract,0.5296875,0.3640625,0.359375,0.2984375,0.1,accepted,
train,image_139_png.rf.566ff8b5bfe5c8b581c1340f4497bb61.jpg,image_139_png.rf.566ff8b5bfe5c8b581c1340f4497bb61_box00.jpg,640,469,258,252,1,Normal,0.4734375,0.55863539445629,0.3359375,0.44562899786780386,0.1,accepted,
train,image_139_png.rf.aca2c96485962a7779c19d9d59db0b4e.jpg,image_139_png.rf.aca2c96485962a7779c19d9d59db0b4e_box00.jpg,640,640,616,508,0,Cataract,0.50625,0.584375,0.8015625,0.6609375,0.1,accepted,
train,image_13_png.rf.d344be2653ea5d9d443340c874f7fdf1.jpg,image_13_png.rf.d344be2653ea5d9d443340c874f7fdf1_box00.jpg,640,426,366,302,0,Cataract,0.4703125,0.5446009389671361,0.4765625,0.5892018779342723,0.1,accepted,
train,image_140_png.rf.0a1925cc930ba7b200784f176e3c23a8.jpg,image_140_png.rf.0a1925cc930ba7b200784f176e3c23a8_box00.jpg,640,426,468,426,0,Cataract,0.5359375,0.5,0.6078125,0.8568075117370892,0.1,accepted,
train,image_141_png.rf.1a8e74c3f91acbb7f66c5318e2a8d667.jpg,image_141_png.rf.1a8e74c3f91acbb7f66c5318e2a8d667_box00.jpg,640,480,246,222,1,Normal,0.5671875,0.41041666666666665,0.31875,0.38333333333333336,0.1,accepted,
train,image_142_png.rf.4c629ec9c98d680dcb85b44e2c483e4f.jpg,image_142_png.rf.4c629ec9c98d680dcb85b44e2c483e4f_box00.jpg,640,380,150,132,1,Normal,0.4640625,0.5842105263157895,0.19375,0.2868421052631579,0.1,accepted,
train,image_142_png.rf.940ce402c2b2229d66bd7a1e06d81280.jpg,image_142_png.rf.940ce402c2b2229d66bd7a1e06d81280_box00.jpg,640,386,212,142,0,Cataract,0.4953125,0.538860103626943,0.275,0.30310880829015546,0.1,accepted,
train,image_143_png.rf.5e732ac25a5472f24b681510198a82ec.jpg,image_143_png.rf.5e732ac25a5472f24b681510198a82ec_box00.jpg,640,476,640,476,0,Cataract,0.5234375,0.5,0.9046875,1.0,0.1,accepted,
train,image_143_png.rf.a0a314a168251749e648d9e77c85c96c.jpg,image_143_png.rf.a0a314a168251749e648d9e77c85c96c_box00.jpg,640,425,264,156,1,Normal,0.684375,0.4823529411764706,0.3421875,0.3035294117647059,0.1,accepted,
train,image_144_png.rf.b0dec047404a50b4e07f0b801646830f.jpg,image_144_png.rf.b0dec047404a50b4e07f0b801646830f_box00.jpg,640,259,260,178,0,Cataract,0.46875,0.6138996138996139,0.3375,0.5714285714285714,0.1,accepted,
train,image_146_png.rf.e0b14b57d961d3905afd31514430a782.jpg,image_146_png.rf.e0b14b57d961d3905afd31514430a782_box00.jpg,640,360,404,315,0,Cataract,0.4953125,0.575,0.525,0.7472222222222222,0.1,accepted,
train,image_149_png.rf.e2482219c7c3c5c02b602178fad70b0a.jpg,image_149_png.rf.e2482219c7c3c5c02b602178fad70b0a_box00.jpg,640,483,198,158,0,Cataract,0.553125,0.4989648033126294,0.25625,0.2712215320910973,0.1,accepted,
train,image_14_png.rf.22cefba154ab5ffb5c8b364c5e99d92a.jpg,image_14_png.rf.22cefba154ab5ffb5c8b364c5e99d92a_box00.jpg,640,573,612,432,0,Cataract,0.496875,0.5602094240837696,0.7953125,0.6282722513089005,0.1,accepted,
train,image_152_png.rf.ac8f7a065bd33ccd9e204b0823afd2fa.jpg,image_152_png.rf.ac8f7a065bd33ccd9e204b0823afd2fa_box00.jpg,640,480,472,436,0,Cataract,0.5375,0.4791666666666667,0.6125,0.7541666666666667,0.1,accepted,
train,image_153_png.rf.f969a18e708a0b576611a40f3ab69da4.jpg,image_153_png.rf.f969a18e708a0b576611a40f3ab69da4_box00.jpg,640,427,534,427,0,Cataract,0.534375,0.5011709601873536,0.69375,0.9180327868852459,0.1,accepted,
train,image_155_png.rf.e1bd0f2d0a090da312b9719575cb0e2a.jpg,image_155_png.rf.e1bd0f2d0a090da312b9719575cb0e2a_box00.jpg,640,444,140,132,0,Cataract,0.496875,0.4391891891891892,0.18125,0.24549549549549549,0.1,accepted,
train,image_157_png.rf.5bb9c06757abc17dbe9d20fd7045e8bb.jpg,image_157_png.rf.5bb9c06757abc17dbe9d20fd7045e8bb_box00.jpg,640,640,508,402,0,Cataract,0.5171875,0.3671875,0.6609375,0.5234375,0.1,accepted,
train,image_158_png.rf.df7a69430f5483d6f737af22c345214d.jpg,image_158_png.rf.df7a69430f5483d6f737af22c345214d_box00.jpg,640,335,444,327,0,Cataract,0.490625,0.5432835820895522,0.5765625,0.8626865671641791,0.1,accepted,
train,image_159_png.rf.27dff4771cd4b7a8a21edb297f60411e.jpg,image_159_png.rf.27dff4771cd4b7a8a21edb297f60411e_box00.jpg,640,477,274,198,1,Normal,0.4828125,0.41509433962264153,0.3546875,0.34591194968553457,0.1,accepted,
train,image_159_png.rf.40a0ae597f7efba9bd6f48b490284e12.jpg,image_159_png.rf.40a0ae597f7efba9bd6f48b490284e12_box00.jpg,640,426,342,235,0,Cataract,0.5140625,0.5657276995305164,0.4453125,0.45774647887323944,0.1,accepted,
train,image_15_png.rf.99ff460ce7b37ff2d9f5dc58c3d1d259.jpg,image_15_png.rf.99ff460ce7b37ff2d9f5dc58c3d1d259_box00.jpg,640,331,214,218,0,Cataract,0.540625,0.540785498489426,0.278125,0.5468277945619335,0.1,accepted,
train,image_15_png.rf.c626e32faa98bc77890a56d2d009181b.jpg,image_15_png.rf.c626e32faa98bc77890a56d2d009181b_box00.jpg,640,345,186,170,1,Normal,0.4953125,0.4985507246376812,0.240625,0.40869565217391307,0.1,accepted,
train,image_161_png.rf.175e6b75a62cc93e0925257c569bb3e5.jpg,image_161_png.rf.175e6b75a62cc93e0925257c569bb3e5_box00.jpg,640,422,138,138,1,Normal,0.490625,0.6635071090047393,0.178125,0.27014218009478674,0.1,accepted,
train,image_162_png.rf.075533800dd7600bfc52ec96477b2a96.jpg,image_162_png.rf.075533800dd7600bfc52ec96477b2a96_box00.jpg,640,485,466,403,0,Cataract,0.5640625,0.5731958762886598,0.6046875,0.6907216494845361,0.1,accepted,
train,image_163_png.rf.98b70d97af215314689eccc9c422d25d.jpg,image_163_png.rf.98b70d97af215314689eccc9c422d25d_box00.jpg,640,424,216,192,1,Normal,0.5140625,0.3608490566037736,0.28125,0.375,0.1,accepted,
train,image_163_png.rf.ecf81a665ede5031c36872ce83f000cc.jpg,image_163_png.rf.ecf81a665ede5031c36872ce83f000cc_box00.jpg,640,401,376,354,0,Cataract,0.4875,0.4837905236907731,0.4890625,0.7331670822942643,0.1,accepted,
train,image_164_png.rf.0f3cceb12a591ebb31baa40b565b2895.jpg,image_164_png.rf.0f3cceb12a591ebb31baa40b565b2895_box00.jpg,640,309,160,132,1,Normal,0.53125,0.511326860841424,0.2078125,0.35275080906148865,0.1,accepted,
train,image_166_png.rf.3736a0f8222c380b7713340c4fc4108a.jpg,image_166_png.rf.3736a0f8222c380b7713340c4fc4108a_box00.jpg,640,281,244,200,1,Normal,0.484375,0.45195729537366547,0.3171875,0.5907473309608541,0.1,accepted,
train,image_166_png.rf.640e6a316606933b624332ec610995a7.jpg,image_166_png.rf.640e6a316606933b624332ec610995a7_box00.jpg,640,395,516,395,0,Cataract,0.4875,0.5101265822784811,0.671875,0.979746835443038,0.1,accepted,
train,image_167_png.rf.32f7048b4f9f1d676fd03dc5f80424b9.jpg,image_167_png.rf.32f7048b4f9f1d676fd03dc5f80424b9_box00.jpg,640,427,188,162,1,Normal,0.6078125,0.4847775175644028,0.24375,0.3161592505854801,0.1,accepted,
train,image_168_png.rf.f67c51ca10ee3745909738a1d3deea8d.jpg,image_168_png.rf.f67c51ca10ee3745909738a1d3deea8d_box00.jpg,640,359,186,172,1,Normal,0.496875,0.5181058495821727,0.240625,0.3983286908077994,0.1,accepted,
train,image_169_png.rf.6057a42f7c004248bf55bedfa7bdeeaf.jpg,image_169_png.rf.6057a42f7c004248bf55bedfa7bdeeaf_box00.jpg,640,446,184,168,1,Normal,0.534375,0.5515695067264574,0.2390625,0.3116591928251121,0.1,accepted,
train,image_169_png.rf.67320ca679f4abdc8242f1f2cee74a49.jpg,image_169_png.rf.67320ca679f4abdc8242f1f2cee74a49_box00.jpg,640,426,170,114,0,Cataract,0.559375,0.47417840375586856,0.2203125,0.22065727699530516,0.1,accepted,
train,image_16_png.rf.76b3fe3745b561e4995a066a2d62b51a.jpg,image_16_png.rf.76b3fe3745b561e4995a066a2d62b51a_box00.jpg,640,458,390,384,0,Cataract,0.5296875,0.5240174672489083,0.5078125,0.6986899563318777,0.1,accepted,
train,image_170_png.rf.ce94557c6a9c2f942cbb6b11fb389913.jpg,image_170_png.rf.ce94557c6a9c2f942cbb6b11fb389913_box00.jpg,640,640,238,200,1,Normal,0.4875,0.5515625,0.309375,0.259375,0.1,accepted,
train,image_171_png.rf.45420e6bc796b68cb443064866089352.jpg,image_171_png.rf.45420e6bc796b68cb443064866089352_box00.jpg,640,417,324,298,0,Cataract,0.475,0.5347721822541966,0.4203125,0.592326139088729,0.1,accepted,
train,image_171_png.rf.8fecb6f7c4a01e0940cc784b8df98bd9.jpg,image_171_png.rf.8fecb6f7c4a01e0940cc784b8df98bd9_box00.jpg,640,480,300,294,1,Normal,0.571875,0.425,0.3890625,0.5083333333333333,0.1,accepted,
train,image_174_png.rf.967a2c89f8f3bf31c2f78c9722e2694e.jpg,image_174_png.rf.967a2c89f8f3bf31c2f78c9722e2694e_box00.jpg,640,465,208,202,1,Normal,0.45,0.36989247311827955,0.26875,0.36129032258064514,0.1,accepted,
train,image_175_png.rf.98de96f9d112ae01a714bd783ba3fcd7.jpg,image_175_png.rf.98de96f9d112ae01a714bd783ba3fcd7_box00.jpg,640,425,406,357,0,Cataract,0.5359375,0.5929411764705882,0.5265625,0.72,0.1,accepted,
train,image_176_png.rf.b8bba99a96438a26657d48a19bc738db.jpg,image_176_png.rf.b8bba99a96438a26657d48a19bc738db_box00.jpg,640,640,550,516,0,Cataract,0.559375,0.5,0.715625,0.6703125,0.1,accepted,
train,image_177_png.rf.e09b76e8cb5fd45adf5de5a7894b2aa2.jpg,image_177_png.rf.e09b76e8cb5fd45adf5de5a7894b2aa2_box00.jpg,640,439,188,169,0,Cataract,0.5125,0.5945330296127562,0.24375,0.31890660592255127,0.1,accepted,
train,image_178_png.rf.86eb5d7fb72a3af3b1b97807ce01daa5.jpg,image_178_png.rf.86eb5d7fb72a3af3b1b97807ce01daa5_box00.jpg,640,384,384,328,0,Cataract,0.4328125,0.4375,0.4984375,0.7109375,0.1,accepted,
train,image_178_png.rf.d3537f14104c3404da62082e68035d14.jpg,image_178_png.rf.d3537f14104c3404da62082e68035d14_box00.jpg,640,379,112,102,1,Normal,0.6609375,0.5356200527704486,0.14375,0.22163588390501318,0.1,accepted,
train,image_179_png.rf.9c54969d0ce1b0c1a1a336e835998d54.jpg,image_179_png.rf.9c54969d0ce1b0c1a1a336e835998d54_box00.jpg,640,542,592,522,0,Cataract,0.503125,0.540590405904059,0.76875,0.8376383763837638,0.1,accepted,
train,image_179_png.rf.dabbbf9812ba182065bad60ef15687b8.jpg,image_179_png.rf.dabbbf9812ba182065bad60ef15687b8_box00.jpg,640,572,210,169,1,Normal,0.55,0.5594405594405595,0.271875,0.24475524475524477,0.1,accepted,
train,image_17_png.rf.0277e65c25577afd9cec17f35715fc25.jpg,image_17_png.rf.0277e65c25577afd9cec17f35715fc25_box00.jpg,640,395,456,379,0,Cataract,0.5171875,0.4531645569620253,0.5921875,0.8430379746835444,0.1,accepted,
train,image_180_png.rf.3a0b427b96f19aa0015edbcde9876181.jpg,image_180_png.rf.3a0b427b96f19aa0015edbcde9876181_box00.jpg,640,612,418,517,0,Cataract,0.5140625,0.5424836601307189,0.5421875,0.7026143790849673,0.1,accepted,
train,image_180_png.rf.85b51c175e53c71bf8fda6570d97f59d.jpg,image_180_png.rf.85b51c175e53c71bf8fda6570d97f59d_box00.jpg,640,360,130,112,1,Normal,0.571875,0.475,0.1671875,0.25833333333333336,0.1,accepted,
train,image_181_png.rf.47398216ceaa547abbdd808c65954e2a.jpg,image_181_png.rf.47398216ceaa547abbdd808c65954e2a_box00.jpg,640,411,256,168,1,Normal,0.4375,0.5182481751824818,0.33125,0.3381995133819951,0.1,accepted,
train,image_182_png.rf.3b68635e24e34712edf2bd4a4e7b7a44.jpg,image_182_png.rf.3b68635e24e34712edf2bd4a4e7b7a44_box00.jpg,640,480,288,292,1,Normal,0.459375,0.5125,0.375,0.5041666666666667,0.1,accepted,
train,image_184_png.rf.4d9a5e8305cc3234995fa67a7526cde2.jpg,image_184_png.rf.4d9a5e8305cc3234995fa67a7526cde2_box00.jpg,640,426,228,208,0,Cataract,0.6734375,0.42488262910798125,0.296875,0.40375586854460094,0.1,accepted,
train,image_184_png.rf.ba45c916464f6189b7bd1c82a752a3a3.jpg,image_184_png.rf.ba45c916464f6189b7bd1c82a752a3a3_box00.jpg,640,426,186,136,1,Normal,0.425,0.5211267605633803,0.2421875,0.2652582159624413,0.1,accepted,
train,image_185_png.rf.6eb89e3ab89aa024b173393ee04559a1.jpg,image_185_png.rf.6eb89e3ab89aa024b173393ee04559a1_box00.jpg,640,640,202,232,1,Normal,0.5,0.4515625,0.2625,0.3015625,0.1,accepted,
train,image_185_png.rf.f4012aa568c79a2573d65b38b65c263e.jpg,image_185_png.rf.f4012aa568c79a2573d65b38b65c263e_box00.jpg,640,416,420,377,0,Cataract,0.4640625,0.44711538461538464,0.546875,0.7644230769230769,0.1,accepted,
train,image_186_png.rf.83563b6f7d8be8e668a0740589e79e35.jpg,image_186_png.rf.83563b6f7d8be8e668a0740589e79e35_box00.jpg,640,448,493,448,0,Cataract,0.5046875,0.5290178571428571,0.640625,0.9419642857142857,0.1,accepted,
train,image_187_png.rf.0faedb0dbe2c0dae71dbbeaaa21c71fa.jpg,image_187_png.rf.0faedb0dbe2c0dae71dbbeaaa21c71fa_box00.jpg,640,426,166,146,1,Normal,0.5078125,0.4953051643192488,0.215625,0.284037558685446,0.1,accepted,
train,image_187_png.rf.e4f9190bd3f9e36a971b669fa43f7551.jpg,image_187_png.rf.e4f9190bd3f9e36a971b669fa43f7551_box00.jpg,640,400,300,259,0,Cataract,0.503125,0.5275,0.3890625,0.5375,0.1,accepted,
train,image_189_png.rf.7b1b3b7c9af694568df87f18699ffdce.jpg,image_189_png.rf.7b1b3b7c9af694568df87f18699ffdce_box00.jpg,495,640,148,156,1,Normal,0.5434343434343434,0.4546875,0.24646464646464647,0.203125,0.1,accepted,
train,image_18_png.rf.9f605aa6cb88b67d7cdcd3a2372eccca.jpg,image_18_png.rf.9f605aa6cb88b67d7cdcd3a2372eccca_box00.jpg,640,416,414,389,0,Cataract,0.4625,0.4519230769230769,0.5375,0.8028846153846154,0.1,accepted,
train,image_18_png.rf.ea11083c1dffae6851fe9726280cefb2.jpg,image_18_png.rf.ea11083c1dffae6851fe9726280cefb2_box00.jpg,640,317,170,142,1,Normal,0.5015625,0.4889589905362776,0.2203125,0.36908517350157727,0.1,accepted,
train,image_190_png.rf.3d5572b91c3b2524f259eb36043c16cb.jpg,image_190_png.rf.3d5572b91c3b2524f259eb36043c16cb_box00.jpg,640,594,226,168,1,Normal,0.340625,0.5875420875420876,0.2921875,0.234006734006734,0.1,accepted,
train,image_192_png.rf.697c7867f080d0bba031ca7e1bcbfad2.jpg,image_192_png.rf.697c7867f080d0bba031ca7e1bcbfad2_box00.jpg,640,424,306,270,0,Cataract,0.4625,0.4858490566037736,0.3984375,0.5306603773584906,0.1,accepted,
train,image_192_png.rf.f894e688bb24f3b7401b82959667b369.jpg,image_192_png.rf.f894e688bb24f3b7401b82959667b369_box00.jpg,640,426,204,184,1,Normal,0.50625,0.4953051643192488,0.265625,0.3568075117370892,0.1,accepted,
train,image_193_png.rf.6bc8192ca2649bc251db8841efee1668.jpg,image_193_png.rf.6bc8192ca2649bc251db8841efee1668_box00.jpg,640,426,144,118,0,Cataract,0.5375,0.5258215962441315,0.1875,0.2300469483568075,0.1,accepted,
train,image_194_png.rf.7021de4c740e9ffa324680e9ad177e08.jpg,image_194_png.rf.7021de4c740e9ffa324680e9ad177e08_box00.jpg,640,426,284,254,0,Cataract,0.434375,0.5704225352112676,0.36875,0.4953051643192488,0.1,accepted,
train,image_194_png.rf.e0ad961afb8f444ce32033ca9e9e5f8b.jpg,image_194_png.rf.e0ad961afb8f444ce32033ca9e9e5f8b_box00.jpg,640,375,330,306,1,Normal,0.540625,0.4666666666666667,0.428125,0.6773333333333333,0.1,accepted,
train,image_195_png.rf.275625c0fe312f12b82b1917c48eb616.jpg,image_195_png.rf.275625c0fe312f12b82b1917c48eb616_box00.jpg,640,558,174,132,1,Normal,0.4328125,0.5752688172043011,0.225,0.1971326164874552,0.1,accepted,
train,image_196_png.rf.ad8954dc1cb13661fbb243a081402a78.jpg,image_196_png.rf.ad8954dc1cb13661fbb243a081402a78_box00.jpg,640,435,352,322,1,Normal,0.26875,0.4114942528735632,0.46875,0.6160919540229886,0.1,accepted,
train,image_197_png.rf.1498a7af848356e000695a744677272a.jpg,image_197_png.rf.1498a7af848356e000695a744677272a_box00.jpg,640,362,210,144,1,Normal,0.40625,0.47513812154696133,0.271875,0.3287292817679558,0.1,accepted,
train,image_198_png.rf.3e23dd8bbbc8688f9e718eccb3cf1cf6.jpg,image_198_png.rf.3e23dd8bbbc8688f9e718eccb3cf1cf6_box00.jpg,640,262,318,244,0,Cataract,0.4703125,0.48091603053435117,0.4125,0.7748091603053435,0.1,accepted,
train,image_198_png.rf.8695a213f2806a7a56a3780751257388.jpg,image_198_png.rf.8695a213f2806a7a56a3780751257388_box00.jpg,418,640,156,156,1,Normal,0.46411483253588515,0.490625,0.30861244019138756,0.203125,0.1,accepted,
train,image_199_png.rf.c702a11fd439335b3c71aed36d24d5b1.jpg,image_199_png.rf.c702a11fd439335b3c71aed36d24d5b1_box00.jpg,640,420,242,223,1,Normal,0.5203125,0.4595238095238095,0.3140625,0.44047619047619047,0.1,accepted,
train,image_19_png.rf.6461757399ef0a1cc4c3558c1ed26de0.jpg,image_19_png.rf.6461757399ef0a1cc4c3558c1ed26de0_box00.jpg,640,323,214,154,1,Normal,0.490625,0.4613003095975232,0.2765625,0.3931888544891641,0.1,accepted,
train,image_1_png.rf.9fdf2813a028a5ff116ade32313cc395.jpg,image_1_png.rf.9fdf2813a028a5ff116ade32313cc395_box00.jpg,639,477,314,294,0,Cataract,0.5336463223787168,0.5115303983228512,0.4084507042253521,0.5136268343815513,0.1,accepted,
train,image_1_png.rf.ef3b28b39e14237ea71cd9a0cfaa0de7.jpg,image_1_png.rf.ef3b28b39e14237ea71cd9a0cfaa0de7_box00.jpg,418,640,186,210,1,Normal,0.5,0.471875,0.3684210526315789,0.271875,0.1,accepted,
train,image_201_png.rf.2142d2d869648ef8b3e252bda49f2bbe.jpg,image_201_png.rf.2142d2d869648ef8b3e252bda49f2bbe_box00.jpg,640,384,306,266,1,Normal,0.5078125,0.5026041666666666,0.396875,0.5755208333333334,0.1,accepted,
train,image_202_png.rf.bda8449497a7cb7e9d9e711b09af66d2.jpg,image_202_png.rf.bda8449497a7cb7e9d9e711b09af66d2_box00.jpg,640,380,212,188,1,Normal,0.5515625,0.5105263157894737,0.275,0.4105263157894737,0.1,accepted,
train,image_203_png.rf.c5bddb9c4e9046b9ed6c2e50693b92a1.jpg,image_203_png.rf.c5bddb9c4e9046b9ed6c2e50693b92a1_box00.jpg,640,453,244,198,1,Normal,0.515625,0.4966887417218543,0.3171875,0.3620309050772627,0.1,accepted,
train,image_204_png.rf.af9695937fafeaec6f8ce9783afb5843.jpg,image_204_png.rf.af9695937fafeaec6f8ce9783afb5843_box00.jpg,602,640,156,140,1,Normal,0.5083056478405316,0.578125,0.21428571428571427,0.18125,0.1,accepted,
train,image_207_png.rf.d0316cebefc480d451dba75c61be3005.jpg,image_207_png.rf.d0316cebefc480d451dba75c61be3005_box00.jpg,640,519,196,175,1,Normal,0.434375,0.5684007707129094,0.253125,0.279383429672447,0.1,accepted,
train,image_208_png.rf.5b9b60f54ee971f84979915579be57be.jpg,image_208_png.rf.5b9b60f54ee971f84979915579be57be_box00.jpg,640,478,186,166,1,Normal,0.521875,0.5815899581589958,0.2421875,0.28870292887029286,0.1,accepted,
train,image_210_png.rf.ecf5d3fcb8d57fb8c75484e627ccd246.jpg,image_210_png.rf.ecf5d3fcb8d57fb8c75484e627ccd246_box00.jpg,640,426,266,226,0,Cataract,0.5265625,0.38028169014084506,0.3453125,0.43896713615023475,0.1,accepted,
train,image_212_png.rf.cfb81258f8f10baaa89e0c8ee8f37318.jpg,image_212_png.rf.cfb81258f8f10baaa89e0c8ee8f37318_box00.jpg,640,383,200,162,1,Normal,0.428125,0.5378590078328982,0.259375,0.34986945169712796,0.1,accepted,
train,image_213_png.rf.591f3769954cf97e63138fc4b240f457.jpg,image_213_png.rf.591f3769954cf97e63138fc4b240f457_box00.jpg,640,338,164,114,0,Cataract,0.490625,0.5532544378698225,0.2125,0.2781065088757396,0.1,accepted,
train,image_213_png.rf.8cf1449b1fe742a2de1301c95c12d4f7.jpg,image_213_png.rf.8cf1449b1fe742a2de1301c95c12d4f7_box00.jpg,640,416,232,222,1,Normal,0.58125,0.5456730769230769,0.3015625,0.4423076923076923,0.1,accepted,
train,image_214_png.rf.f701ad0e162dd87d697bf72bf5e95bf8.jpg,image_214_png.rf.f701ad0e162dd87d697bf72bf5e95bf8_box00.jpg,640,505,162,154,1,Normal,0.5671875,0.5405940594059406,0.2109375,0.2514851485148515,0.1,accepted,
train,image_215_png.rf.bc0203bffbb4ac95410892605af89b17.jpg,image_215_png.rf.bc0203bffbb4ac95410892605af89b17_box00.jpg,640,640,216,164,1,Normal,0.434375,0.5859375,0.28125,0.2125,0.1,accepted,
train,image_215_png.rf.d22f4ce57753137f9eef11ec12d9557d.jpg,image_215_png.rf.d22f4ce57753137f9eef11ec12d9557d_box00.jpg,640,426,168,120,0,Cataract,0.5515625,0.4647887323943662,0.21875,0.2347417840375587,0.1,accepted,
train,image_216_png.rf.965a6064c338938a8fede0e7e251f22d.jpg,image_216_png.rf.965a6064c338938a8fede0e7e251f22d_box00.jpg,640,561,202,172,1,Normal,0.4421875,0.4385026737967914,0.2609375,0.2531194295900178,0.1,accepted,
train,image_217_png.rf.55d0c75f429c85225026358204aa6ace.jpg,image_217_png.rf.55d0c75f429c85225026358204aa6ace_box00.jpg,640,426,128,104,0,Cataract,0.371875,0.5117370892018779,0.165625,0.20187793427230047,0.1,accepted,
train,image_217_png.rf.e1d8280a1cc4d325b59c78a05872a27e.jpg,image_217_png.rf.e1d8280a1cc4d325b59c78a05872a27e_box00.jpg,640,456,178,163,1,Normal,0.4359375,0.5021929824561403,0.23125,0.29605263157894735,0.1,accepted,
train,image_218_png.rf.9f78249300f4143f509a0a531b6a7a42.jpg,image_218_png.rf.9f78249300f4143f509a0a531b6a7a42_box00.jpg,640,437,166,126,0,Cataract,0.3953125,0.5995423340961098,0.215625,0.2379862700228833,0.1,accepted,
train,image_218_png.rf.d7d43f37d7c4a977998d66a312d64c53.jpg,image_218_png.rf.d7d43f37d7c4a977998d66a312d64c53_box00.jpg,640,397,210,166,1,Normal,0.5453125,0.5188916876574308,0.271875,0.34760705289672544,0.1,accepted,
train,image_219_png.rf.c8a9bf4f3e73418864ba37b246d647a8.jpg,image_219_png.rf.c8a9bf4f3e73418864ba37b246d647a8_box00.jpg,640,344,202,160,1,Normal,0.4625,0.48255813953488375,0.2625,0.38372093023255816,0.1,accepted,
train,image_21_png.rf.1691807c08bee865202113037386fe42.jpg,image_21_png.rf.1691807c08bee865202113037386fe42_box00.jpg,640,410,176,103,1,Normal,0.43125,0.4609756097560976,0.228125,0.2073170731707317,0.1,accepted,
train,image_221_png.rf.3c86cc4b223dc88308bb2d44261b6eaa.jpg,image_221_png.rf.3c86cc4b223dc88308bb2d44261b6eaa_box00.jpg,640,524,216,156,1,Normal,0.490625,0.5896946564885496,0.2796875,0.24618320610687022,0.1,accepted,
train,image_223_png.rf.9bf2106a2ba3a127341546c2cab3626f.jpg,image_223_png.rf.9bf2106a2ba3a127341546c2cab3626f_box00.jpg,640,367,216,186,1,Normal,0.4984375,0.5613079019073569,0.28125,0.4196185286103542,0.1,accepted,
train,image_225_png.rf.fab078ef9fbce3aaf2cd20eab5c6ecc2.jpg,image_225_png.rf.fab078ef9fbce3aaf2cd20eab5c6ecc2_box00.jpg,640,360,136,126,1,Normal,0.5265625,0.45,0.175,0.28888888888888886,0.1,accepted,
train,image_226_png.rf.0fd99542b943289137d645b15d909a00.jpg,image_226_png.rf.0fd99542b943289137d645b15d909a00_box00.jpg,640,198,108,76,0,Cataract,0.5171875,0.5303030303030303,0.1390625,0.31313131313131315,0.1,accepted,
train,image_226_png.rf.0fd99542b943289137d645b15d909a00.jpg,image_226_png.rf.0fd99542b943289137d645b15d909a00_box01.jpg,640,198,102,88,0,Cataract,0.5125,0.5505050505050505,0.1328125,0.3686868686868687,0.1,accepted,
train,image_227_png.rf.16c4e4bd9cab44804396a7f658b2ccb8.jpg,image_227_png.rf.16c4e4bd9cab44804396a7f658b2ccb8_box00.jpg,639,356,166,132,1,Normal,0.433489827856025,0.5280898876404494,0.21439749608763695,0.3089887640449438,0.1,accepted,
train,image_227_png.rf.177321642b6fd2a8292333bbb91ebc98.jpg,image_227_png.rf.177321642b6fd2a8292333bbb91ebc98_box00.jpg,640,426,130,102,0,Cataract,0.4515625,0.4624413145539906,0.1671875,0.19953051643192488,0.1,accepted,
train,image_228_png.rf.328d62f9c89771b9481087a3188d52bf.jpg,image_228_png.rf.328d62f9c89771b9481087a3188d52bf_box00.jpg,640,522,248,151,1,Normal,0.365625,0.5478927203065134,0.321875,0.23946360153256704,0.1,accepted,
train,image_229_png.rf.6da4a02eb18044ddb309585854b5ce9f.jpg,image_229_png.rf.6da4a02eb18044ddb309585854b5ce9f_box00.jpg,640,426,132,102,0,Cataract,0.36875,0.5070422535211268,0.171875,0.19953051643192488,0.1,accepted,
train,image_22_png.rf.4e56537b699b74edef7804f2885da692.jpg,image_22_png.rf.4e56537b699b74edef7804f2885da692_box00.jpg,640,358,196,144,1,Normal,0.565625,0.5223463687150838,0.2546875,0.3324022346368715,0.1,accepted,
train,image_230_png.rf.4b946f4df839b072880174341263a4f7.jpg,image_230_png.rf.4b946f4df839b072880174341263a4f7_box00.jpg,640,441,448,340,0,Cataract,0.45,0.42630385487528344,0.5828125,0.6417233560090703,0.1,accepted,
train,image_230_png.rf.723b2e3936c9c8295d9159c226ee1aa4.jpg,image_230_png.rf.723b2e3936c9c8295d9159c226ee1aa4_box00.jpg,569,640,202,174,1,Normal,0.5413005272407733,0.4921875,0.29349736379613356,0.2265625,0.1,accepted,
train,image_231_png.rf.fa50503caeeb51ea4e9f40565cff098f.jpg,image_231_png.rf.fa50503caeeb51ea4e9f40565cff098f_box00.jpg,640,483,520,480,0,Cataract,0.4546875,0.5486542443064182,0.6765625,0.9026915113871635,0.1,accepted,
train,image_232_png.rf.e4571dfb933a8b85c86c162c67d6d593.jpg,image_232_png.rf.e4571dfb933a8b85c86c162c67d6d593_box00.jpg,640,383,208,174,1,Normal,0.425,0.5456919060052219,0.26875,0.37597911227154046,0.1,accepted,
train,image_234_png.rf.e0a0265fdab5393702cb8205b9802ac3.jpg,image_234_png.rf.e0a0265fdab5393702cb8205b9802ac3_box00.jpg,640,426,538,376,0,Cataract,0.5,0.4014084507042254,0.6984375,0.8004694835680751,0.1,accepted,
train,image_235_png.rf.a8b86d684f72f3f35f2f53457cdb74f6.jpg,image_235_png.rf.a8b86d684f72f3f35f2f53457cdb74f6_box00.jpg,640,336,224,196,1,Normal,0.5046875,0.5416666666666666,0.290625,0.4851190476190476,0.1,accepted,
train,image_236_png.rf.5fc623944f6d2474b7ef558bf2ce02b5.jpg,image_236_png.rf.5fc623944f6d2474b7ef558bf2ce02b5_box00.jpg,640,501,208,180,1,Normal,0.5828125,0.38922155688622756,0.26875,0.2994011976047904,0.1,accepted,
train,image_237_png.rf.8daea4635eb9bdea41d12f2b7fc67174.jpg,image_237_png.rf.8daea4635eb9bdea41d12f2b7fc67174_box00.jpg,640,456,232,204,1,Normal,0.58125,0.5657894736842105,0.3,0.37280701754385964,0.1,accepted,
train,image_237_png.rf.ad0e9577ed5c93afa9a6e8f670369e37.jpg,image_237_png.rf.ad0e9577ed5c93afa9a6e8f670369e37_box00.jpg,640,483,520,462,0,Cataract,0.4625,0.5445134575569358,0.675,0.8322981366459627,0.1,accepted,
train,image_238_png.rf.5f024211a83a8354dd28a9217263a01f.jpg,image_238_png.rf.5f024211a83a8354dd28a9217263a01f_box00.jpg,640,507,186,134,1,Normal,0.446875,0.6055226824457594,0.2421875,0.21893491124260356,0.1,accepted,
train,image_239_png.rf.d4a5a402eb3bc3abec5b96204c348e04.jpg,image_239_png.rf.d4a5a402eb3bc3abec5b96204c348e04_box00.jpg,640,360,364,330,0,Cataract,0.465625,0.4527777777777778,0.471875,0.7694444444444445,0.1,accepted,
train,image_239_png.rf.ec8b77bf2faaa90e0f13c66dd43affff.jpg,image_239_png.rf.ec8b77bf2faaa90e0f13c66dd43affff_box00.jpg,640,424,206,172,1,Normal,0.3953125,0.6320754716981132,0.2671875,0.33726415094339623,0.1,accepted,
train,image_23_png.rf.02f4a781f4f3fd4823e4d71aafeb5e2c.jpg,image_23_png.rf.02f4a781f4f3fd4823e4d71aafeb5e2c_box00.jpg,640,429,278,236,0,Cataract,0.5703125,0.48951048951048953,0.3609375,0.4568764568764569,0.1,accepted,
train,image_23_png.rf.6e77876cf95999d75e73fde2cb946ee6.jpg,image_23_png.rf.6e77876cf95999d75e73fde2cb946ee6_box00.jpg,640,393,204,120,1,Normal,0.55625,0.4580152671755725,0.265625,0.25190839694656486,0.1,accepted,
train,image_243_png.rf.aaaa16be0fb0bb36c1efa6a419ea4c24.jpg,image_243_png.rf.aaaa16be0fb0bb36c1efa6a419ea4c24_box00.jpg,640,440,174,142,1,Normal,0.4984375,0.4590909090909091,0.225,0.2681818181818182,0.1,accepted,
train,image_244_png.rf.f743ed58c2d046636cae5b07eab04a9d.jpg,image_244_png.rf.f743ed58c2d046636cae5b07eab04a9d_box00.jpg,640,480,280,258,1,Normal,0.471875,0.47708333333333336,0.3640625,0.44583333333333336,0.1,accepted,
train,image_245_png.rf.bec206034241b79fa6ba61ed5e0dd57e.jpg,image_245_png.rf.bec206034241b79fa6ba61ed5e0dd57e_box00.jpg,640,468,174,144,1,Normal,0.475,0.47649572649572647,0.225,0.2564102564102564,0.1,accepted,
train,image_246_png.rf.1746492f89f38e53e5f50a13d5efaa34.jpg,image_246_png.rf.1746492f89f38e53e5f50a13d5efaa34_box00.jpg,640,379,202,174,1,Normal,0.5125,0.5303430079155673,0.2609375,0.37994722955145116,0.1,accepted,
train,image_248_png.rf.96ec5eefd6d9c9ab3419427a567635bf.jpg,image_248_png.rf.96ec5eefd6d9c9ab3419427a567635bf_box00.jpg,640,598,172,134,1,Normal,0.5046875,0.7976588628762542,0.2234375,0.18561872909698995,0.1,accepted,
train,image_249_png.rf.8443de1983e81cf0eef5fd11c0c732a9.jpg,image_249_png.rf.8443de1983e81cf0eef5fd11c0c732a9_box00.jpg,640,427,208,166,1,Normal,0.5140625,0.4964871194379391,0.2703125,0.3231850117096019,0.1,accepted,
train,image_24_png.rf.469c4641f0435be841ddfd3ac17dd543.jpg,image_24_png.rf.469c4641f0435be841ddfd3ac17dd543_box00.jpg,640,440,208,168,0,Cataract,0.403125,0.475,0.26875,0.3181818181818182,0.1,accepted,
train,image_251_png.rf.185251e3f5bba7e9805f05b4fd118f77.jpg,image_251_png.rf.185251e3f5bba7e9805f05b4fd118f77_box00.jpg,640,426,226,196,1,Normal,0.540625,0.4788732394366197,0.29375,0.38028169014084506,0.1,accepted,
train,image_252_png.rf.818098af2617406f7fc08e74baae7eb3.jpg,image_252_png.rf.818098af2617406f7fc08e74baae7eb3_box00.jpg,640,455,252,240,1,Normal,0.5515625,0.512087912087912,0.3265625,0.43736263736263736,0.1,accepted,
train,image_253_png.rf.3b450dc989108c4cd7e23c2ff8f74b71.jpg,image_253_png.rf.3b450dc989108c4cd7e23c2ff8f74b71_box00.jpg,640,640,232,202,0,Cataract,0.5234375,0.48125,0.3015625,0.2625,0.1,accepted,
train,image_253_png.rf.c917042cf0b1c936e6dfd3689155e895.jpg,image_253_png.rf.c917042cf0b1c936e6dfd3689155e895_box00.jpg,640,410,252,208,1,Normal,0.5453125,0.4975609756097561,0.3265625,0.4219512195121951,0.1,accepted,
train,image_254_png.rf.beedf7febd7f1afee241db0b7d942536.jpg,image_254_png.rf.beedf7febd7f1afee241db0b7d942536_box00.jpg,640,480,456,412,0,Cataract,0.6765625,0.39166666666666666,0.646875,0.7770833333333333,0.1,accepted,
train,image_254_png.rf.dd7a57fcb36686aa3f1edd267d8db906.jpg,image_254_png.rf.dd7a57fcb36686aa3f1edd267d8db906_box00.jpg,640,480,252,238,1,Normal,0.49375,0.5229166666666667,0.3265625,0.4125,0.1,accepted,
train,image_256_png.rf.575840ef36b15b98378034ec0ff4f788.jpg,image_256_png.rf.575840ef36b15b98378034ec0ff4f788_box00.jpg,640,483,186,180,1,Normal,0.5,0.6149068322981367,0.240625,0.3105590062111801,0.1,accepted,
train,image_257_png.rf.d781f308fcffbf66477497e65fb60772.jpg,image_257_png.rf.d781f308fcffbf66477497e65fb60772_box00.jpg,640,560,244,176,1,Normal,0.45625,0.5160714285714286,0.3171875,0.26071428571428573,0.1,accepted,
train,image_25_png.rf.06dfe3f0a9a832c30b96a0a416c17cd7.jpg,image_25_png.rf.06dfe3f0a9a832c30b96a0a416c17cd7_box00.jpg,640,496,280,226,1,Normal,0.571875,0.46975806451612906,0.3625,0.37701612903225806,0.1,accepted,
train,image_25_png.rf.8d6a05f96475c3ae67789660a14b36ef.jpg,image_25_png.rf.8d6a05f96475c3ae67789660a14b36ef_box00.jpg,640,429,280,250,0,Cataract,0.484375,0.5664335664335665,0.3640625,0.48484848484848486,0.1,accepted,
train,image_263_png.rf.68f18307aca2c98a4ed5afd72f980570.jpg,image_263_png.rf.68f18307aca2c98a4ed5afd72f980570_box00.jpg,640,424,256,240,1,Normal,0.5,0.625,0.33125,0.4716981132075472,0.1,accepted,
train,image_264_png.rf.e18cbfed382b0b805a89bf30b70222c5.jpg,image_264_png.rf.e18cbfed382b0b805a89bf30b70222c5_box00.jpg,640,426,252,232,1,Normal,0.453125,0.5446009389671361,0.328125,0.45305164319248825,0.1,accepted,
train,image_265_png.rf.dcbdce7b533ae4c5ff1efb9b11befaf2.jpg,image_265_png.rf.dcbdce7b533ae4c5ff1efb9b11befaf2_box00.jpg,640,448,186,168,1,Normal,0.471875,0.42857142857142855,0.240625,0.31026785714285715,0.1,accepted,
train,image_266_png.rf.6e9077bfce159699c04e565a027ded17.jpg,image_266_png.rf.6e9077bfce159699c04e565a027ded17_box00.jpg,640,425,228,208,1,Normal,0.4703125,0.40705882352941175,0.2953125,0.4047058823529412,0.1,accepted,
train,image_267_png.rf.00295cc73eec3c3401f78bf020e6721f.jpg,image_267_png.rf.00295cc73eec3c3401f78bf020e6721f_box00.jpg,640,576,162,156,1,Normal,0.4234375,0.6684027777777778,0.209375,0.22569444444444445,0.1,accepted,
train,image_267_png.rf.ede63de753eb29a66fd8addbf94e7cee.jpg,image_267_png.rf.ede63de753eb29a66fd8addbf94e7cee_box00.jpg,640,426,322,304,0,Cataract,0.5515625,0.5633802816901409,0.41875,0.5938967136150235,0.1,accepted,
train,image_268_png.rf.9a94bc942b51beb312971be675ffeff8.jpg,image_268_png.rf.9a94bc942b51beb312971be675ffeff8_box00.jpg,640,602,172,204,1,Normal,0.425,0.5897009966777409,0.2234375,0.2823920265780731,0.1,accepted,
train,image_269_png.rf.aeb18383bd4bccad428e372d3dcde0e3.jpg,image_269_png.rf.aeb18383bd4bccad428e372d3dcde0e3_box00.jpg,640,455,276,244,1,Normal,0.5453125,0.5186813186813187,0.359375,0.4461538461538462,0.1,accepted,
train,image_270_png.rf.48b04c964b9e29ad8fdfbd474dddb98c.jpg,image_270_png.rf.48b04c964b9e29ad8fdfbd474dddb98c_box00.jpg,640,634,168,122,1,Normal,0.5125,0.501577287066246,0.2171875,0.15930599369085174,0.1,accepted,
train,image_271_png.rf.72a01e1171ffad6bb73b95fac90c9cf2.jpg,image_271_png.rf.72a01e1171ffad6bb73b95fac90c9cf2_box00.jpg,611,640,218,172,1,Normal,0.46153846153846156,0.596875,0.29623567921440264,0.221875,0.1,accepted,
train,image_272_png.rf.855d13e868bf29f872b4132a6040f89e.jpg,image_272_png.rf.855d13e868bf29f872b4132a6040f89e_box00.jpg,640,525,180,163,1,Normal,0.5203125,0.5885714285714285,0.234375,0.2571428571428571,0.1,accepted,
train,image_273_png.rf.7d742e49af99e9d229590e11e530e5fb.jpg,image_273_png.rf.7d742e49af99e9d229590e11e530e5fb_box00.jpg,640,415,250,254,1,Normal,0.4984375,0.4506024096385542,0.3234375,0.5084337349397591,0.1,accepted,
train,image_274_png.rf.801f219788bf36c9b02030bae0345297.jpg,image_274_png.rf.801f219788bf36c9b02030bae0345297_box00.jpg,640,360,162,128,1,Normal,0.4578125,0.5805555555555556,0.209375,0.29444444444444445,0.1,accepted,
train,image_275_png.rf.31fec73b8333e67354abcf2186427570.jpg,image_275_png.rf.31fec73b8333e67354abcf2186427570_box00.jpg,640,477,166,160,1,Normal,0.521875,0.5450733752620545,0.2140625,0.27672955974842767,0.1,accepted,
train,image_275_png.rf.7d1241224ff7c2f58b597c8d85c35f7c.jpg,image_275_png.rf.7d1241224ff7c2f58b597c8d85c35f7c_box00.jpg,640,320,382,289,0,Cataract,0.6046875,0.41875,0.496875,0.80625,0.1,accepted,
train,image_276_png.rf.06fcc4f6084efdb37c0d94c5b2707983.jpg,image_276_png.rf.06fcc4f6084efdb37c0d94c5b2707983_box00.jpg,640,350,198,184,1,Normal,0.44375,0.4742857142857143,0.2578125,0.4342857142857143,0.1,accepted,
train,image_276_png.rf.b645461ad2f736115ba8105e0776b060.jpg,image_276_png.rf.b645461ad2f736115ba8105e0776b060_box00.jpg,640,479,640,472,0,Cataract,0.5,0.5407098121085595,0.8390625,0.8768267223382046,0.1,accepted,
train,image_277_png.rf.6f61638ff58938dc9dff85b09fa10ffb.jpg,image_277_png.rf.6f61638ff58938dc9dff85b09fa10ffb_box00.jpg,640,537,192,166,1,Normal,0.415625,0.5623836126629422,0.25,0.2569832402234637,0.1,accepted,
train,image_278_png.rf.f0823a531874f01602004566fc08fb6b.jpg,image_278_png.rf.f0823a531874f01602004566fc08fb6b_box00.jpg,640,503,190,175,1,Normal,0.5109375,0.5447316103379721,0.2453125,0.2882703777335984,0.1,accepted,
train,image_279_png.rf.a413278544dd65d323393e8505a06aa5.jpg,image_279_png.rf.a413278544dd65d323393e8505a06aa5_box00.jpg,640,465,154,146,1,Normal,0.4375,0.5720430107526882,0.1984375,0.26021505376344084,0.1,accepted,
train,image_27_png.rf.c30d37fe9319613de81cefa00b474209.jpg,image_27_png.rf.c30d37fe9319613de81cefa00b474209_box00.jpg,640,350,184,148,1,Normal,0.51875,0.5228571428571429,0.2375,0.3485714285714286,0.1,accepted,
train,image_280_png.rf.75c70ddd5a9f1727c99bbdafa656c16a.jpg,image_280_png.rf.75c70ddd5a9f1727c99bbdafa656c16a_box00.jpg,640,595,636,516,0,Cataract,0.5,0.5378151260504201,0.8265625,0.7210084033613445,0.1,accepted,
train,image_280_png.rf.e8315fbe27edc022680da77177fcff34.jpg,image_280_png.rf.e8315fbe27edc022680da77177fcff34_box00.jpg,580,640,208,210,1,Normal,0.4189655172413793,0.534375,0.296551724137931,0.2734375,0.1,accepted,
train,image_281_png.rf.59398e208763feaaf7047d410d7b8c5c.jpg,image_281_png.rf.59398e208763feaaf7047d410d7b8c5c_box00.jpg,640,374,190,163,1,Normal,0.4359375,0.5401069518716578,0.246875,0.3609625668449198,0.1,accepted,
train,image_282_png.rf.a12696fd440e05aa2c89516d50050381.jpg,image_282_png.rf.a12696fd440e05aa2c89516d50050381_box00.jpg,640,434,442,364,0,Cataract,0.5015625,0.5253456221198156,0.5734375,0.695852534562212,0.1,accepted,
train,image_282_png.rf.dd56b17f222731e6e68ee588970cdd00.jpg,image_282_png.rf.dd56b17f222731e6e68ee588970cdd00_box00.jpg,640,602,236,204,1,Normal,0.459375,0.5548172757475083,0.30625,0.2823920265780731,0.1,accepted,
train,image_283_png.rf.237cd3ca7726144e8f9a0deb58f68da4.jpg,image_283_png.rf.237cd3ca7726144e8f9a0deb58f68da4_box00.jpg,640,332,180,158,1,Normal,0.534375,0.45481927710843373,0.2328125,0.39457831325301207,0.1,accepted,
train,image_286_png.rf.c52bedcea7bfa756774265734f7d2e3d.jpg,image_286_png.rf.c52bedcea7bfa756774265734f7d2e3d_box00.jpg,640,613,184,136,1,Normal,0.509375,0.5546492659053833,0.2375,0.18433931484502447,0.1,accepted,
train,image_287_png.rf.c221a4b8530c6d3f94e3c2da933a488a.jpg,image_287_png.rf.c221a4b8530c6d3f94e3c2da933a488a_box00.jpg,640,302,170,104,1,Normal,0.4578125,0.45695364238410596,0.2203125,0.2847682119205298,0.1,accepted,
train,image_288_png.rf.a556acaa4cdfe859b01504ca763b6976.jpg,image_288_png.rf.a556acaa4cdfe859b01504ca763b6976_box00.jpg,640,288,156,144,1,Normal,0.4171875,0.5138888888888888,0.203125,0.4131944444444444,0.1,accepted,
train,image_289_png.rf.07687c1f96c986dc7b590328e3099e1a.jpg,image_289_png.rf.07687c1f96c986dc7b590328e3099e1a_box00.jpg,640,371,190,180,1,Normal,0.453125,0.4393530997304582,0.2453125,0.40431266846361186,0.1,accepted,
train,image_28_png.rf.d994786c25ab1ea3952d630ebebbc6dd.jpg,image_28_png.rf.d994786c25ab1ea3952d630ebebbc6dd_box00.jpg,640,502,246,240,1,Normal,0.4453125,0.5039840637450199,0.31875,0.398406374501992,0.1,accepted,
train,image_291_png.rf.5de01281d84622e65e79a991a75d10ad.jpg,image_291_png.rf.5de01281d84622e65e79a991a75d10ad_box00.jpg,562,640,258,248,1,Normal,0.6209964412811388,0.6140625,0.3807829181494662,0.321875,0.1,accepted,
train,image_293_png.rf.1b4f8845adf10bc8e6e9a15c9f02775f.jpg,image_293_png.rf.1b4f8845adf10bc8e6e9a15c9f02775f_box00.jpg,640,346,172,136,1,Normal,0.465625,0.5838150289017341,0.221875,0.3265895953757225,0.1,accepted,
train,image_294_png.rf.ac18aa54d3772e3bc1b97ceefc16ca89.jpg,image_294_png.rf.ac18aa54d3772e3bc1b97ceefc16ca89_box00.jpg,640,369,192,126,1,Normal,0.45625,0.5392953929539296,0.25,0.2845528455284553,0.1,accepted,
train,image_296_png.rf.7c5908e5941a94e083606f924fc1e39f.jpg,image_296_png.rf.7c5908e5941a94e083606f924fc1e39f_box00.jpg,640,426,140,80,0,Cataract,0.5125,0.5704225352112676,0.18125,0.15492957746478872,0.1,accepted,
train,image_296_png.rf.8c3572b30de6966156df5f7bf5aa5801.jpg,image_296_png.rf.8c3572b30de6966156df5f7bf5aa5801_box00.jpg,640,339,174,136,1,Normal,0.4703125,0.4631268436578171,0.225,0.3333333333333333,0.1,accepted,
train,image_297_png.rf.a147306da1b8d8b84215023853adf2de.jpg,image_297_png.rf.a147306da1b8d8b84215023853adf2de_box00.jpg,640,352,184,160,1,Normal,0.4703125,0.4971590909090909,0.2375,0.375,0.1,accepted,
train,image_298_png.rf.90219ebdd6c63c047eaec6a1a155103c.jpg,image_298_png.rf.90219ebdd6c63c047eaec6a1a155103c_box00.jpg,640,364,166,140,1,Normal,0.43125,0.6071428571428571,0.215625,0.31868131868131866,0.1,accepted,
train,image_299_png.rf.36c76bd7ece1e8811d115ddfc2ce5bc6.jpg,image_299_png.rf.36c76bd7ece1e8811d115ddfc2ce5bc6_box00.jpg,640,483,214,218,1,Normal,0.4515625,0.4906832298136646,0.2765625,0.3747412008281574,0.1,accepted,
train,image_29_png.rf.1f914ea3b68e069174c68de330460b37.jpg,image_29_png.rf.1f914ea3b68e069174c68de330460b37_box00.jpg,640,417,244,216,1,Normal,0.55625,0.4748201438848921,0.3171875,0.4292565947242206,0.1,accepted,
train,image_2_png.rf.2e0d707490e5721c25f3a15c2212bd45.jpg,image_2_png.rf.2e0d707490e5721c25f3a15c2212bd45_box00.jpg,640,340,156,134,1,Normal,0.49375,0.48823529411764705,0.2015625,0.3264705882352941,0.1,accepted,
train,image_301_png.rf.0347181a04d75380410b08c8ad5bdaf7.jpg,image_301_png.rf.0347181a04d75380410b08c8ad5bdaf7_box00.jpg,640,439,450,346,0,Cataract,0.571875,0.5489749430523918,0.5859375,0.6560364464692483,0.1,accepted,
train,image_301_png.rf.b3fe990177e8e19959d7b1742bdd62fa.jpg,image_301_png.rf.b3fe990177e8e19959d7b1742bdd62fa_box00.jpg,640,480,226,186,1,Normal,0.3453125,0.5916666666666667,0.2921875,0.32083333333333336,0.1,accepted,
train,image_304_png.rf.cade69d92cbe7aa20e89c085fc81e454.jpg,image_304_png.rf.cade69d92cbe7aa20e89c085fc81e454_box00.jpg,640,480,260,272,1,Normal,0.465625,0.4,0.3375,0.4708333333333333,0.1,accepted,
train,image_305_png.rf.0ab645177a9b82b2230a5d4423f4a992.jpg,image_305_png.rf.0ab645177a9b82b2230a5d4423f4a992_box00.jpg,640,522,168,166,1,Normal,0.3390625,0.60727969348659,0.21875,0.2624521072796935,0.1,accepted,
train,image_30_png.rf.117780ff3dff577497090e56f0dd02e3.jpg,image_30_png.rf.117780ff3dff577497090e56f0dd02e3_box00.jpg,598,640,246,187,1,Normal,0.4782608695652174,0.5203125,0.3411371237458194,0.2421875,0.1,accepted,
train,image_31_png.rf.8154e263d8580dad6b22feb03471fec5.jpg,image_31_png.rf.8154e263d8580dad6b22feb03471fec5_box00.jpg,640,495,212,172,1,Normal,0.4640625,0.604040404040404,0.275,0.2868686868686869,0.1,accepted,
train,image_32_png.rf.38896b0ded4c1fdd105315554aca923d.jpg,image_32_png.rf.38896b0ded4c1fdd105315554aca923d_box00.jpg,640,391,192,139,1,Normal,0.4375,0.4373401534526854,0.2484375,0.29411764705882354,0.1,accepted,
train,image_33_png.rf.cd4a137e0e430846c2e7aaa14839cb92.jpg,image_33_png.rf.cd4a137e0e430846c2e7aaa14839cb92_box00.jpg,640,300,202,132,1,Normal,0.41875,0.48,0.2625,0.36333333333333334,0.1,accepted,
train,image_34_png.rf.e4b40fae162fd0be28cc48b8159ce88d.jpg,image_34_png.rf.e4b40fae162fd0be28cc48b8159ce88d_box00.jpg,640,354,174,148,1,Normal,0.4890625,0.5,0.2265625,0.3474576271186441,0.1,accepted,
train,image_35_png.rf.1c7f079c7a71c2986ad5a43ee56dca41.jpg,image_35_png.rf.1c7f079c7a71c2986ad5a43ee56dca41_box00.jpg,640,459,176,142,1,Normal,0.2421875,0.5533769063180828,0.228125,0.2549019607843137,0.1,accepted,
train,image_35_png.rf.8cdf13167dd2824b1dc83fa13e4270c1.jpg,image_35_png.rf.8cdf13167dd2824b1dc83fa13e4270c1_box00.jpg,640,434,498,432,0,Cataract,0.509375,0.46543778801843316,0.646875,0.8824884792626728,0.1,accepted,
train,image_37_png.rf.a8798c10e4b907ad3157c4f6ce9ebf70.jpg,image_37_png.rf.a8798c10e4b907ad3157c4f6ce9ebf70_box00.jpg,640,425,198,202,1,Normal,0.446875,0.4588235294117647,0.2578125,0.3952941176470588,0.1,accepted,
train,image_37_png.rf.bd7a6e59d252b2de1b382aa1eb576edb.jpg,image_37_png.rf.bd7a6e59d252b2de1b382aa1eb576edb_box00.jpg,640,461,226,198,0,Cataract,0.4578125,0.5574837310195228,0.29375,0.3557483731019523,0.1,accepted,
train,image_38_png.rf.29fe138db033670bb8df2504f0418bec.jpg,image_38_png.rf.29fe138db033670bb8df2504f0418bec_box00.jpg,640,421,298,228,1,Normal,0.5625,0.38717339667458434,0.3859375,0.4489311163895487,0.1,accepted,
train,image_39_png.rf.ca5053db9cf39701a10903708f5df0a2.jpg,image_39_png.rf.ca5053db9cf39701a10903708f5df0a2_box00.jpg,640,402,206,188,1,Normal,0.4140625,0.48756218905472637,0.2671875,0.3880597014925373,0.1,accepted,
train,image_3_png.rf.80025f93ea32a5d2725d0d97ce827194.jpg,image_3_png.rf.80025f93ea32a5d2725d0d97ce827194_box00.jpg,640,414,186,162,1,Normal,0.528125,0.5,0.2421875,0.32608695652173914,0.1,accepted,
train,image_40_png.rf.14b117fdb1c4a8192983200cda3aae15.jpg,image_40_png.rf.14b117fdb1c4a8192983200cda3aae15_box00.jpg,640,384,180,166,1,Normal,0.5109375,0.5078125,0.234375,0.3567708333333333,0.1,accepted,
train,image_42_png.rf.10cc05a7bb4f60f467a49413cc0d4f46.jpg,image_42_png.rf.10cc05a7bb4f60f467a49413cc0d4f46_box00.jpg,640,388,188,170,1,Normal,0.509375,0.6211340206185567,0.24375,0.3634020618556701,0.1,accepted,
train,image_43_png.rf.d2a198afaa038c926d15713edb976577.jpg,image_43_png.rf.d2a198afaa038c926d15713edb976577_box00.jpg,640,324,190,166,1,Normal,0.5078125,0.4660493827160494,0.246875,0.4228395061728395,0.1,accepted,
train,image_44_png.rf.3384f54c0f89a9ac6f840c22d4cc9142.jpg,image_44_png.rf.3384f54c0f89a9ac6f840c22d4cc9142_box00.jpg,640,424,312,270,0,Cataract,0.4640625,0.49056603773584906,0.4046875,0.5306603773584906,0.1,accepted,
train,image_45_png.rf.4f21bee368036cd078c6f1fe6f00ece9.jpg,image_45_png.rf.4f21bee368036cd078c6f1fe6f00ece9_box00.jpg,640,333,204,148,1,Normal,0.446875,0.43843843843843844,0.265625,0.3663663663663664,0.1,accepted,
train,image_45_png.rf.b1b35786bc31bcbac262f95b48989e65.jpg,image_45_png.rf.b1b35786bc31bcbac262f95b48989e65_box00.jpg,640,434,474,388,0,Cataract,0.484375,0.532258064516129,0.6171875,0.7419354838709677,0.1,accepted,
train,image_46_png.rf.a292dc3f8a5154af333d5f7332db6439.jpg,image_46_png.rf.a292dc3f8a5154af333d5f7332db6439_box00.jpg,640,558,298,228,1,Normal,0.39375,0.557347670250896,0.3859375,0.3387096774193548,0.1,accepted,
train,image_47_png.rf.8f270edd53e324114d6a7fd3d8fd9b60.jpg,image_47_png.rf.8f270edd53e324114d6a7fd3d8fd9b60_box00.jpg,640,324,248,166,1,Normal,0.5171875,0.5401234567901234,0.321875,0.4228395061728395,0.1,accepted,
train,image_48_png.rf.bd8216f62aa12783fbf4aa3fd5da87f3.jpg,image_48_png.rf.bd8216f62aa12783fbf4aa3fd5da87f3_box00.jpg,640,365,192,150,1,Normal,0.50625,0.4958904109589041,0.2484375,0.33972602739726027,0.1,accepted,
train,image_4_png.rf.c6e598722ad601aa57a09493034d0d36.jpg,image_4_png.rf.c6e598722ad601aa57a09493034d0d36_box00.jpg,640,424,202,168,1,Normal,0.425,0.6084905660377359,0.2625,0.3278301886792453,0.1,accepted,
train,image_50_png.rf.506957733bc3cd5dfb35c17dc0e7c130.jpg,image_50_png.rf.506957733bc3cd5dfb35c17dc0e7c130_box00.jpg,640,436,98,74,0,Cataract,0.6859375,0.5068807339449541,0.1265625,0.13990825688073394,0.1,accepted,
train,image_50_png.rf.710ed4ecbedc505d270a7e99d4cd98ec.jpg,image_50_png.rf.710ed4ecbedc505d270a7e99d4cd98ec_box00.jpg,640,325,152,108,1,Normal,0.4046875,0.4153846153846154,0.196875,0.27692307692307694,0.1,accepted,
train,image_51_png.rf.9bbb85d4745132d4c3d357a195c7c71b.jpg,image_51_png.rf.9bbb85d4745132d4c3d357a195c7c71b_box00.jpg,640,424,226,198,0,Cataract,0.675,0.419811320754717,0.2921875,0.3891509433962264,0.1,accepted,
train,image_51_png.rf.b0956f8cc139d56ab2ff09097702966a.jpg,image_51_png.rf.b0956f8cc139d56ab2ff09097702966a_box00.jpg,640,354,190,168,1,Normal,0.4125,0.4971751412429379,0.246875,0.3954802259887006,0.1,accepted,
train,image_53_png.rf.253584476783fb15293d49702e9dd63b.jpg,image_53_png.rf.253584476783fb15293d49702e9dd63b_box00.jpg,640,316,196,146,1,Normal,0.4546875,0.5253164556962026,0.253125,0.3829113924050633,0.1,accepted,
train,image_54_png.rf.d6d28c28c4fb4ee00be2ba39a25b61c8.jpg,image_54_png.rf.d6d28c28c4fb4ee00be2ba39a25b61c8_box00.jpg,640,327,222,187,1,Normal,0.5,0.4892966360856269,0.2875,0.4740061162079511,0.1,accepted,
train,image_55_png.rf.315113e9e0817d6a3bd4ca4a30bd4372.jpg,image_55_png.rf.315113e9e0817d6a3bd4ca4a30bd4372_box00.jpg,640,384,186,148,1,Normal,0.5484375,0.4869791666666667,0.2421875,0.3177083333333333,0.1,accepted,
train,image_56_png.rf.acfef30bf126907fab3bb7ddc431a61d.jpg,image_56_png.rf.acfef30bf126907fab3bb7ddc431a61d_box00.jpg,640,522,254,252,1,Normal,0.503125,0.49233716475095785,0.3296875,0.4003831417624521,0.1,accepted,
train,image_57_png.rf.7b95606a8ea43798cf270ca7870524e8.jpg,image_57_png.rf.7b95606a8ea43798cf270ca7870524e8_box00.jpg,640,540,194,180,1,Normal,0.4984375,0.5703703703703704,0.2515625,0.2777777777777778,0.1,accepted,
train,image_59_png.rf.ef6088c192cf3e002bc0477ade2e83fd.jpg,image_59_png.rf.ef6088c192cf3e002bc0477ade2e83fd_box00.jpg,640,468,194,200,0,Cataract,0.440625,0.46153846153846156,0.2515625,0.3547008547008547,0.1,accepted,
train,image_61_png.rf.88e15290ce36f9f30bcef59085728cdc.jpg,image_61_png.rf.88e15290ce36f9f30bcef59085728cdc_box00.jpg,640,314,204,174,1,Normal,0.5125,0.5222929936305732,0.2640625,0.46178343949044587,0.1,accepted,
train,image_62_png.rf.00258f4fdcd5f27db8fa746347315e6c.jpg,image_62_png.rf.00258f4fdcd5f27db8fa746347315e6c_box00.jpg,640,447,104,74,0,Cataract,0.55625,0.47651006711409394,0.134375,0.13646532438478748,0.1,accepted,
train,image_62_png.rf.d82b50e6c5253584c615ea638cebbb19.jpg,image_62_png.rf.d82b50e6c5253584c615ea638cebbb19_box00.jpg,640,379,332,270,1,Normal,0.4390625,0.49604221635883905,0.43125,0.5910290237467019,0.1,accepted,
train,image_63_png.rf.8abe403378f36ffe3f71d5f35aaa466f.jpg,image_63_png.rf.8abe403378f36ffe3f71d5f35aaa466f_box00.jpg,640,460,242,190,0,Cataract,0.496875,0.5434782608695652,0.3140625,0.34347826086956523,0.1,accepted,
train,image_63_png.rf.9e9edf1dd16621d3a5b1ece08c73d868.jpg,image_63_png.rf.9e9edf1dd16621d3a5b1ece08c73d868_box00.jpg,640,381,228,206,1,Normal,0.4984375,0.5118110236220472,0.296875,0.44881889763779526,0.1,accepted,
train,image_64_png.rf.d6548d4f0652ce096d81a54ade003aa0.jpg,image_64_png.rf.d6548d4f0652ce096d81a54ade003aa0_box00.jpg,639,490,256,248,1,Normal,0.49139280125195617,0.5142857142857142,0.3317683881064163,0.4204081632653061,0.1,accepted,
train,image_64_png.rf.f2413ace2d5e5b68356e7f9653b7e793.jpg,image_64_png.rf.f2413ace2d5e5b68356e7f9653b7e793_box00.jpg,640,400,118,82,0,Cataract,0.5390625,0.59,0.153125,0.17,0.1,accepted,
train,image_66_png.rf.3ca1a6f081ddab3c1329ec210185d990.jpg,image_66_png.rf.3ca1a6f081ddab3c1329ec210185d990_box00.jpg,640,340,208,150,1,Normal,0.4671875,0.4852941176470588,0.26875,0.36470588235294116,0.1,accepted,
train,image_69_png.rf.b63f6b1deaf9e18d563c889569319283.jpg,image_69_png.rf.b63f6b1deaf9e18d563c889569319283_box00.jpg,640,465,290,184,1,Normal,0.3234375,0.5741935483870968,0.3765625,0.32688172043010755,0.1,accepted,
train,image_6_png.rf.61433c815722d158d3ceb6c042317b8d.jpg,image_6_png.rf.61433c815722d158d3ceb6c042317b8d_box00.jpg,640,391,228,188,1,Normal,0.5359375,0.4398976982097187,0.2953125,0.3989769820971867,0.1,accepted,
train,image_70_png.rf.2fc4b72c262cce0631217feec02a9a34.jpg,image_70_png.rf.2fc4b72c262cce0631217feec02a9a34_box00.jpg,640,471,236,142,1,Normal,0.534375,0.5520169851380042,0.30625,0.2484076433121019,0.1,accepted,
train,image_70_png.rf.5a39fc8974f3f07d965344648d99bfcb.jpg,image_70_png.rf.5a39fc8974f3f07d965344648d99bfcb_box00.jpg,640,640,288,190,0,Cataract,0.515625,0.5546875,0.375,0.246875,0.1,accepted,
train,image_72_png.rf.056be1550c038100fbe696cb594b6b75.jpg,image_72_png.rf.056be1550c038100fbe696cb594b6b75_box00.jpg,640,351,214,152,1,Normal,0.4796875,0.4586894586894587,0.2765625,0.358974358974359,0.1,accepted,
train,image_73_png.rf.c485126feb5e440e8aaa75880c93eed6.jpg,image_73_png.rf.c485126feb5e440e8aaa75880c93eed6_box00.jpg,640,470,640,470,0,Cataract,0.5171875,0.5063829787234042,0.8671875,0.9574468085106383,0.1,accepted,
train,image_73_png.rf.cac355f989c57e11520cfe226f93ea92.jpg,image_73_png.rf.cac355f989c57e11520cfe226f93ea92_box00.jpg,640,537,160,132,1,Normal,0.484375,0.595903165735568,0.20625,0.2048417132216015,0.1,accepted,
train,image_75_png.rf.ceb86aa387bf9eb5c7692fd19724dd35.jpg,image_75_png.rf.ceb86aa387bf9eb5c7692fd19724dd35_box00.jpg,640,351,202,124,1,Normal,0.428125,0.5213675213675214,0.2625,0.2934472934472934,0.1,accepted,
train,image_76_png.rf.e3fe3297875b283875eeb832b6bfac17.jpg,image_76_png.rf.e3fe3297875b283875eeb832b6bfac17_box00.jpg,640,426,432,388,0,Cataract,0.4609375,0.45305164319248825,0.5609375,0.7605633802816901,0.1,accepted,
train,image_76_png.rf.ff14d33f2bf5c46b904778ab49c2ef29.jpg,image_76_png.rf.ff14d33f2bf5c46b904778ab49c2ef29_box00.jpg,640,320,220,118,1,Normal,0.371875,0.571875,0.2859375,0.30625,0.1,accepted,
train,image_77_png.rf.b674601a27287f57d099a3e128ae221a.jpg,image_77_png.rf.b674601a27287f57d099a3e128ae221a_box00.jpg,640,406,160,134,1,Normal,0.4796875,0.5788177339901478,0.2078125,0.2733990147783251,0.1,accepted,
train,image_78_png.rf.d2d4011d8c18f7d574e4f9847d882c41.jpg,image_78_png.rf.d2d4011d8c18f7d574e4f9847d882c41_box00.jpg,640,500,214,136,1,Normal,0.4359375,0.53,0.278125,0.224,0.1,accepted,
train,image_79_png.rf.35db144fcc3f018f906f5d83ffdd0975.jpg,image_79_png.rf.35db144fcc3f018f906f5d83ffdd0975_box00.jpg,640,640,260,176,0,Cataract,0.4703125,0.509375,0.3375,0.228125,0.1,accepted,
train,image_7_png.rf.6d1f10aa20e9e3a3e33031e3fb532966.jpg,image_7_png.rf.6d1f10aa20e9e3a3e33031e3fb532966_box00.jpg,484,640,346,296,0,Cataract,0.5640495867768595,0.4328125,0.5929752066115702,0.384375,0.1,accepted,
train,image_80_png.rf.eee36e2cc9719bff4c1ea75d45f35754.jpg,image_80_png.rf.eee36e2cc9719bff4c1ea75d45f35754_box00.jpg,640,462,232,156,1,Normal,0.5265625,0.4653679653679654,0.3015625,0.2792207792207792,0.1,rejected,blur:laplacian_var=4.46
train,image_82_png.rf.6c806fd1c29c5bae596f5c49aedda4a9.jpg,image_82_png.rf.6c806fd1c29c5bae596f5c49aedda4a9_box00.jpg,640,480,548,480,0,Cataract,0.584375,0.5020833333333333,0.734375,0.9020833333333333,0.1,accepted,
train,image_83_png.rf.3dc5f28d152d25e6d0d18449c83710e3.jpg,image_83_png.rf.3dc5f28d152d25e6d0d18449c83710e3_box00.jpg,640,564,350,253,1,Normal,0.5265625,0.5478723404255319,0.4546875,0.3723404255319149,0.1,rejected,blur:laplacian_var=3.29
train,image_83_png.rf.f6c9edfa95604fca397610020b245cad.jpg,image_83_png.rf.f6c9edfa95604fca397610020b245cad_box00.jpg,640,426,166,106,0,Cataract,0.4640625,0.44835680751173707,0.215625,0.20422535211267606,0.1,accepted,
train,image_84_png.rf.56b3d6ea4dbf7a168afb6e07a8d560e0.jpg,image_84_png.rf.56b3d6ea4dbf7a168afb6e07a8d560e0_box00.jpg,640,386,256,184,1,Normal,0.528125,0.5492227979274611,0.3328125,0.3963730569948187,0.1,accepted,
train,image_84_png.rf.66afddfe00bbbd73cf0f64d63568b0dd.jpg,image_84_png.rf.66afddfe00bbbd73cf0f64d63568b0dd_box00.jpg,640,426,124,109,0,Cataract,0.475,0.4953051643192488,0.159375,0.2112676056338028,0.1,accepted,
train,image_86_png.rf.9b3909d58645d12f8ce29dee6990c7de.jpg,image_86_png.rf.9b3909d58645d12f8ce29dee6990c7de_box00.jpg,640,572,220,144,1,Normal,0.584375,0.5472027972027972,0.2859375,0.20804195804195805,0.1,accepted,
train,image_86_png.rf.ff2bd61c376a6e023bb43a3884cce69d.jpg,image_86_png.rf.ff2bd61c376a6e023bb43a3884cce69d_box00.jpg,640,436,450,346,0,Cataract,0.49375,0.5298165137614679,0.584375,0.658256880733945,0.1,accepted,
train,image_87_png.rf.5153086ff8b52ea0fc0b610ad66dc19c.jpg,image_87_png.rf.5153086ff8b52ea0fc0b610ad66dc19c_box00.jpg,640,460,188,188,1,Normal,0.5203125,0.6195652173913043,0.24375,0.3391304347826087,0.1,rejected,blur:laplacian_var=4.92
train,image_88_png.rf.40e51b0d7f46a1b1fc3a65a7b8cb9eb3.jpg,image_88_png.rf.40e51b0d7f46a1b1fc3a65a7b8cb9eb3_box00.jpg,640,317,180,164,1,Normal,0.4828125,0.4889589905362776,0.234375,0.42902208201892744,0.1,accepted,
train,image_88_png.rf.40e51b0d7f46a1b1fc3a65a7b8cb9eb3.jpg,image_88_png.rf.40e51b0d7f46a1b1fc3a65a7b8cb9eb3_box01.jpg,640,317,6,8,1,Normal,0.603125,0.7003154574132492,0.003125,0.00946372239747634,0.1,rejected,min_resolution:6x8<16|min_area:48<256
train,image_89_png.rf.d2670b78fbfe1b0a9e11b60de0b05a66.jpg,image_89_png.rf.d2670b78fbfe1b0a9e11b60de0b05a66_box00.jpg,640,426,92,116,0,Cataract,0.453125,0.4953051643192488,0.11875,0.22535211267605634,0.1,accepted,
train,image_89_png.rf.dae407048b521f3b1e2e520272684826.jpg,image_89_png.rf.dae407048b521f3b1e2e520272684826_box00.jpg,640,432,158,168,1,Normal,0.4171875,0.5231481481481481,0.2046875,0.32175925925925924,0.1,accepted,
train,image_8_png.rf.dcf1c0b322d7f545965c8cca1198640b.jpg,image_8_png.rf.dcf1c0b322d7f545965c8cca1198640b_box00.jpg,640,300,220,170,1,Normal,0.55625,0.49,0.2859375,0.47,0.1,accepted,
train,image_91_png.rf.dcce87611a0224dfbc5aeaeb7ddde44a.jpg,image_91_png.rf.dcce87611a0224dfbc5aeaeb7ddde44a_box00.jpg,640,625,170,186,1,Normal,0.5,0.6,0.2203125,0.2464,0.1,rejected,blur:laplacian_var=4.96
train,image_92_png.rf.4f4502def7058617dec39efcfdf1b111.jpg,image_92_png.rf.4f4502def7058617dec39efcfdf1b111_box00.jpg,640,421,252,217,1,Normal,0.5546875,0.5415676959619953,0.3265625,0.42755344418052255,0.1,rejected,blur:laplacian_var=4.77
train,image_93_png.rf.5ed345117c9571f1c50396710ef4e9a0.jpg,image_93_png.rf.5ed345117c9571f1c50396710ef4e9a0_box00.jpg,640,371,216,204,1,Normal,0.478125,0.5471698113207547,0.28125,0.4555256064690027,0.1,accepted,
train,image_94_png.rf.3ed817aff1a9161604f793a247666899.jpg,image_94_png.rf.3ed817aff1a9161604f793a247666899_box00.jpg,640,380,162,130,1,Normal,0.49375,0.5184210526315789,0.209375,0.28421052631578947,0.1,accepted,
train,image_95_png.rf.9d28296731e1bc8ada775dfa775310ab.jpg,image_95_png.rf.9d28296731e1bc8ada775dfa775310ab_box00.jpg,640,512,210,166,1,Normal,0.490625,0.544921875,0.2734375,0.26953125,0.1,accepted,
train,image_96_png.rf.367cdf0f86fbc70f5397a8920224dd94.jpg,image_96_png.rf.367cdf0f86fbc70f5397a8920224dd94_box00.jpg,640,480,480,408,0,Cataract,0.540625,0.475,0.6234375,0.70625,0.1,accepted,
train,image_96_png.rf.f2d2cb5c07f4ad8400846c91e3719be4.jpg,image_96_png.rf.f2d2cb5c07f4ad8400846c91e3719be4_box00.jpg,640,358,196,166,1,Normal,0.4953125,0.48044692737430167,0.2546875,0.3854748603351955,0.1,accepted,
train,image_99_png.rf.733a29cdc9852d206b7f26f68e20c23b.jpg,image_99_png.rf.733a29cdc9852d206b7f26f68e20c23b_box00.jpg,640,426,136,138,0,Cataract,0.5453125,0.4835680751173709,0.1765625,0.2699530516431925,0.1,accepted,
train,image_99_png.rf.c1667cbdd0d5e1602679f736914fda4c.jpg,image_99_png.rf.c1667cbdd0d5e1602679f736914fda4c_box00.jpg,640,454,130,124,1,Normal,0.5734375,0.6101321585903083,0.1671875,0.22466960352422907,0.1,rejected,blur:laplacian_var=4.77
val,PHOTO-2023-07-27-12-41-26_jpg.rf.0c54af79d765c863475f99265175fc10.jpg,PHOTO-2023-07-27-12-41-26_jpg.rf.0c54af79d765c863475f99265175fc10_box00.jpg,640,640,146,124,0,Cataract,0.4359375,0.3921875,0.1890625,0.1609375,0.1,accepted,
val,i_1002_jpg.rf.7cd8d85a8fb4d7eb314d3059595b6ab2.jpg,i_1002_jpg.rf.7cd8d85a8fb4d7eb314d3059595b6ab2_box00.jpg,60,60,22,20,0,Cataract,0.5138333333333333,0.5158333333333334,0.29333333333333333,0.23833333333333334,0.1,accepted,
val,i_1004_jpg.rf.99fbe2b6756b9d1adc85c95a0cf3f03a.jpg,i_1004_jpg.rf.99fbe2b6756b9d1adc85c95a0cf3f03a_box00.jpg,54,54,20,18,0,Cataract,0.49907407407407406,0.487962962962963,0.2835185185185185,0.24388888888888888,0.1,accepted,
val,i_1008_jpg.rf.7ddb021ff2f3e470f1100f7897722797.jpg,i_1008_jpg.rf.7ddb021ff2f3e470f1100f7897722797_box00.jpg,47,47,19,16,0,Cataract,0.5393617021276597,0.5282978723404255,0.285531914893617,0.2370212765957447,0.1,accepted,
val,i_1009_jpg.rf.c4b994a38427a7f52fe1e5e49f02d25d.jpg,i_1009_jpg.rf.c4b994a38427a7f52fe1e5e49f02d25d_box00.jpg,75,75,23,16,0,Cataract,0.5586666666666666,0.5397333333333333,0.2388,0.14693333333333333,0.1,accepted,
val,i_1012_jpg.rf.439778dfd7d49bd37d85c49f679c2079.jpg,i_1012_jpg.rf.439778dfd7d49bd37d85c49f679c2079_box00.jpg,45,45,20,15,0,Cataract,0.45799999999999996,0.4991111111111111,0.33555555555555555,0.23844444444444446,0.1,rejected,min_resolution:20x15<16
val,i_1013_jpg.rf.e1822694f395ae4464481ff02c20e0fc.jpg,i_1013_jpg.rf.e1822694f395ae4464481ff02c20e0fc_box00.jpg,55,55,22,21,0,Cataract,0.6338181818181818,0.5163636363636364,0.3065454545454545,0.2776363636363636,0.1,accepted,
val,i_1015_jpg.rf.a927ae1db54e0823db15f6ae033cddfb.jpg,i_1015_jpg.rf.a927ae1db54e0823db15f6ae033cddfb_box00.jpg,67,67,25,20,0,Cataract,0.5285074626865671,0.49507462686567166,0.3080597014925373,0.21865671641791046,0.1,accepted,
val,i_1018_jpg.rf.ba57a4f0dc2a7373d7b84bd1c7604806.jpg,i_1018_jpg.rf.ba57a4f0dc2a7373d7b84bd1c7604806_box00.jpg,56,56,24,19,0,Cataract,0.5694642857142858,0.5128571428571428,0.3439285714285715,0.24642857142857144,0.1,accepted,
val,i_1021_jpg.rf.d0ad4cc72e8a7c91beef99ee7e8a3a08.jpg,i_1021_jpg.rf.d0ad4cc72e8a7c91beef99ee7e8a3a08_box00.jpg,56,56,23,20,0,Cataract,0.6030357142857143,0.5198214285714285,0.31857142857142856,0.2710714285714286,0.1,accepted,
val,i_1025_jpg.rf.41751aabb0411f2b012ef22588b8a8f3.jpg,i_1025_jpg.rf.41751aabb0411f2b012ef22588b8a8f3_box00.jpg,52,52,23,18,0,Cataract,0.5444230769230769,0.5382692307692307,0.3507692307692307,0.23788461538461536,0.1,accepted,
val,i_1026_jpg.rf.b1fcc0f9a8f8488537a58f5ed107d7d9.jpg,i_1026_jpg.rf.b1fcc0f9a8f8488537a58f5ed107d7d9_box00.jpg,59,59,24,16,0,Cataract,0.6093220338983051,0.5122033898305085,0.3164406779661017,0.1883050847457627,0.1,accepted,
val,i_1031_jpg.rf.d254df4c3829eab22fb699090879dedf.jpg,i_1031_jpg.rf.d254df4c3829eab22fb699090879dedf_box00.jpg,48,48,19,16,0,Cataract,0.5860416666666667,0.5366666666666667,0.2916666666666667,0.2383333333333333,0.1,accepted,
val,i_1048_jpg.rf.1ba2ed85d9fc43c1b55c6f60a7eeba51.jpg,i_1048_jpg.rf.1ba2ed85d9fc43c1b55c6f60a7eeba51_box00.jpg,52,52,21,15,0,Cataract,0.6384615384615385,0.49403846153846154,0.305,0.1946153846153846,0.1,rejected,min_resolution:21x15<16
val,i_1049_jpg.rf.b2455babd50356648aa1f51e383ea471.jpg,i_1049_jpg.rf.b2455babd50356648aa1f51e383ea471_box00.jpg,61,61,19,19,0,Cataract,0.668360655737705,0.5132786885245901,0.22295081967213115,0.22344262295081968,0.1,accepted,
val,i_104_jpg.rf.49438d2652c978c82e8a2a83c67f4f0a.jpg,i_104_jpg.rf.49438d2652c978c82e8a2a83c67f4f0a_box00.jpg,306,199,160,146,0,Cataract,0.5630065359477124,0.5217587939698493,0.4334313725490196,0.6098492462311558,0.1,accepted,
val,i_1053_jpg.rf.77127ea6ace823a91fc0d85f48eab6d6.jpg,i_1053_jpg.rf.77127ea6ace823a91fc0d85f48eab6d6_box00.jpg,49,49,17,17,0,Cataract,0.6291836734693877,0.5371428571428571,0.24857142857142855,0.23346938775510204,0.1,accepted,
val,i_1054_jpg.rf.a4e431177a7f99c729de2acafafeea22.jpg,i_1054_jpg.rf.a4e431177a7f99c729de2acafafeea22_box00.jpg,62,62,23,18,0,Cataract,0.6043548387096774,0.5335483870967742,0.27741935483870966,0.20338709677419353,0.1,accepted,
val,i_1058_jpg.rf.1132d9d16d902d2b6fd84acb9b7d5b68.jpg,i_1058_jpg.rf.1132d9d16d902d2b6fd84acb9b7d5b68_box00.jpg,42,42,18,15,0,Cataract,0.5371428571428571,0.5166666666666666,0.31047619047619046,0.23595238095238097,0.1,rejected,min_resolution:18x15<16
val,i_1072_jpg.rf.ecf350304681d0a05f11dd7bd4df81f9.jpg,i_1072_jpg.rf.ecf350304681d0a05f11dd7bd4df81f9_box00.jpg,62,62,26,21,0,Cataract,0.535,0.5279032258064515,0.3295161290322581,0.2529032258064516,0.1,accepted,
val,i_1080_jpg.rf.6dee041e6eb25952c6d22c3d829db1a6.jpg,i_1080_jpg.rf.6dee041e6eb25952c6d22c3d829db1a6_box00.jpg,54,54,20,15,0,Cataract,0.5538888888888889,0.525,0.2748148148148148,0.19796296296296295,0.1,rejected,min_resolution:20x15<16
val,i_108_jpg.rf.bb645bb9cca5071cd5b2aa99158a8632.jpg,i_108_jpg.rf.bb645bb9cca5071cd5b2aa99158a8632_box00.jpg,260,252,221,207,0,Cataract,0.5008461538461538,0.48623015873015873,0.7042692307692309,0.6796428571428572,0.1,accepted,
val,i_1100_jpg.rf.22a9521713b407b8dc2ae3c092bd4ae3.jpg,i_1100_jpg.rf.22a9521713b407b8dc2ae3c092bd4ae3_box00.jpg,63,63,24,19,0,Cataract,0.47492063492063497,0.512063492063492,0.29396825396825393,0.22603174603174603,0.1,accepted,
val,i_1102_jpg.rf.ccc1cb211dab7e21917b47fea1a3122d.jpg,i_1102_jpg.rf.ccc1cb211dab7e21917b47fea1a3122d_box00.jpg,59,59,24,23,0,Cataract,0.5754237288135594,0.4974576271186441,0.33203389830508473,0.2942372881355932,0.1,accepted,
val,i_1104_jpg.rf.f2f491d3c8613f86f1c3f9a28226ea44.jpg,i_1104_jpg.rf.f2f491d3c8613f86f1c3f9a28226ea44_box00.jpg,52,52,22,19,0,Cataract,0.4955769230769231,0.5684615384615385,0.3309615384615385,0.27076923076923076,0.1,accepted,
val,i_1105_jpg.rf.e4e637a16e717cbc462124253b190c53.jpg,i_1105_jpg.rf.e4e637a16e717cbc462124253b190c53_box00.jpg,50,50,22,18,0,Cataract,0.6315999999999999,0.5588000000000001,0.3386,0.26899999999999996,0.1,accepted,
val,i_1111_jpg.rf.0e3a7ced33b092b25b1c011bb748a3ba.jpg,i_1111_jpg.rf.0e3a7ced33b092b25b1c011bb748a3ba_box00.jpg,59,59,22,19,0,Cataract,0.556271186440678,0.49966101694915255,0.28338983050847455,0.24135593220338983,0.1,accepted,
val,i_1114_jpg.rf.1ecce34f77c84021e69e12799eb0b5bc.jpg,i_1114_jpg.rf.1ecce34f77c84021e69e12799eb0b5bc_box00.jpg,63,63,21,20,0,Cataract,0.6592063492063492,0.525079365079365,0.2515873015873016,0.22777777777777777,0.1,accepted,
val,i_111_jpg.rf.86ad81f3056f73b9ca6649a9e705e709.jpg,i_111_jpg.rf.86ad81f3056f73b9ca6649a9e705e709_box00.jpg,358,320,247,231,0,Cataract,0.49114525139664805,0.4416875,0.5726256983240223,0.5986875,0.1,accepted,
val,i_1121_jpg.rf.3cfc0701de6c51d6801cfe73f5be3d16.jpg,i_1121_jpg.rf.3cfc0701de6c51d6801cfe73f5be3d16_box00.jpg,48,48,18,17,0,Cataract,0.586875,0.5289583333333333,0.2725,0.26437499999999997,0.1,accepted,
val,i_1129_jpg.rf.977e10fbe1468a971794b881f1806028.jpg,i_1129_jpg.rf.977e10fbe1468a971794b881f1806028_box00.jpg,60,60,21,17,0,Cataract,0.5785,0.5566666666666666,0.2613333333333333,0.20533333333333334,0.1,accepted,
val,i_1136_jpg.rf.de07720ae4f6878b99b63a669d3b2607.jpg,i_1136_jpg.rf.de07720ae4f6878b99b63a669d3b2607_box00.jpg,58,58,22,18,0,Cataract,0.5489655172413793,0.538448275862069,0.2882758620689655,0.2286206896551724,0.1,accepted,
val,i_1139_jpg.rf.017e692c444f53c25353e98f224d4c72.jpg,i_1139_jpg.rf.017e692c444f53c25353e98f224d4c72_box00.jpg,57,57,21,18,0,Cataract,0.3770175438596491,0.5449122807017543,0.29333333333333333,0.22403508771929823,0.1,accepted,
val,i_1148_jpg.rf.b291a8898703329bd59c15b41b7432af.jpg,i_1148_jpg.rf.b291a8898703329bd59c15b41b7432af_box00.jpg,64,64,24,20,0,Cataract,0.63796875,0.54015625,0.29171875,0.23484375,0.1,accepted,
val,i_1153_jpg.rf.968b9a93dc8e74b5cdd6fb9c7af0dcb4.jpg,i_1153_jpg.rf.968b9a93dc8e74b5cdd6fb9c7af0dcb4_box00.jpg,55,55,19,17,0,Cataract,0.5749090909090909,0.5183636363636364,0.2614545454545455,0.21436363636363634,0.1,accepted,
val,i_1161_jpg.rf.5416aa90dd613d22c5d337910295e052.jpg,i_1161_jpg.rf.5416aa90dd613d22c5d337910295e052_box00.jpg,49,49,20,20,0,Cataract,0.43,0.5244897959183673,0.2983673469387755,0.3006122448979592,0.1,accepted,
val,i_1175_jpg.rf.9be7a12a6f371acc3bfbfcc77b45e360.jpg,i_1175_jpg.rf.9be7a12a6f371acc3bfbfcc77b45e360_box00.jpg,62,62,21,15,0,Cataract,0.6000000000000001,0.5019354838709678,0.2583870967741935,0.15919354838709676,0.1,rejected,min_resolution:21x15<16
val,i_1184_jpg.rf.f949a40e4bddc4a04c1b235488dc8595.jpg,i_1184_jpg.rf.f949a40e4bddc4a04c1b235488dc8595_box00.jpg,58,58,24,16,0,Cataract,0.5189655172413793,0.48344827586206895,0.32741379310344826,0.2025862068965517,0.1,accepted,
val,i_1191_jpg.rf.b82ac8dd8bb36adff02ba5be0dd239af.jpg,i_1191_jpg.rf.b82ac8dd8bb36adff02ba5be0dd239af_box00.jpg,56,56,21,13,0,Cataract,0.5824999999999999,0.5430357142857143,0.29321428571428576,0.15464285714285714,0.1,rejected,min_resolution:21x13<16
val,i_1192_jpg.rf.f15d8c38427d9526066be0f91474a730.jpg,i_1192_jpg.rf.f15d8c38427d9526066be0f91474a730_box00.jpg,52,52,21,17,0,Cataract,0.5482692307692308,0.4867307692307692,0.30153846153846153,0.22307692307692306,0.1,accepted,
val,i_119_jpg.rf.a659bde59524814b066ef50f9ecf1221.jpg,i_119_jpg.rf.a659bde59524814b066ef50f9ecf1221_box00.jpg,150,140,41,37,0,Cataract,0.42386666666666667,0.577,0.22386666666666666,0.21571428571428572,0.1,accepted,
val,i_1201_jpg.rf.943ea9a8c3e5cd0fbe0c3e8abfb97d00.jpg,i_1201_jpg.rf.943ea9a8c3e5cd0fbe0c3e8abfb97d00_box00.jpg,75,75,23,21,0,Cataract,0.5115999999999999,0.49093333333333333,0.2388,0.21666666666666667,0.1,accepted,
val,i_1202_jpg.rf.8517639b8570b51939679c79c2063bdb.jpg,i_1202_jpg.rf.8517639b8570b51939679c79c2063bdb_box00.jpg,61,61,23,17,0,Cataract,0.5152459016393443,0.5224590163934426,0.29672131147540987,0.19475409836065574,0.1,accepted,
val,i_1219_jpg.rf.b1b013a9d3e1f2bd429b7cc13f981f18.jpg,i_1219_jpg.rf.b1b013a9d3e1f2bd429b7cc13f981f18_box00.jpg,74,74,23,18,0,Cataract,0.667027027027027,0.49135135135135133,0.2372972972972973,0.17540540540540542,0.1,accepted,
val,i_1220_jpg.rf.05179132aad2440284e9d73597054a11.jpg,i_1220_jpg.rf.05179132aad2440284e9d73597054a11_box00.jpg,89,89,22,14,0,Cataract,0.5074157303370787,0.5942696629213483,0.18382022471910112,0.09977528089887641,0.1,rejected,min_resolution:22x14<16
val,i_1222_jpg.rf.0b685fae0e9b341c48934a6dc3d6c66a.jpg,i_1222_jpg.rf.0b685fae0e9b341c48934a6dc3d6c66a_box00.jpg,57,57,21,18,0,Cataract,0.5157894736842105,0.5396491228070176,0.28807017543859653,0.22403508771929823,0.1,accepted,
val,i_1226_jpg.rf.a43f98d9212e13f4b9c7e8b730123f58.jpg,i_1226_jpg.rf.a43f98d9212e13f4b9c7e8b730123f58_box00.jpg,72,72,19,16,0,Cataract,0.4930555555555556,0.5125,0.18777777777777777,0.1498611111111111,0.1,accepted,
val,i_1235_jpg.rf.cc2410b66853d26aa4ca488d29cc52d5.jpg,i_1235_jpg.rf.cc2410b66853d26aa4ca488d29cc52d5_box00.jpg,52,52,18,15,0,Cataract,0.5323076923076923,0.533076923076923,0.25384615384615383,0.19634615384615386,0.1,rejected,min_resolution:18x15<16
val,i_123_jpg.rf.f51b12a0bef43f733ad6f974cbb99e5b.jpg,i_123_jpg.rf.f51b12a0bef43f733ad6f974cbb99e5b_box00.jpg,369,245,137,110,0,Cataract,0.5753116531165311,0.5219591836734694,0.30826558265582654,0.37044897959183676,0.1,accepted,
val,i_1251_jpg.rf.8fa6ed97cac12c6d607d20e7eeec6f25.jpg,i_1251_jpg.rf.8fa6ed97cac12c6d607d20e7eeec6f25_box00.jpg,66,66,26,23,0,Cataract,0.4954545454545455,0.5066666666666666,0.31166666666666665,0.2853030303030303,0.1,accepted,
val,i_1254_jpg.rf.e14caead5d9f44f61d9132ec2b52e2a2.jpg,i_1254_jpg.rf.e14caead5d9f44f61d9132ec2b52e2a2_box00.jpg,63,63,21,16,0,Cataract,0.47015873015873016,0.5376190476190476,0.2584126984126984,0.16793650793650794,0.1,accepted,
val,i_1255_jpg.rf.12fcc2c1667350f1588c6b302d874dcd.jpg,i_1255_jpg.rf.12fcc2c1667350f1588c6b302d874dcd_box00.jpg,52,52,19,16,0,Cataract,0.59,0.5203846153846153,0.27019230769230773,0.2075,0.1,accepted,
val,i_1256_jpg.rf.f72f0df0feb6b10a1840913005671d4c.jpg,i_1256_jpg.rf.f72f0df0feb6b10a1840913005671d4c_box00.jpg,51,51,19,11,0,Cataract,0.5201960784313726,0.4964705882352941,0.2770588235294118,0.12862745098039216,0.1,rejected,min_resolution:19x11<16|min_area:209<256
val,i_1265_jpg.rf.9c3daca4566cfffde8f1266ad6554368.jpg,i_1265_jpg.rf.9c3daca4566cfffde8f1266ad6554368_box00.jpg,63,63,22,20,0,Cataract,0.4471428571428572,0.5050793650793651,0.26285714285714284,0.24333333333333335,0.1,accepted,
val,i_126_jpg.rf.81c249f3c4c5840d3c08c603b97158ca.jpg,i_126_jpg.rf.81c249f3c4c5840d3c08c603b97158ca_box00.jpg,133,140,55,47,0,Cataract,0.4891729323308271,0.4826428571428571,0.33789473684210525,0.27035714285714285,0.1,accepted,
val,i_1272_jpg.rf.fed34cbf2938e66d3b103d3de96eaa27.jpg,i_1272_jpg.rf.fed34cbf2938e66d3b103d3de96eaa27_box00.jpg,59,59,18,18,0,Cataract,0.7110169491525424,0.5316949152542373,0.22779661016949151,0.22220338983050847,0.1,accepted,
val,i_1275_jpg.rf.c026a8b1e5f04ed5930512891dd42a06.jpg,i_1275_jpg.rf.c026a8b1e5f04ed5930512891dd42a06_box00.jpg,53,53,20,18,0,Cataract,0.4481132075471698,0.4884905660377359,0.28830188679245283,0.23641509433962263,0.1,accepted,
val,i_1277_jpg.rf.dcf7402aeb64de0b707471d92a5e0449.jpg,i_1277_jpg.rf.dcf7402aeb64de0b707471d92a5e0449_box00.jpg,60,60,23,17,0,Cataract,0.5625,0.5141666666666667,0.29683333333333334,0.2036666666666667,0.1,accepted,
val,i_1278_jpg.rf.13c213968ccb79e3d1d600f1637be9cb.jpg,i_1278_jpg.rf.13c213968ccb79e3d1d600f1637be9cb_box00.jpg,55,55,22,17,0,Cataract,0.558,0.5430909090909091,0.3056363636363636,0.2169090909090909,0.1,accepted,
val,i_1298_jpg.rf.8880455e23e0e1093912e3edec50b347.jpg,i_1298_jpg.rf.8880455e23e0e1093912e3edec50b347_box00.jpg,51,51,23,18,0,Cataract,0.6039215686274509,0.5235294117647059,0.3503921568627451,0.2558823529411765,0.1,accepted,
val,i_1299_jpg.rf.fbbd975b6ab1936db7fb7d81faaa0b85.jpg,i_1299_jpg.rf.fbbd975b6ab1936db7fb7d81faaa0b85_box00.jpg,52,52,21,19,0,Cataract,0.5617307692307693,0.5075000000000001,0.3126923076923077,0.2544230769230769,0.1,accepted,
val,i_12_jpg.rf.63af522ab62569ecf43fad928d0224e7.jpg,i_12_jpg.rf.63af522ab62569ecf43fad928d0224e7_box00.jpg,416,341,137,93,0,Cataract,0.5182932692307692,0.5085630498533724,0.2717067307692308,0.22624633431085045,0.1,accepted,
val,i_1300_jpg.rf.a2cd4497abb87f77c05bfdccd33adc36.jpg,i_1300_jpg.rf.a2cd4497abb87f77c05bfdccd33adc36_box00.jpg,44,44,15,14,0,Cataract,0.5338636363636363,0.49477272727272725,0.22113636363636366,0.21477272727272725,0.1,rejected,min_resolution:15x14<16|min_area:210<256
val,i_1303_jpg.rf.d794012bebe6af19034216db6e304c69.jpg,i_1303_jpg.rf.d794012bebe6af19034216db6e304c69_box00.jpg,64,64,24,20,0,Cataract,0.57515625,0.51234375,0.2959375,0.23140625,0.1,accepted,
val,i_1305_jpg.rf.a48bb24aa0de152e07bf59995931c00e.jpg,i_1305_jpg.rf.a48bb24aa0de152e07bf59995931c00e_box00.jpg,45,45,17,13,0,Cataract,0.5455555555555556,0.5239999999999999,0.2648888888888889,0.18866666666666668,0.1,rejected,min_resolution:17x13<16|min_area:221<256
val,i_1310_jpg.rf.61fade6f0c56ac6143020f6eda4ffca6.jpg,i_1310_jpg.rf.61fade6f0c56ac6143020f6eda4ffca6_box00.jpg,50,50,22,17,0,Cataract,0.5770000000000001,0.5162,0.34380000000000005,0.23600000000000002,0.1,accepted,
val,i_1311_jpg.rf.4a40a3794788135284d6fc898028f6fd.jpg,i_1311_jpg.rf.4a40a3794788135284d6fc898028f6fd_box00.jpg,53,53,20,15,0,Cataract,0.530188679245283,0.48452830188679247,0.28471698113207544,0.18132075471698111,0.1,rejected,min_resolution:20x15<16
val,i_1313_jpg.rf.cb6dfea220e61796d8e0b525fb930ed7.jpg,i_1313_jpg.rf.cb6dfea220e61796d8e0b525fb930ed7_box00.jpg,55,55,22,18,0,Cataract,0.5667272727272727,0.4894545454545455,0.316,0.25163636363636366,0.1,accepted,
val,i_131_jpg.rf.f1bb635d7bfc1800c09544c3b6f10d1a.jpg,i_131_jpg.rf.f1bb635d7bfc1800c09544c3b6f10d1a_box00.jpg,324,258,198,164,0,Cataract,0.48592592592592593,0.4145736434108527,0.5068518518518519,0.5276744186046511,0.1,accepted,
val,i_1324_jpg.rf.d73b11c8e3973bafacf0dd7fc8ca13d5.jpg,i_1324_jpg.rf.d73b11c8e3973bafacf0dd7fc8ca13d5_box00.jpg,59,59,20,14,0,Cataract,0.5240677966101696,0.5305084745762711,0.25728813559322034,0.15169491525423728,0.1,rejected,min_resolution:20x14<16
val,i_1325_jpg.rf.19838ecf60bbc55f8b502b60b95bd9d3.jpg,i_1325_jpg.rf.19838ecf60bbc55f8b502b60b95bd9d3_box00.jpg,59,59,22,17,0,Cataract,0.5249152542372881,0.5005084745762712,0.2972881355932203,0.19779661016949152,0.1,accepted,
val,i_1331_jpg.rf.661ea36ed5ef069e4cc2fe549a50650c.jpg,i_1331_jpg.rf.661ea36ed5ef069e4cc2fe549a50650c_box00.jpg,55,55,21,16,0,Cataract,0.5570909090909091,0.5114545454545454,0.29345454545454547,0.20054545454545453,0.1,accepted,
val,i_133_jpg.rf.e87f45cde29a8e76cbfc9b8390ed0b76.jpg,i_133_jpg.rf.e87f45cde29a8e76cbfc9b8390ed0b76_box00.jpg,417,287,226,190,0,Cataract,0.5776978417266188,0.4228571428571429,0.4507194244604316,0.5491289198606272,0.1,accepted,
val,i_1343_jpg.rf.bb4f60f76fb0f11a5e4a1d9fdc43c5ea.jpg,i_1343_jpg.rf.bb4f60f76fb0f11a5e4a1d9fdc43c5ea_box00.jpg,52,52,18,17,0,Cataract,0.48173076923076924,0.5303846153846153,0.26153846153846155,0.22230769230769232,0.1,accepted,
val,i_1356_jpg.rf.bb7cb0fb8e6b6b45b1d943314c18298f.jpg,i_1356_jpg.rf.bb7cb0fb8e6b6b45b1d943314c18298f_box00.jpg,53,53,22,19,0,Cataract,0.6003773584905661,0.4945283018867925,0.3109433962264151,0.26773584905660375,0.1,accepted,
val,i_135_jpg.rf.2f45a5f6f6482d5d125cede3401b1065.jpg,i_135_jpg.rf.2f45a5f6f6482d5d125cede3401b1065_box00.jpg,270,204,117,79,0,Cataract,0.44185185185185183,0.49563725490196076,0.35737037037037034,0.31872549019607843,0.1,accepted,
val,i_1364_jpg.rf.731415b6cb4d4c254636e34a1f9ef454.jpg,i_1364_jpg.rf.731415b6cb4d4c254636e34a1f9ef454_box00.jpg,51,51,20,16,0,Cataract,0.5094117647058823,0.5288235294117647,0.2919607843137255,0.2245098039215686,0.1,accepted,
val,i_1369_jpg.rf.ba9deeffd8aef584b47d2dbd941f340f.jpg,i_1369_jpg.rf.ba9deeffd8aef584b47d2dbd941f340f_box00.jpg,54,54,18,15,0,Cataract,0.44129629629629624,0.4524074074074074,0.24611111111111109,0.18296296296296297,0.1,rejected,min_resolution:18x15<16
val,i_1372_jpg.rf.a75af158d7e7c7afb5fca7d8dbe21944.jpg,i_1372_jpg.rf.a75af158d7e7c7afb5fca7d8dbe21944_box00.jpg,53,53,19,16,0,Cataract,0.5388679245283019,0.49207547169811316,0.27075471698113207,0.21547169811320754,0.1,accepted,
val,i_1375_jpg.rf.067e08f9f44cba00518dcf1046eff3ce.jpg,i_1375_jpg.rf.067e08f9f44cba00518dcf1046eff3ce_box00.jpg,58,58,24,17,0,Cataract,0.5241379310344827,0.49224137931034484,0.32741379310344826,0.22,0.1,accepted,
val,i_1376_jpg.rf.45e76e3f983ab59359b95349c6401728.jpg,i_1376_jpg.rf.45e76e3f983ab59359b95349c6401728_box00.jpg,67,67,26,20,0,Cataract,0.5559701492537313,0.47805970149253735,0.3055223880597015,0.2317910447761194,0.1,accepted,
val,i_137_jpg.rf.74753efc7f478f3edb0410d4fc5eade3.jpg,i_137_jpg.rf.74753efc7f478f3edb0410d4fc5eade3_box00.jpg,173,144,52,44,0,Cataract,0.6308670520231214,0.5622916666666666,0.24693641618497109,0.24833333333333332,0.1,accepted,
val,i_1380_jpg.rf.225acd2f14030976c0aa3644b2f3e225.jpg,i_1380_jpg.rf.225acd2f14030976c0aa3644b2f3e225_box00.jpg,54,54,21,19,0,Cataract,0.582037037037037,0.5085185185185185,0.28777777777777774,0.2587037037037037,0.1,accepted,
val,i_1384_jpg.rf.7157f9aa711902d55fbe0fd3f04536fc.jpg,i_1384_jpg.rf.7157f9aa711902d55fbe0fd3f04536fc_box00.jpg,55,55,20,16,0,Cataract,0.5116363636363637,0.5449090909090909,0.2598181818181818,0.21000000000000002,0.1,accepted,
val,i_1389_jpg.rf.073290f5ebebf0d3f2300cd0b517911f.jpg,i_1389_jpg.rf.073290f5ebebf0d3f2300cd0b517911f_box00.jpg,63,63,24,20,0,Cataract,0.566031746031746,0.49253968253968256,0.3026984126984127,0.2234920634920635,0.1,accepted,
val,i_138_jpg.rf.37a35702cef9b1d532884e85962acd11.jpg,i_138_jpg.rf.37a35702cef9b1d532884e85962acd11_box00.jpg,163,172,47,35,0,Cataract,0.5010429447852761,0.4530232558139535,0.23239263803680985,0.16430232558139535,0.1,accepted,
val,i_1396_jpg.rf.f6b4e72af95bab9756e74b1fbf43db71.jpg,i_1396_jpg.rf.f6b4e72af95bab9756e74b1fbf43db71_box00.jpg,56,56,23,19,0,Cataract,0.5392857142857143,0.5276785714285714,0.3169642857142857,0.23428571428571426,0.1,accepted,
val,i_1399_jpg.rf.a17153063062e7869413e8dcdc62e27c.jpg,i_1399_jpg.rf.a17153063062e7869413e8dcdc62e27c_box00.jpg,75,75,22,16,0,Cataract,0.522,0.5584,0.22826666666666667,0.13733333333333334,0.1,accepted,
val,i_1402_jpg.rf.858fbe292d7927f5170964aac4caa873.jpg,i_1402_jpg.rf.858fbe292d7927f5170964aac4caa873_box00.jpg,63,63,20,18,0,Cataract,0.6634920634920635,0.5203174603174603,0.23936507936507936,0.20603174603174604,0.1,accepted,
val,i_1403_jpg.rf.8f5c6812375e61cb08f5e6d2e4422ddb.jpg,i_1403_jpg.rf.8f5c6812375e61cb08f5e6d2e4422ddb_box00.jpg,58,58,20,19,0,Cataract,0.48724137931034484,0.5096551724137931,0.25862068965517243,0.23396551724137932,0.1,accepted,
val,i_1417_jpg.rf.edbf4135edb2911c7b975a03256fc212.jpg,i_1417_jpg.rf.edbf4135edb2911c7b975a03256fc212_box00.jpg,53,53,20,16,0,Cataract,0.5232075471698113,0.53,0.28132075471698115,0.219811320754717,0.1,accepted,
val,i_1418_jpg.rf.3962f48f98022e059a61f834dcae91f2.jpg,i_1418_jpg.rf.3962f48f98022e059a61f834dcae91f2_box00.jpg,57,57,19,15,0,Cataract,0.628421052631579,0.5152631578947369,0.24087719298245613,0.16456140350877194,0.1,rejected,min_resolution:19x15<16
val,i_1422_jpg.rf.b0d3a4241ac1fd5f5742062192c40715.jpg,i_1422_jpg.rf.b0d3a4241ac1fd5f5742062192c40715_box00.jpg,47,47,19,17,0,Cataract,0.563404255319149,0.522127659574468,0.2968085106382979,0.23872340425531915,0.1,accepted,
val,i_1427_jpg.rf.d84afc593f00bf0c7b174c2b8afb5dbc.jpg,i_1427_jpg.rf.d84afc593f00bf0c7b174c2b8afb5dbc_box00.jpg,53,53,23,21,0,Cataract,0.5135849056603773,0.4981132075471698,0.3458490566037736,0.29754716981132073,0.1,accepted,
val,i_1428_jpg.rf.613daaa3d86085541ea194fa36ff6bb8.jpg,i_1428_jpg.rf.613daaa3d86085541ea194fa36ff6bb8_box00.jpg,55,55,20,18,0,Cataract,0.5605454545454546,0.4894545454545455,0.2796363636363636,0.24127272727272728,0.1,accepted,
val,i_1435_jpg.rf.a09df60f84830823924e7e73af038353.jpg,i_1435_jpg.rf.a09df60f84830823924e7e73af038353_box00.jpg,63,63,22,15,0,Cataract,0.5876190476190477,0.4842857142857143,0.26968253968253963,0.17047619047619048,0.1,rejected,min_resolution:22x15<16
val,i_1441_jpg.rf.b5fa2e51de79a7be60c72121167dc4db.jpg,i_1441_jpg.rf.b5fa2e51de79a7be60c72121167dc4db_box00.jpg,45,45,21,14,0,Cataract,0.6431111111111112,0.48777777777777775,0.35555555555555557,0.1948888888888889,0.1,rejected,min_resolution:21x14<16
val,i_1444_jpg.rf.97ac18cb2cc7d0a91ec0c8073cbf5371.jpg,i_1444_jpg.rf.97ac18cb2cc7d0a91ec0c8073cbf5371_box00.jpg,64,64,23,20,0,Cataract,0.586875,0.52453125,0.2934375,0.23484375,0.1,accepted,
val,i_1447_jpg.rf.8f359784e2d924356ac78bfac0465c9d.jpg,i_1447_jpg.rf.8f359784e2d924356ac78bfac0465c9d_box00.jpg,54,54,24,17,0,Cataract,0.5903703703703703,0.5137037037037037,0.3512962962962963,0.2274074074074074,0.1,accepted,
val,i_144_jpg.rf.2b4b836f27c046147c65580818f5f653.jpg,i_144_jpg.rf.2b4b836f27c046147c65580818f5f653_box00.jpg,263,176,88,72,0,Cataract,0.5282889733840304,0.4728977272727273,0.27536121673003805,0.33454545454545453,0.1,accepted,
val,i_1450_jpg.rf.b9028a58255a1e0798b8ee73fb56537e.jpg,i_1450_jpg.rf.b9028a58255a1e0798b8ee73fb56537e_box00.jpg,62,62,23,21,0,Cataract,0.5406451612903226,0.5088709677419355,0.30096774193548387,0.24596774193548387,0.1,accepted,
val,i_1451_jpg.rf.d17a54ef9f8a3646683a12ed4915158b.jpg,i_1451_jpg.rf.d17a54ef9f8a3646683a12ed4915158b_box00.jpg,64,64,22,21,0,Cataract,0.4834375,0.55328125,0.274375,0.24015625,0.1,accepted,
val,i_1453_jpg.rf.7192eed85b4594bc070c43bc4456a8f4.jpg,i_1453_jpg.rf.7192eed85b4594bc070c43bc4456a8f4_box00.jpg,61,61,20,16,0,Cataract,0.48918032786885246,0.4481967213114754,0.24459016393442623,0.17655737704918031,0.1,accepted,
val,i_1455_jpg.rf.529099d432a8c7643714a58be481616e.jpg,i_1455_jpg.rf.529099d432a8c7643714a58be481616e_box00.jpg,77,77,23,16,0,Cataract,0.5645454545454546,0.5149350649350649,0.24064935064935067,0.14506493506493506,0.1,accepted,
val,i_146_jpg.rf.75fc4b8d2d90d5db2b4b201425ad056f.jpg,i_146_jpg.rf.75fc4b8d2d90d5db2b4b201425ad056f_box00.jpg,221,196,68,60,0,Cataract,0.49357466063348415,0.5474489795918367,0.25565610859728505,0.25137755102040815,0.1,accepted,
val,i_1492_jpg.rf.46e60a9942afd17685f5e5c75769bbef.jpg,i_1492_jpg.rf.46e60a9942afd17685f5e5c75769bbef_box00.jpg,56,56,22,16,0,Cataract,0.5194642857142857,0.4825,0.30375,0.2017857142857143,0.1,accepted,
val,i_1493_jpg.rf.3c0a8ecafd59878056b44489df2b1e91.jpg,i_1493_jpg.rf.3c0a8ecafd59878056b44489df2b1e91_box00.jpg,46,46,20,16,0,Cataract,0.43999999999999995,0.45869565217391306,0.3352173913043478,0.25021739130434784,0.1,accepted,
val,i_1494_jpg.rf.2f275ad29ee8b9a0d185df89c92ad030.jpg,i_1494_jpg.rf.2f275ad29ee8b9a0d185df89c92ad030_box00.jpg,57,57,21,17,0,Cataract,0.5826315789473684,0.5240350877192983,0.28017543859649124,0.21350877192982456,0.1,accepted,
val,i_1498_jpg.rf.82af0a323a785a0e90b7597f834ab854.jpg,i_1498_jpg.rf.82af0a323a785a0e90b7597f834ab854_box00.jpg,49,49,24,18,0,Cataract,0.4775510204081632,0.5487755102040817,0.3916326530612245,0.27959183673469384,0.1,accepted,
val,i_149_jpg.rf.5ad71df31cbbeeb9f2f2749d469ab7eb.jpg,i_149_jpg.rf.5ad71df31cbbeeb9f2f2749d469ab7eb_box00.jpg,193,174,189,169,0,Cataract,0.4879274611398964,0.49798850574712644,0.8156476683937823,0.8043678160919541,0.1,accepted,
val,i_1503_jpg.rf.54e702c54ea17cb1e862bca08f39dc5c.jpg,i_1503_jpg.rf.54e702c54ea17cb1e862bca08f39dc5c_box00.jpg,53,53,20,15,0,Cataract,0.5022641509433963,0.4762264150943396,0.28132075471698115,0.19094339622641507,0.1,rejected,min_resolution:20x15<16
val,i_1509_jpg.rf.4eca6cdcf256490ab984715dea553d7a.jpg,i_1509_jpg.rf.4eca6cdcf256490ab984715dea553d7a_box00.jpg,63,63,25,20,0,Cataract,0.49,0.5371428571428571,0.3192063492063492,0.24507936507936506,0.1,accepted,
val,i_1512_jpg.rf.76bf9b394d73e4c32306dadeeba9ed7a.jpg,i_1512_jpg.rf.76bf9b394d73e4c32306dadeeba9ed7a_box00.jpg,60,60,24,20,0,Cataract,0.5191666666666667,0.5145000000000001,0.3141666666666667,0.24100000000000002,0.1,accepted,
val,i_1513_jpg.rf.6b5babf3ac79f5f742e616c481e2cd24.jpg,i_1513_jpg.rf.6b5babf3ac79f5f742e616c481e2cd24_box00.jpg,51,51,21,16,0,Cataract,0.5437254901960784,0.5480392156862745,0.3137254901960784,0.20705882352941177,0.1,accepted,
val,i_1517_jpg.rf.a1274d003b8bf1114365eb2a9cf23700.jpg,i_1517_jpg.rf.a1274d003b8bf1114365eb2a9cf23700_box00.jpg,51,51,22,17,0,Cataract,0.5633333333333334,0.48823529411764705,0.32686274509803925,0.23235294117647057,0.1,accepted,
val,i_1518_jpg.rf.1c917e3caae16c9b8b38981790c2dfb0.jpg,i_1518_jpg.rf.1c917e3caae16c9b8b38981790c2dfb0_box00.jpg,59,59,25,20,0,Cataract,0.6057627118644068,0.524406779661017,0.3303389830508474,0.2647457627118644,0.1,accepted,
val,i_1534_jpg.rf.fe50db8650a03c4c0efb245462bacad9.jpg,i_1534_jpg.rf.fe50db8650a03c4c0efb245462bacad9_box00.jpg,61,61,21,16,0,Cataract,0.5303278688524591,0.48852459016393446,0.2732786885245902,0.1722950819672131,0.1,accepted,
val,i_1539_jpg.rf.42ffb73074ffeff524b15c877af8ad24.jpg,i_1539_jpg.rf.42ffb73074ffeff524b15c877af8ad24_box00.jpg,51,51,22,18,0,Cataract,0.5533333333333333,0.506078431372549,0.33294117647058824,0.2627450980392157,0.1,accepted,
val,i_1540_jpg.rf.d9ef8036ae7278fed587538d631ce1cf.jpg,i_1540_jpg.rf.d9ef8036ae7278fed587538d631ce1cf_box00.jpg,54,54,18,18,0,Cataract,0.5168518518518519,0.5411111111111111,0.2512962962962963,0.24574074074074073,0.1,accepted,
val,i_1552_jpg.rf.00e6104decbe51ca855517cc086ed9a5.jpg,i_1552_jpg.rf.00e6104decbe51ca855517cc086ed9a5_box00.jpg,52,52,20,16,0,Cataract,0.6180769230769231,0.4930769230769231,0.2798076923076923,0.21019230769230768,0.1,accepted,
val,i_155_jpg.rf.cbf9c2f45b1f7eb13c97c87f50991683.jpg,i_155_jpg.rf.cbf9c2f45b1f7eb13c97c87f50991683_box00.jpg,250,188,101,84,0,Cataract,0.55432,0.4998404255319149,0.33268000000000003,0.3649468085106383,0.1,accepted,
val,i_1561_jpg.rf.441d892d7c162d24293f886d2995a9be.jpg,i_1561_jpg.rf.441d892d7c162d24293f886d2995a9be_box00.jpg,51,51,23,20,0,Cataract,0.4266666666666667,0.5309803921568627,0.3564705882352941,0.2864705882352941,0.1,accepted,
val,i_1566_jpg.rf.9e81f8912c0338c67ba11d966db37dd2.jpg,i_1566_jpg.rf.9e81f8912c0338c67ba11d966db37dd2_box00.jpg,63,63,22,17,0,Cataract,0.5222222222222223,0.5015873015873016,0.27936507936507937,0.19476190476190475,0.1,accepted,
val,i_1575_jpg.rf.775a9e352b578bc5cd9561e2946ee76a.jpg,i_1575_jpg.rf.775a9e352b578bc5cd9561e2946ee76a_box00.jpg,69,69,25,23,0,Cataract,0.5857971014492754,0.5127536231884058,0.29159420289855076,0.25753623188405794,0.1,accepted,
val,i_1576_jpg.rf.dadca03884fdd75ca4bb83d83448516d.jpg,i_1576_jpg.rf.dadca03884fdd75ca4bb83d83448516d_box00.jpg,47,47,22,18,0,Cataract,0.5919148936170213,0.505531914893617,0.3485106382978723,0.2825531914893617,0.1,accepted,
val,i_1580_jpg.rf.a0a073e12c68e6f6d101123b38ffc6b5.jpg,i_1580_jpg.rf.a0a073e12c68e6f6d101123b38ffc6b5_box00.jpg,50,50,22,19,0,Cataract,0.5142,0.5544,0.33759999999999996,0.281,0.1,accepted,
val,i_1591_jpg.rf.a6e034316fba3d998c02631daa730ac6.jpg,i_1591_jpg.rf.a6e034316fba3d998c02631daa730ac6_box00.jpg,59,59,22,17,0,Cataract,0.5140677966101694,0.5291525423728813,0.28762711864406776,0.2064406779661017,0.1,accepted,
val,i_1594_jpg.rf.422bac5318ce36738f9ee6f39774bb70.jpg,i_1594_jpg.rf.422bac5318ce36738f9ee6f39774bb70_box00.jpg,62,62,22,18,0,Cataract,0.535483870967742,0.5022580645161291,0.28016129032258064,0.21725806451612903,0.1,accepted,
val,i_1599_jpg.rf.46bfd272ff08e7399ed534ce05d2ffe1.jpg,i_1599_jpg.rf.46bfd272ff08e7399ed534ce05d2ffe1_box00.jpg,62,62,20,21,0,Cataract,0.3438709677419355,0.5535483870967742,0.24370967741935484,0.25370967741935485,0.1,accepted,
val,i_1600_jpg.rf.fd29c86a48965aa1a824cc253fe01f2f.jpg,i_1600_jpg.rf.fd29c86a48965aa1a824cc253fe01f2f_box00.jpg,72,72,23,22,0,Cataract,0.42666666666666664,0.5431944444444444,0.24722222222222223,0.22847222222222222,0.1,accepted,
val,i_1603_jpg.rf.cc8e566c2f5a824e735b79128a75f110.jpg,i_1603_jpg.rf.cc8e566c2f5a824e735b79128a75f110_box00.jpg,60,60,15,17,0,Cataract,0.46,0.531,0.17883333333333334,0.2045,0.1,rejected,min_resolution:15x17<16|min_area:255<256
val,i_1607_jpg.rf.2d63cccb33c5ff9127d29d4917ed7988.jpg,i_1607_jpg.rf.2d63cccb33c5ff9127d29d4917ed7988_box00.jpg,79,79,27,23,0,Cataract,0.5239240506329114,0.5277215189873418,0.2725316455696203,0.23088607594936708,0.1,accepted,
val,i_160_jpg.rf.a316ff8f0d22e79ea249f825ce7d985a.jpg,i_160_jpg.rf.a316ff8f0d22e79ea249f825ce7d985a_box00.jpg,196,177,103,83,0,Cataract,0.5990816326530612,0.4881920903954802,0.43290816326530607,0.38401129943502826,0.1,accepted,
val,i_16_jpg.rf.557d64b1559e190acabf817adb5ca077.jpg,i_16_jpg.rf.557d64b1559e190acabf817adb5ca077_box00.jpg,354,207,96,55,0,Cataract,0.5089830508474577,0.4629951690821256,0.22401129943502823,0.21743961352657004,0.1,accepted,
val,i_177_jpg.rf.ac025baf622229c65cce32e4f8b3780f.jpg,i_177_jpg.rf.ac025baf622229c65cce32e4f8b3780f_box00.jpg,135,147,56,48,0,Cataract,0.42733333333333334,0.5689115646258504,0.34185185185185185,0.2674149659863946,0.1,accepted,
val,i_179_jpg.rf.510f646f599f8072e1a57971bb2a2229.jpg,i_179_jpg.rf.510f646f599f8072e1a57971bb2a2229_box00.jpg,245,191,109,77,0,Cataract,0.45987755102040817,0.4382722513089005,0.3673469387755102,0.33209424083769634,0.1,accepted,
val,i_197_jpg.rf.89917808142c62651d7c6900823e690d.jpg,i_197_jpg.rf.89917808142c62651d7c6900823e690d_box00.jpg,307,156,208,155,0,Cataract,0.4694788273615635,0.4828205128205128,0.5611400651465799,0.8510897435897437,0.1,accepted,
val,i_206_jpg.rf.dcc772e778628b2a32fff97a428f6072.jpg,i_206_jpg.rf.dcc772e778628b2a32fff97a428f6072_box00.jpg,162,104,67,54,0,Cataract,0.501604938271605,0.46375,0.33919753086419757,0.4215384615384616,0.1,accepted,
val,i_218_jpg.rf.5279a3de345b17cdb39492753b5aac7e.jpg,i_218_jpg.rf.5279a3de345b17cdb39492753b5aac7e_box00.jpg,200,110,76,54,0,Cataract,0.48664999999999997,0.5245454545454545,0.31335,0.4031818181818182,0.1,accepted,
val,i_225_jpg.rf.b66f81c0d830d129d8ebe58bd818ad64.jpg,i_225_jpg.rf.b66f81c0d830d129d8ebe58bd818ad64_box00.jpg,170,123,51,42,0,Cataract,0.4778823529411764,0.5055284552845528,0.24605882352941175,0.2767479674796748,0.1,accepted,
val,i_227_jpg.rf.ed093f121424c7fdbf632980a48b69a2.jpg,i_227_jpg.rf.ed093f121424c7fdbf632980a48b69a2_box00.jpg,259,178,83,74,0,Cataract,0.47208494208494206,0.4991011235955056,0.2632432432432433,0.34269662921348315,0.1,accepted,
val,i_229_jpg.rf.146ddb946b60ebdd5deed1a1130e009a.jpg,i_229_jpg.rf.146ddb946b60ebdd5deed1a1130e009a_box00.jpg,174,138,52,63,0,Cataract,0.3502873563218391,0.532536231884058,0.24494252873563216,0.36978260869565216,0.1,accepted,
val,i_230_jpg.rf.fa84d0563d75b05af85ef7f546ddfbbf.jpg,i_230_jpg.rf.fa84d0563d75b05af85ef7f546ddfbbf_box00.jpg,238,156,134,110,0,Cataract,0.43247899159663866,0.46865384615384614,0.46836134453781514,0.5817948717948719,0.1,accepted,
val,i_232_jpg.rf.76444640d6b296cd7a9421aac97f823a.jpg,i_232_jpg.rf.76444640d6b296cd7a9421aac97f823a_box00.jpg,190,132,71,55,0,Cataract,0.5081578947368421,0.5358333333333334,0.3048947368421053,0.33840909090909094,0.1,accepted,
val,i_233_jpg.rf.1dc58a5be20a57df66b81e3363423f5e.jpg,i_233_jpg.rf.1dc58a5be20a57df66b81e3363423f5e_box00.jpg,228,123,73,67,0,Cataract,0.42587719298245613,0.46008130081300813,0.2631578947368421,0.4516260162601626,0.1,accepted,
val,i_23_jpg.rf.50f3afb8725eca1ceaf2530bc38d7b21.jpg,i_23_jpg.rf.50f3afb8725eca1ceaf2530bc38d7b21_box00.jpg,327,249,99,91,0,Cataract,0.5280428134556574,0.4138955823293173,0.24871559633027523,0.30124497991967875,0.1,accepted,
val,i_242_jpg.rf.8100ca4f1597fd4aacaa8e93b9b267f0.jpg,i_242_jpg.rf.8100ca4f1597fd4aacaa8e93b9b267f0_box00.jpg,203,164,71,74,0,Cataract,0.489064039408867,0.46378048780487807,0.2869950738916256,0.37079268292682926,0.1,accepted,
val,i_244_jpg.rf.6e2826f6c5a4501e6b7f96e7738d7f7f.jpg,i_244_jpg.rf.6e2826f6c5a4501e6b7f96e7738d7f7f_box00.jpg,328,218,71,53,0,Cataract,0.5391768292682927,0.5107798165137615,0.17728658536585365,0.19926605504587155,0.1,accepted,
val,i_247_jpg.rf.889951af515dab0ba6897c67800a65bf.jpg,i_247_jpg.rf.889951af515dab0ba6897c67800a65bf_box00.jpg,178,188,66,43,0,Cataract,0.4203932584269663,0.5126595744680851,0.30713483146067416,0.18313829787234043,0.1,accepted,
val,i_24_jpg.rf.0b450bac53bb638bf7661b10259e3a1e.jpg,i_24_jpg.rf.0b450bac53bb638bf7661b10259e3a1e_box00.jpg,397,300,124,95,0,Cataract,0.47148614609571793,0.5489999999999999,0.2570528967254408,0.2603666666666667,0.1,accepted,
val,i_254_jpg.rf.a7b1b22080a05c520beb428333068dcd.jpg,i_254_jpg.rf.a7b1b22080a05c520beb428333068dcd_box00.jpg,268,157,117,85,0,Cataract,0.4941417910447761,0.512484076433121,0.36018656716417913,0.4446496815286624,0.1,accepted,
val,i_263_jpg.rf.72b5572aa7b9fc2ec753d3433b403967.jpg,i_263_jpg.rf.72b5572aa7b9fc2ec753d3433b403967_box00.jpg,197,183,87,59,0,Cataract,0.5059898477157361,0.4612568306010929,0.36421319796954316,0.2650273224043716,0.1,accepted,
val,i_271_jpg.rf.ac698376178a42b0298c008ddb649494.jpg,i_271_jpg.rf.ac698376178a42b0298c008ddb649494_box00.jpg,223,159,83,67,0,Cataract,0.48394618834080716,0.5121383647798743,0.3064125560538116,0.3464779874213837,0.1,accepted,
val,i_280_jpg.rf.452cf1f5d71786707c8ffd52fafc1fa7.jpg,i_280_jpg.rf.452cf1f5d71786707c8ffd52fafc1fa7_box00.jpg,324,280,117,108,0,Cataract,0.5011728395061729,0.52875,0.2968827160493827,0.31603571428571425,0.1,accepted,
val,i_286_jpg.rf.bd9a24cf62d4009fd7ab5f23114e4d8b.jpg,i_286_jpg.rf.bd9a24cf62d4009fd7ab5f23114e4d8b_box00.jpg,427,277,124,113,0,Cataract,0.4410538641686183,0.5469675090252707,0.23976580796252928,0.33924187725631766,0.1,accepted,
val,i_299_jpg.rf.300de59a110f170eecc4450fff4eedd1.jpg,i_299_jpg.rf.300de59a110f170eecc4450fff4eedd1_box00.jpg,306,199,155,151,0,Cataract,0.5641503267973856,0.5319597989949749,0.41967320261437907,0.6283417085427137,0.1,accepted,
val,i_302_jpg.rf.909fcf63ab709ec1afbe978d3665567b.jpg,i_302_jpg.rf.909fcf63ab709ec1afbe978d3665567b_box00.jpg,150,140,42,39,0,Cataract,0.5802666666666667,0.5655,0.22386666666666666,0.2245714285714286,0.1,accepted,
val,i_309_jpg.rf.45aa9c2357387c076b690f4e7b9fd807.jpg,i_309_jpg.rf.45aa9c2357387c076b690f4e7b9fd807_box00.jpg,260,159,74,67,0,Cataract,0.4679615384615385,0.55062893081761,0.23396153846153844,0.35,0.1,accepted,
val,i_315_jpg.rf.71a10fce600af89ccf8f0c8eeb1ec464.jpg,i_315_jpg.rf.71a10fce600af89ccf8f0c8eeb1ec464_box00.jpg,273,152,130,111,0,Cataract,0.5321245421245422,0.4388815789473684,0.39315018315018313,0.6023684210526316,0.1,accepted,
val,i_322_jpg.rf.e0501a1783351601c22e6c39243eb338.jpg,i_322_jpg.rf.e0501a1783351601c22e6c39243eb338_box00.jpg,147,128,48,38,0,Cataract,0.5302040816326531,0.515859375,0.27136054421768707,0.238359375,0.1,accepted,
val,i_326_jpg.rf.0fab64727a0ca1e9d9231c17a6a5f22b.jpg,i_326_jpg.rf.0fab64727a0ca1e9d9231c17a6a5f22b_box00.jpg,254,173,117,101,0,Cataract,0.4831889763779528,0.552485549132948,0.3793700787401575,0.4831791907514451,0.1,accepted,
val,i_337_jpg.rf.906f599e04003b11f541f71ece7f4bb0.jpg,i_337_jpg.rf.906f599e04003b11f541f71ece7f4bb0_box00.jpg,276,190,140,126,0,Cataract,0.5259782608695651,0.5117368421052632,0.42028985507246375,0.548,0.1,accepted,
val,i_341_jpg.rf.7a180604f7e36d551192d2bcac9648b8.jpg,i_341_jpg.rf.7a180604f7e36d551192d2bcac9648b8_box00.jpg,299,239,99,81,0,Cataract,0.46020066889632105,0.5372384937238494,0.27244147157190635,0.2777405857740586,0.1,accepted,
val,i_343_jpg.rf.f279d213638f60fe29fcc49f45069d15.jpg,i_343_jpg.rf.f279d213638f60fe29fcc49f45069d15_box00.jpg,159,145,46,34,0,Cataract,0.4656603773584906,0.48124137931034483,0.23949685534591195,0.19144827586206897,0.1,accepted,
val,i_348_jpg.rf.bfb5326ca79dd43d115d107630013453.jpg,i_348_jpg.rf.bfb5326ca79dd43d115d107630013453_box00.jpg,305,190,119,102,0,Cataract,0.44426229508196724,0.44326315789473686,0.3202295081967213,0.4426315789473684,0.1,accepted,
val,i_349_jpg.rf.b68ce2476dcfbb76fba177121943e2a5.jpg,i_349_jpg.rf.b68ce2476dcfbb76fba177121943e2a5_box00.jpg,227,224,98,91,0,Cataract,0.46211453744493397,0.5101785714285715,0.3541409691629956,0.3358035714285714,0.1,accepted,
val,i_350_jpg.rf.4c78df6694c821c874633a13f1625f93.jpg,i_350_jpg.rf.4c78df6694c821c874633a13f1625f93_box00.jpg,339,168,196,157,0,Cataract,0.4452507374631268,0.48255952380952377,0.48008849557522126,0.7736309523809524,0.1,accepted,
val,i_351_jpg.rf.4dce7838255679e9244e8d1c9ac5ac25.jpg,i_351_jpg.rf.4dce7838255679e9244e8d1c9ac5ac25_box00.jpg,245,193,64,54,0,Cataract,0.5748163265306123,0.5460621761658031,0.2163265306122449,0.22849740932642487,0.1,accepted,
val,i_352_jpg.rf.98d9bc5cbb8ad418922bff27b1296ec6.jpg,i_352_jpg.rf.98d9bc5cbb8ad418922bff27b1296ec6_box00.jpg,259,178,102,82,0,Cataract,0.5276833976833977,0.4829213483146067,0.32525096525096525,0.38185393258426964,0.1,accepted,
val,i_362_jpg.rf.1ccfd7523bd31574719b0ca581935232.jpg,i_362_jpg.rf.1ccfd7523bd31574719b0ca581935232_box00.jpg,298,208,97,82,0,Cataract,0.5052348993288591,0.4988461538461539,0.2684563758389262,0.3228365384615385,0.1,accepted,
val,i_372_jpg.rf.5015ed41716449b283ea8f25ee7eaabc.jpg,i_372_jpg.rf.5015ed41716449b283ea8f25ee7eaabc_box00.jpg,291,200,97,65,0,Cataract,0.43587628865979383,0.47085,0.27491408934707906,0.26805,0.1,accepted,
val,i_373_jpg.rf.98cdd7c01b55268ce6705b870988ad4d.jpg,i_373_jpg.rf.98cdd7c01b55268ce6705b870988ad4d_box00.jpg,474,326,184,157,0,Cataract,0.4948945147679325,0.5758895705521473,0.3217299578059072,0.39852760736196313,0.1,accepted,
val,i_375_jpg.rf.0921e17804ea0a35450fa7b45ac629c4.jpg,i_375_jpg.rf.0921e17804ea0a35450fa7b45ac629c4_box00.jpg,133,140,54,47,0,Cataract,0.5086466165413535,0.4918571428571428,0.3323308270676692,0.27299999999999996,0.1,accepted,
val,i_379_jpg.rf.e4899cd40a60ffd2e43c3aa23f0ccff8.jpg,i_379_jpg.rf.e4899cd40a60ffd2e43c3aa23f0ccff8_box00.jpg,269,137,74,52,0,Cataract,0.4691078066914498,0.592043795620438,0.22657992565055762,0.30649635036496353,0.1,accepted,
val,i_387_jpg.rf.89ab9819a5753d39488930f6217fad7c.jpg,i_387_jpg.rf.89ab9819a5753d39488930f6217fad7c_box00.jpg,248,276,248,257,0,Cataract,0.5068951612903225,0.5011231884057971,0.8736693548387097,0.7744927536231884,0.1,accepted,
val,i_392_jpg.rf.4b170adf734e086c88ec0cfdf82ea6a4.jpg,i_392_jpg.rf.4b170adf734e086c88ec0cfdf82ea6a4_box00.jpg,511,324,184,174,0,Cataract,0.4560861056751468,0.4962654320987654,0.2989823874755382,0.4455246913580247,0.1,accepted,
val,i_396_png.rf.9b5ef9d19c4a47f06512abc1d9eb38a5.jpg,i_396_png.rf.9b5ef9d19c4a47f06512abc1d9eb38a5_box00.jpg,120,80,42,37,0,Cataract,0.47741666666666666,0.50725,0.28241666666666665,0.37725,0.1,accepted,
val,i_412_png.rf.4e7120e1dfed7049727e12a6175144ea.jpg,i_412_png.rf.4e7120e1dfed7049727e12a6175144ea_box00.jpg,120,80,42,36,0,Cataract,0.5185833333333333,0.399,0.28225,0.35750000000000004,0.1,accepted,
val,i_414_png.rf.ac20e33c375d4b6b31871a17e7da4a82.jpg,i_414_png.rf.ac20e33c375d4b6b31871a17e7da4a82_box00.jpg,120,80,39,35,0,Cataract,0.5649166666666667,0.390375,0.26375,0.3505,0.1,accepted,
val,i_416_png.rf.9ee8b376c357411e7d508f73f52a9a8e.jpg,i_416_png.rf.9ee8b376c357411e7d508f73f52a9a8e_box00.jpg,120,80,38,35,0,Cataract,0.5667500000000001,0.47024999999999995,0.26333333333333336,0.3505,0.1,accepted,
val,i_418_png.rf.a07be6565bfec072fd048d91b7c8f549.jpg,i_418_png.rf.a07be6565bfec072fd048d91b7c8f549_box00.jpg,120,80,37,34,0,Cataract,0.50475,0.5353749999999999,0.24991666666666665,0.34875,0.1,accepted,
val,i_419_png.rf.b2c5ee75895bd530d7c2962ad6415b57.jpg,i_419_png.rf.b2c5ee75895bd530d7c2962ad6415b57_box00.jpg,120,80,41,36,0,Cataract,0.47408333333333336,0.46675000000000005,0.2765,0.367875,0.1,accepted,
val,i_420_png.rf.0fc08653fa356f9391877ca83018c476.jpg,i_420_png.rf.0fc08653fa356f9391877ca83018c476_box00.jpg,120,80,40,36,0,Cataract,0.5921666666666667,0.46325000000000005,0.2765,0.367875,0.1,accepted,
val,i_422_png.rf.6f6221c6ba22be9af4041daabdcfe09f.jpg,i_422_png.rf.6f6221c6ba22be9af4041daabdcfe09f_box00.jpg,120,80,43,36,0,Cataract,0.5365833333333333,0.548375,0.28808333333333336,0.364375,0.1,accepted,
val,i_423_png.rf.8b237210843ba5889df39f8ecd59aaaf.jpg,i_423_png.rf.8b237210843ba5889df39f8ecd59aaaf_box00.jpg,120,80,36,37,0,Cataract,0.59275,0.52925,0.24758333333333335,0.38175,0.1,accepted,
val,i_426_png.rf.997e06abf3c24b7a562b525e1d8cfbb0.jpg,i_426_png.rf.997e06abf3c24b7a562b525e1d8cfbb0_box00.jpg,120,80,43,34,0,Cataract,0.5296666666666667,0.477125,0.28575,0.3505,0.1,accepted,
val,i_427_png.rf.42a62b6b22c6344ba89876f04808c288.jpg,i_427_png.rf.42a62b6b22c6344ba89876f04808c288_box00.jpg,120,80,41,39,0,Cataract,0.53725,0.526625,0.2753333333333333,0.39387500000000003,0.1,accepted,
val,i_42_jpg.rf.9b348281762bf86728e5cff90b958f3e.jpg,i_42_jpg.rf.9b348281762bf86728e5cff90b958f3e_box00.jpg,299,213,154,103,0,Cataract,0.561438127090301,0.5080281690140844,0.4279598662207358,0.3987793427230047,0.1,accepted,
val,i_433_png.rf.e69811b1ec7ccdbabfa3424b039d9c7d.jpg,i_433_png.rf.e69811b1ec7ccdbabfa3424b039d9c7d_box00.jpg,120,80,41,35,0,Cataract,0.45558333333333334,0.43099999999999994,0.2765,0.34875,0.1,accepted,
val,i_435_png.rf.adf38373a4f72865be2ba9a5dfec3cb2.jpg,i_435_png.rf.adf38373a4f72865be2ba9a5dfec3cb2_box00.jpg,120,80,41,33,0,Cataract,0.4799166666666667,0.51625,0.2788333333333333,0.33137500000000003,0.1,accepted,
val,i_442_png.rf.da2fbed61c5fe83a828a2992d4c6b83e.jpg,i_442_png.rf.da2fbed61c5fe83a828a2992d4c6b83e_box00.jpg,120,80,40,39,0,Cataract,0.37866666666666665,0.49275,0.27066666666666667,0.399125,0.1,accepted,
val,i_449_png.rf.4aa162f0bffb0eb34390d9c9a28f17a2.jpg,i_449_png.rf.4aa162f0bffb0eb34390d9c9a28f17a2_box00.jpg,120,80,42,39,0,Cataract,0.5344166666666667,0.48462500000000003,0.28875,0.398125,0.1,accepted,
val,i_457_png.rf.d2d4ed6fa127e423ac88cd128f1633d2.jpg,i_457_png.rf.d2d4ed6fa127e423ac88cd128f1633d2_box00.jpg,120,80,40,33,0,Cataract,0.51475,0.36825,0.27258333333333334,0.339,0.1,accepted,
val,i_463_png.rf.2ec21b0072b4089aadede5ebea2dd9bb.jpg,i_463_png.rf.2ec21b0072b4089aadede5ebea2dd9bb_box00.jpg,120,80,38,40,0,Cataract,0.5648333333333333,0.509875,0.25808333333333333,0.40337500000000004,0.1,accepted,
val,i_465_png.rf.9e2e1285f97e0d7d7721128a702130a1.jpg,i_465_png.rf.9e2e1285f97e0d7d7721128a702130a1_box00.jpg,120,80,41,40,0,Cataract,0.47891666666666666,0.43825000000000003,0.2771666666666667,0.40075000000000005,0.1,accepted,
val,i_466_png.rf.fcc4f66931da3370134a2db1674d13fc.jpg,i_466_png.rf.fcc4f66931da3370134a2db1674d13fc_box00.jpg,120,80,39,40,0,Cataract,0.5375833333333334,0.43775000000000003,0.2685,0.40499999999999997,0.1,accepted,
val,i_468_png.rf.7b14bc877a3fad74465c374d7870f2a7.jpg,i_468_png.rf.7b14bc877a3fad74465c374d7870f2a7_box00.jpg,120,80,43,39,0,Cataract,0.4785833333333333,0.522,0.294,0.39637500000000003,0.1,accepted,
val,i_46_jpg.rf.c7a6db3738736209f4ffb938aacb78c1.jpg,i_46_jpg.rf.c7a6db3738736209f4ffb938aacb78c1_box00.jpg,252,232,60,72,0,Cataract,0.42095238095238097,0.49719827586206894,0.1929761904761905,0.25573275862068967,0.1,accepted,
val,i_489_png.rf.9bb92d85a7d09d4941c75bb5c434bc51.jpg,i_489_png.rf.9bb92d85a7d09d4941c75bb5c434bc51_box00.jpg,120,80,38,35,0,Cataract,0.6140000000000001,0.445625,0.25925,0.35812499999999997,0.1,accepted,
val,i_490_png.rf.a1ae5de0640e9a7510c41187ce6a751f.jpg,i_490_png.rf.a1ae5de0640e9a7510c41187ce6a751f_box00.jpg,120,80,36,38,0,Cataract,0.44266666666666665,0.522875,0.24766666666666665,0.38775,0.1,accepted,
val,i_495_png.rf.8d839020c5bb2664bf2c607511c9beff.jpg,i_495_png.rf.8d839020c5bb2664bf2c607511c9beff_box00.jpg,120,80,39,28,0,Cataract,0.5963333333333334,0.413375,0.26216666666666666,0.2835,0.1,accepted,
val,i_500_png.rf.1978662f6d1379971f2fcc45e0388f94.jpg,i_500_png.rf.1978662f6d1379971f2fcc45e0388f94_box00.jpg,120,80,39,35,0,Cataract,0.48725,0.49675,0.26275,0.3565,0.1,accepted,
val,i_502_png.rf.d856fc22036afef3175291f425176f7f.jpg,i_502_png.rf.d856fc22036afef3175291f425176f7f_box00.jpg,120,80,39,36,0,Cataract,0.5709166666666667,0.400875,0.26908333333333334,0.367625,0.1,accepted,
val,i_506_png.rf.84d963ed0f8f427a5468bd74f0635e3a.jpg,i_506_png.rf.84d963ed0f8f427a5468bd74f0635e3a_box00.jpg,120,80,40,36,0,Cataract,0.5399166666666667,0.48600000000000004,0.2708333333333333,0.37124999999999997,0.1,accepted,
val,i_512_png.rf.a5e55018b176d4b0ff4b60ff876ceae3.jpg,i_512_png.rf.a5e55018b176d4b0ff4b60ff876ceae3_box00.jpg,120,80,35,36,0,Cataract,0.5155833333333333,0.5002500000000001,0.2360833333333333,0.363375,0.1,accepted,
val,i_514_png.rf.87ad9621a32407f799af4c9efa18b189.jpg,i_514_png.rf.87ad9621a32407f799af4c9efa18b189_box00.jpg,120,80,41,36,0,Cataract,0.4815,0.491625,0.27891666666666665,0.366875,0.1,accepted,
val,i_518_png.rf.21cbe2ab39e0854ff06112cc45eef171.jpg,i_518_png.rf.21cbe2ab39e0854ff06112cc45eef171_box00.jpg,120,80,40,35,0,Cataract,0.5341666666666666,0.43075,0.27316666666666667,0.363375,0.1,accepted,
val,i_524_png.rf.0b0c61c192cd2995fa2060782dafd716.jpg,i_524_png.rf.0b0c61c192cd2995fa2060782dafd716_box00.jpg,120,80,42,35,0,Cataract,0.5011666666666666,0.489375,0.2881666666666666,0.35724999999999996,0.1,accepted,
val,i_540_png.rf.3b2069f5dba9dfb311f35856ce92d822.jpg,i_540_png.rf.3b2069f5dba9dfb311f35856ce92d822_box00.jpg,120,80,39,35,0,Cataract,0.44708333333333333,0.555375,0.2645,0.350375,0.1,accepted,
val,i_543_png.rf.3d264703e60a1945f62a2b02b77fc417.jpg,i_543_png.rf.3d264703e60a1945f62a2b02b77fc417_box00.jpg,120,80,39,37,0,Cataract,0.5225833333333333,0.511625,0.26158333333333333,0.3755,0.1,accepted,
val,i_545_png.rf.8cb698598209dec82d12d42382f2fb12.jpg,i_545_png.rf.8cb698598209dec82d12d42382f2fb12_box00.jpg,120,80,34,36,0,Cataract,0.5984166666666667,0.49074999999999996,0.228,0.36512500000000003,0.1,accepted,
val,i_546_png.rf.19932e5029ecf868ee61285ce721bd01.jpg,i_546_png.rf.19932e5029ecf868ee61285ce721bd01_box00.jpg,120,80,37,35,0,Cataract,0.4609166666666667,0.44125,0.24591666666666667,0.34950000000000003,0.1,accepted,
val,i_554_png.rf.0b2025e71208717276af97ca17ddae85.jpg,i_554_png.rf.0b2025e71208717276af97ca17ddae85_box00.jpg,120,80,41,35,0,Cataract,0.5700000000000001,0.50725,0.28241666666666665,0.3565,0.1,accepted,
val,i_557_png.rf.d84c23df969e15ee59e418bb337d6a12.jpg,i_557_png.rf.d84c23df969e15ee59e418bb337d6a12_box00.jpg,120,80,37,25,0,Cataract,0.5474166666666667,0.563625,0.25116666666666665,0.2505,0.1,accepted,
val,i_559_png.rf.34fddcb4cf90267d100866a7bbf9f7e8.jpg,i_559_png.rf.34fddcb4cf90267d100866a7bbf9f7e8_box00.jpg,120,80,35,29,0,Cataract,0.4661666666666667,0.6144999999999999,0.23550000000000001,0.294875,0.1,accepted,
val,i_565_png.rf.6a7a9909899ff0a4221c863a666b5e95.jpg,i_565_png.rf.6a7a9909899ff0a4221c863a666b5e95_box00.jpg,120,80,41,28,0,Cataract,0.4276666666666667,0.553625,0.2755,0.284375,0.1,accepted,
val,i_572_png.rf.37b9d1d54cc1c72aff74f7dd89fc3951.jpg,i_572_png.rf.37b9d1d54cc1c72aff74f7dd89fc3951_box00.jpg,120,80,40,30,0,Cataract,0.49133333333333334,0.62275,0.26616666666666666,0.29575,0.1,accepted,
val,i_574_png.rf.6bf25971377de4fbb02028b716b6afc3.jpg,i_574_png.rf.6bf25971377de4fbb02028b716b6afc3_box00.jpg,120,80,35,30,0,Cataract,0.4563333333333333,0.596625,0.239,0.306125,0.1,accepted,
val,i_582_png.rf.33b8a9925573e8c392f29e775e6c70b7.jpg,i_582_png.rf.33b8a9925573e8c392f29e775e6c70b7_box00.jpg,120,80,36,31,0,Cataract,0.45808333333333334,0.60575,0.24941666666666668,0.30874999999999997,0.1,accepted,
val,i_584_png.rf.4045f86889f1445d3f218d409e2194da.jpg,i_584_png.rf.4045f86889f1445d3f218d409e2194da_box00.jpg,120,80,38,31,0,Cataract,0.45916666666666667,0.61575,0.25866666666666666,0.313125,0.1,accepted,
val,i_585_png.rf.9b10a9f866719f07d33213e157e13c7d.jpg,i_585_png.rf.9b10a9f866719f07d33213e157e13c7d_box00.jpg,120,80,39,33,0,Cataract,0.5086666666666667,0.5818749999999999,0.2639166666666667,0.32875,0.1,accepted,
val,i_594_png.rf.b40ce8d3f5f8e3104b616a9ef92fcf93.jpg,i_594_png.rf.b40ce8d3f5f8e3104b616a9ef92fcf93_box00.jpg,120,80,37,29,0,Cataract,0.57175,0.552375,0.25116666666666665,0.2905,0.1,accepted,
val,i_595_png.rf.61fa45db8db21c660eeb8d7a3170c7c3.jpg,i_595_png.rf.61fa45db8db21c660eeb8d7a3170c7c3_box00.jpg,120,80,37,26,0,Cataract,0.45366666666666666,0.617,0.25116666666666665,0.258375,0.1,accepted,
val,i_605_png.rf.3cd655ec7c67d1ca3c24cbf47d2f2b32.jpg,i_605_png.rf.3cd655ec7c67d1ca3c24cbf47d2f2b32_box00.jpg,120,80,39,29,0,Cataract,0.513,0.491625,0.26216666666666666,0.293875,0.1,accepted,
val,i_608_png.rf.f32a432a92cf9991812d676b5196f171.jpg,i_608_png.rf.f32a432a92cf9991812d676b5196f171_box00.jpg,120,80,35,26,0,Cataract,0.412,0.6448750000000001,0.23033333333333333,0.26187499999999997,0.1,accepted,
val,i_615_png.rf.4ca0bfc811de47100fdc3ca8aeeb62ad.jpg,i_615_png.rf.4ca0bfc811de47100fdc3ca8aeeb62ad_box00.jpg,120,80,39,29,0,Cataract,0.489,0.5471250000000001,0.26616666666666666,0.294,0.1,accepted,
val,i_616_png.rf.fbfce99629afa814b9bf5ec8b9caceb6.jpg,i_616_png.rf.fbfce99629afa814b9bf5ec8b9caceb6_box00.jpg,120,80,40,28,0,Cataract,0.48841666666666667,0.572375,0.272,0.278375,0.1,accepted,
val,i_61_jpg.rf.4766d974105cb1692a2178e3593ca8d1.jpg,i_61_jpg.rf.4766d974105cb1692a2178e3593ca8d1_box00.jpg,464,233,168,130,0,Cataract,0.4979310344827586,0.5707725321888413,0.3008189655172414,0.4584549356223176,0.1,accepted,
val,i_622_png.rf.1eda743a96d8156269b1375274436e83.jpg,i_622_png.rf.1eda743a96d8156269b1375274436e83_box00.jpg,120,80,36,31,0,Cataract,0.5179166666666667,0.568375,0.24766666666666665,0.307,0.1,accepted,
val,i_624_png.rf.0d7cf40bea05bf132686b699c469f3e9.jpg,i_624_png.rf.0d7cf40bea05bf132686b699c469f3e9_box00.jpg,120,80,36,31,0,Cataract,0.4589166666666667,0.5715,0.24766666666666665,0.307875,0.1,accepted,
val,i_626_png.rf.ae189e6ef687996689249c8db0d26c72.jpg,i_626_png.rf.ae189e6ef687996689249c8db0d26c72_box00.jpg,120,80,38,26,0,Cataract,0.45916666666666667,0.6405000000000001,0.25175000000000003,0.263625,0.1,accepted,
val,i_627_png.rf.cb7a087b15ab38fc00dae9c989edfc21.jpg,i_627_png.rf.cb7a087b15ab38fc00dae9c989edfc21_box00.jpg,120,80,34,29,0,Cataract,0.5584166666666667,0.606625,0.2245,0.289625,0.1,accepted,
val,i_632_png.rf.c14375145a6c10b9464ca3f035a07057.jpg,i_632_png.rf.c14375145a6c10b9464ca3f035a07057_box00.jpg,120,80,35,28,0,Cataract,0.5700000000000001,0.587125,0.24075,0.28700000000000003,0.1,accepted,
val,i_63_jpg.rf.6290aab037d47fd9f54bf92760f62142.jpg,i_63_jpg.rf.6290aab037d47fd9f54bf92760f62142_box00.jpg,395,278,188,157,0,Cataract,0.5648101265822785,0.5664388489208633,0.39541772151898735,0.4682374100719424,0.1,accepted,
val,i_640_png.rf.a6ece2db0ec522f6f2d1450b7a1253c0.jpg,i_640_png.rf.a6ece2db0ec522f6f2d1450b7a1253c0_box00.jpg,120,80,45,34,0,Cataract,0.5035000000000001,0.489375,0.29975,0.346875,0.1,accepted,
val,i_641_png.rf.b2d5b0a07145a61a7e0b913bf12b9db1.jpg,i_641_png.rf.b2d5b0a07145a61a7e0b913bf12b9db1_box00.jpg,120,80,39,30,0,Cataract,0.5359166666666667,0.499875,0.2604166666666667,0.29474999999999996,0.1,accepted,
val,i_643_png.rf.d13871f3a78c51d8d53a202c993f5fd9.jpg,i_643_png.rf.d13871f3a78c51d8d53a202c993f5fd9_box00.jpg,120,80,43,34,0,Cataract,0.5353333333333333,0.49762500000000004,0.28933333333333333,0.337375,0.1,accepted,
val,i_645_png.rf.28b272ac6941fb138ab0386e017e4308.jpg,i_645_png.rf.28b272ac6941fb138ab0386e017e4308_box00.jpg,120,80,46,35,0,Cataract,0.5080833333333333,0.456875,0.31366666666666665,0.359875,0.1,accepted,
val,i_64_jpg.rf.3e527964dceeb590f6402da47f4846ea.jpg,i_64_jpg.rf.3e527964dceeb590f6402da47f4846ea_box00.jpg,402,249,175,151,0,Cataract,0.5508457711442786,0.46349397590361446,0.36208955223880596,0.5021285140562249,0.1,accepted,
val,i_653_png.rf.20b177ca2de4311aaebaa1767c969656.jpg,i_653_png.rf.20b177ca2de4311aaebaa1767c969656_box00.jpg,120,80,40,28,0,Cataract,0.5063333333333333,0.53975,0.27316666666666667,0.280875,0.1,accepted,
val,i_661_png.rf.d7a9c12e4f4da587922e5cc09ea40744.jpg,i_661_png.rf.d7a9c12e4f4da587922e5cc09ea40744_box00.jpg,120,80,42,32,0,Cataract,0.4750833333333333,0.51675,0.28008333333333335,0.32,0.1,accepted,
val,i_665_png.rf.1649e40bdc888097dbb28a12edd94964.jpg,i_665_png.rf.1649e40bdc888097dbb28a12edd94964_box00.jpg,120,80,39,31,0,Cataract,0.5095833333333333,0.50675,0.26216666666666666,0.30874999999999997,0.1,accepted,
val,i_667_png.rf.f303f2775cae108baa27a143aa3b80ca.jpg,i_667_png.rf.f303f2775cae108baa27a143aa3b80ca_box00.jpg,120,80,37,31,0,Cataract,0.47775,0.45862499999999995,0.2540833333333333,0.31124999999999997,0.1,accepted,
val,i_673_png.rf.a012495583b2e25a270462e3e0dcb628.jpg,i_673_png.rf.a012495583b2e25a270462e3e0dcb628_box00.jpg,120,80,42,31,0,Cataract,0.47391666666666665,0.46725000000000005,0.28475,0.31124999999999997,0.1,accepted,
val,i_679_png.rf.37d78a7e9cfb404b46701697b44ecbec.jpg,i_679_png.rf.37d78a7e9cfb404b46701697b44ecbec_box00.jpg,120,80,39,28,0,Cataract,0.43200000000000005,0.43775000000000003,0.26216666666666666,0.290375,0.1,accepted,
val,i_683_png.rf.ca8b46d4b11c5d5e2d61437753cd261e.jpg,i_683_png.rf.ca8b46d4b11c5d5e2d61437753cd261e_box00.jpg,120,80,46,31,0,Cataract,0.5075,0.45512499999999995,0.31016666666666665,0.30775,0.1,accepted,
val,i_685_png.rf.70b8464e3d5c427ad18f3c2f226a71a6.jpg,i_685_png.rf.70b8464e3d5c427ad18f3c2f226a71a6_box00.jpg,120,80,45,28,0,Cataract,0.5676666666666667,0.491625,0.3055833333333334,0.2835,0.1,accepted,
val,i_687_png.rf.ecf693a4de06dff00f9f9ec70b02de30.jpg,i_687_png.rf.ecf693a4de06dff00f9f9ec70b02de30_box00.jpg,120,80,36,30,0,Cataract,0.5086666666666667,0.5055,0.24308333333333335,0.300875,0.1,accepted,
val,i_694_png.rf.a3e8bbcf2d73122a123dc7eb3e116a92.jpg,i_694_png.rf.a3e8bbcf2d73122a123dc7eb3e116a92_box00.jpg,120,80,43,31,0,Cataract,0.47400000000000003,0.46637500000000004,0.2916666666666667,0.306125,0.1,accepted,
val,i_699_png.rf.626dcb175fb0dde62cabdc956b20dc76.jpg,i_699_png.rf.626dcb175fb0dde62cabdc956b20dc76_box00.jpg,120,80,39,28,0,Cataract,0.53125,0.43862500000000004,0.2673333333333333,0.28525,0.1,accepted,
val,i_705_png.rf.4019773566aa8b1d916ceeb94bc434d8.jpg,i_705_png.rf.4019773566aa8b1d916ceeb94bc434d8_box00.jpg,120,80,35,32,0,Cataract,0.5086666666666667,0.495875,0.2360833333333333,0.3235,0.1,accepted,
val,i_706_png.rf.3a9508c2342455afc9487f1295467041.jpg,i_706_png.rf.3a9508c2342455afc9487f1295467041_box00.jpg,120,80,38,31,0,Cataract,0.4473333333333333,0.460375,0.25925,0.31475,0.1,accepted,
val,i_70_jpg.rf.f89553d2a7903aaed2c67889e07ec1d3.jpg,i_70_jpg.rf.f89553d2a7903aaed2c67889e07ec1d3_box00.jpg,300,251,123,78,0,Cataract,0.5562999999999999,0.4854183266932271,0.33926666666666666,0.2554980079681275,0.1,accepted,
val,i_717_png.rf.8183b6691c3398ff4be4c7e8425b1660.jpg,i_717_png.rf.8183b6691c3398ff4be4c7e8425b1660_box00.jpg,120,80,38,34,0,Cataract,0.5005833333333334,0.473375,0.25925,0.35125,0.1,accepted,
val,i_720_png.rf.16f79eb00f75af6edfc2d51711d5e3b9.jpg,i_720_png.rf.16f79eb00f75af6edfc2d51711d5e3b9_box00.jpg,120,80,40,30,0,Cataract,0.5359166666666667,0.489375,0.26966666666666667,0.30525,0.1,accepted,
val,i_721_png.rf.bae69cbd5ffa93c8fcfccca144317efa.jpg,i_721_png.rf.bae69cbd5ffa93c8fcfccca144317efa_box00.jpg,120,80,39,33,0,Cataract,0.48058333333333336,0.43949999999999995,0.2598333333333333,0.335625,0.1,accepted,
val,i_724_png.rf.5ccf18d272d799ab5857cb9590f94f14.jpg,i_724_png.rf.5ccf18d272d799ab5857cb9590f94f14_box00.jpg,120,80,42,36,0,Cataract,0.5066666666666666,0.48987499999999995,0.2841666666666667,0.363375,0.1,accepted,
val,i_725_png.rf.bea982185ce42e7250c1a5517f9d9edd.jpg,i_725_png.rf.bea982185ce42e7250c1a5517f9d9edd_box00.jpg,120,80,38,32,0,Cataract,0.4155,0.45425000000000004,0.25808333333333333,0.323375,0.1,accepted,
val,i_729_png.rf.ae110d5e1deee0abf7b239a2ee2aa61d.jpg,i_729_png.rf.ae110d5e1deee0abf7b239a2ee2aa61d_box00.jpg,120,80,42,31,0,Cataract,0.5161666666666667,0.5081249999999999,0.2859166666666667,0.306125,0.1,accepted,
val,i_733_png.rf.ff8a0dd8e4182c9376b15f2ad9d0434a.jpg,i_733_png.rf.ff8a0dd8e4182c9376b15f2ad9d0434a_box00.jpg,120,80,31,30,0,Cataract,0.5379166666666666,0.501125,0.20775,0.299125,0.1,accepted,
val,i_735_png.rf.d44e340f8315fc03a37b51eb51506150.jpg,i_735_png.rf.d44e340f8315fc03a37b51eb51506150_box00.jpg,120,80,37,30,0,Cataract,0.4829166666666667,0.491125,0.2505833333333333,0.29825,0.1,accepted,
val,i_737_png.rf.8a1a5b4644699cfc782c2349384014f8.jpg,i_737_png.rf.8a1a5b4644699cfc782c2349384014f8_box00.jpg,120,80,37,34,0,Cataract,0.44558333333333333,0.459875,0.2465,0.343375,0.1,accepted,
val,i_744_png.rf.0d6353bfc3f04e55c42105b18e9fbdf9.jpg,i_744_png.rf.0d6353bfc3f04e55c42105b18e9fbdf9_box00.jpg,120,80,37,31,0,Cataract,0.42075,0.420875,0.25466666666666665,0.313875,0.1,accepted,
val,i_746_png.rf.d1e0c6f95ef53a91c021c1bdff861263.jpg,i_746_png.rf.d1e0c6f95ef53a91c021c1bdff861263_box00.jpg,120,80,35,31,0,Cataract,0.5364166666666667,0.458125,0.2360833333333333,0.312125,0.1,accepted,
val,i_747_png.rf.195fa546bb53ad9e8b55b26143025edd.jpg,i_747_png.rf.195fa546bb53ad9e8b55b26143025edd_box00.jpg,120,80,37,29,0,Cataract,0.4791666666666667,0.48462500000000003,0.2535,0.2905,0.1,accepted,
val,i_750_png.rf.5f0f6fa3dd9f618729f6bd9831e39e9c.jpg,i_750_png.rf.5f0f6fa3dd9f618729f6bd9831e39e9c_box00.jpg,120,80,35,31,0,Cataract,0.5593333333333333,0.45862499999999995,0.23666666666666666,0.30775,0.1,accepted,
val,i_751_png.rf.5ef3cbf7cae7e116c5395b8023778cd1.jpg,i_751_png.rf.5ef3cbf7cae7e116c5395b8023778cd1_box00.jpg,120,80,41,34,0,Cataract,0.5101666666666667,0.449875,0.2771666666666667,0.335625,0.1,accepted,
val,i_754_png.rf.69fc2ba6b8a0798046b23afaea654e1d.jpg,i_754_png.rf.69fc2ba6b8a0798046b23afaea654e1d_box00.jpg,120,80,38,29,0,Cataract,0.5390833333333334,0.442125,0.25866666666666666,0.299125,0.1,accepted,
val,i_755_png.rf.515b20f6eaa994a23964fc832df1e20b.jpg,i_755_png.rf.515b20f6eaa994a23964fc832df1e20b_box00.jpg,120,80,38,32,0,Cataract,0.50175,0.491625,0.2569166666666666,0.325125,0.1,accepted,
val,i_758_png.rf.45e29cb8502f6d959c5bfdd18e720e16.jpg,i_758_png.rf.45e29cb8502f6d959c5bfdd18e720e16_box00.jpg,120,80,37,29,0,Cataract,0.44416666666666665,0.479875,0.24941666666666668,0.286125,0.1,accepted,
val,i_764_png.rf.4f90d60f232e3b3c716c82faac24c985.jpg,i_764_png.rf.4f90d60f232e3b3c716c82faac24c985_box00.jpg,120,80,38,30,0,Cataract,0.49391666666666667,0.548875,0.2540833333333333,0.294,0.1,accepted,
val,i_766_png.rf.cd501a296c3bbb8d9dff413cce99d976.jpg,i_766_png.rf.cd501a296c3bbb8d9dff413cce99d976_box00.jpg,120,80,36,30,0,Cataract,0.5755,0.48674999999999996,0.24133333333333334,0.31037499999999996,0.1,accepted,
val,i_76_jpg.rf.157193ac9b5b40e6a3f7f68298b19d12.jpg,i_76_jpg.rf.157193ac9b5b40e6a3f7f68298b19d12_box00.jpg,308,229,82,60,0,Cataract,0.49113636363636365,0.5165502183406114,0.21834415584415584,0.21458515283842794,0.1,accepted,
val,i_770_png.rf.4faff2cefae83ef5e0affdefd5618ebe.jpg,i_770_png.rf.4faff2cefae83ef5e0affdefd5618ebe_box00.jpg,120,80,39,30,0,Cataract,0.46875,0.489,0.2673333333333333,0.3095,0.1,accepted,
val,i_772_png.rf.5fe026649537fb53f20177e592d33742.jpg,i_772_png.rf.5fe026649537fb53f20177e592d33742_box00.jpg,120,80,36,33,0,Cataract,0.43925000000000003,0.479875,0.24533333333333335,0.32775,0.1,accepted,
val,i_788_png.rf.724f1e770d7279faddfa9669d720983d.jpg,i_788_png.rf.724f1e770d7279faddfa9669d720983d_box00.jpg,120,80,42,29,0,Cataract,0.5399166666666667,0.5181250000000001,0.28475,0.3,0.1,accepted,
val,i_794_png.rf.cbaa072e63a7b2c2d827533b530115b9.jpg,i_794_png.rf.cbaa072e63a7b2c2d827533b530115b9_box00.jpg,120,80,41,27,0,Cataract,0.52,0.532,0.28300000000000003,0.27575,0.1,accepted,
val,i_804_png.rf.63664ebac24238a16a65b491e5b4bc08.jpg,i_804_png.rf.63664ebac24238a16a65b491e5b4bc08_box00.jpg,120,80,38,31,0,Cataract,0.4661666666666667,0.459875,0.25175000000000003,0.30862500000000004,0.1,accepted,
val,i_805_png.rf.741a6624947c1c404c7a646c490b0e94.jpg,i_805_png.rf.741a6624947c1c404c7a646c490b0e94_box00.jpg,120,80,37,29,0,Cataract,0.5214166666666666,0.481125,0.24766666666666665,0.293875,0.1,accepted,
val,i_811_png.rf.c2cb38d63b5d35face12a0eec3896bf5.jpg,i_811_png.rf.c2cb38d63b5d35face12a0eec3896bf5_box00.jpg,120,80,36,29,0,Cataract,0.4646666666666667,0.48462500000000003,0.24533333333333335,0.2905,0.1,accepted,
val,i_813_png.rf.2bfe7de18a071cae7b8a3016433ad783.jpg,i_813_png.rf.2bfe7de18a071cae7b8a3016433ad783_box00.jpg,120,80,34,25,0,Cataract,0.49191666666666667,0.5311250000000001,0.23033333333333333,0.24275000000000002,0.1,accepted,
val,i_816_png.rf.9ceba401dfd989e10f5945f4fb6d62d3.jpg,i_816_png.rf.9ceba401dfd989e10f5945f4fb6d62d3_box00.jpg,120,80,35,31,0,Cataract,0.49275,0.510625,0.23550000000000001,0.31124999999999997,0.1,accepted,
val,i_818_png.rf.4d3e68c1ff8163a6e97b8fcef0f652ca.jpg,i_818_png.rf.4d3e68c1ff8163a6e97b8fcef0f652ca_box00.jpg,120,80,37,28,0,Cataract,0.5196666666666666,0.45075000000000004,0.25116666666666665,0.28525,0.1,accepted,
val,i_819_jpg.rf.20d6ea9f64bd07e6c76a21ae784114a5.jpg,i_819_jpg.rf.20d6ea9f64bd07e6c76a21ae784114a5_box00.jpg,640,321,463,321,0,Cataract,0.5036875000000001,0.5341744548286604,0.601125,0.9316510903426791,0.1,accepted,
val,i_826_png.rf.4f14937f024bf375f0fedd14a601fedd.jpg,i_826_png.rf.4f14937f024bf375f0fedd14a601fedd_box00.jpg,120,80,36,27,0,Cataract,0.5271666666666667,0.36475,0.24533333333333335,0.26949999999999996,0.1,accepted,
val,i_82_jpg.rf.7b5655f93e73eed52ee8f3d2039b3cef.jpg,i_82_jpg.rf.7b5655f93e73eed52ee8f3d2039b3cef_box00.jpg,334,222,139,136,0,Cataract,0.4781736526946108,0.4772072072072072,0.34344311377245507,0.5058108108108108,0.1,accepted,
val,i_843_png.rf.476ddb49d587d823a456d6f9c3658b23.jpg,i_843_png.rf.476ddb49d587d823a456d6f9c3658b23_box00.jpg,120,80,38,26,0,Cataract,0.423,0.48987499999999995,0.25925,0.25925,0.1,accepted,
val,i_849_png.rf.5405a13fa62db23cf96f9721214e6dc0.jpg,i_849_png.rf.5405a13fa62db23cf96f9721214e6dc0_box00.jpg,120,80,33,30,0,Cataract,0.5445833333333333,0.41475,0.21758333333333332,0.30175,0.1,accepted,
val,i_84_jpg.rf.bacaa5520bcf84a2bc847069b8a8aa9b.jpg,i_84_jpg.rf.bacaa5520bcf84a2bc847069b8a8aa9b_box00.jpg,253,149,97,82,0,Cataract,0.5077470355731225,0.5350335570469799,0.31620553359683795,0.45402684563758394,0.1,accepted,
val,i_850_png.rf.3e0e35cdf5520bcf4eeeecc448a5a42d.jpg,i_850_png.rf.3e0e35cdf5520bcf4eeeecc448a5a42d_box00.jpg,120,80,36,28,0,Cataract,0.4925,0.4525,0.24533333333333335,0.27825,0.1,accepted,
val,i_851_png.rf.b0b491257f25f5c3304a48c0578f6e8c.jpg,i_851_png.rf.b0b491257f25f5c3304a48c0578f6e8c_box00.jpg,120,80,32,25,0,Cataract,0.5416666666666666,0.47850000000000004,0.21875,0.2505,0.1,accepted,
val,i_853_png.rf.01cd4d76ee6818d8158b18383ae23dda.jpg,i_853_png.rf.01cd4d76ee6818d8158b18383ae23dda_box00.jpg,120,80,35,28,0,Cataract,0.4716666666666667,0.415125,0.23841666666666667,0.2765,0.1,accepted,
val,i_855_png.rf.27de6e60f6cdcba21fb37e299f4d0cc3.jpg,i_855_png.rf.27de6e60f6cdcba21fb37e299f4d0cc3_box00.jpg,120,80,33,27,0,Cataract,0.40741666666666665,0.45725,0.22108333333333335,0.26525,0.1,accepted,
val,i_856_png.rf.9d1b303695d07c0f651484dbaaa6d547.jpg,i_856_png.rf.9d1b303695d07c0f651484dbaaa6d547_box00.jpg,120,80,36,27,0,Cataract,0.47250000000000003,0.472875,0.24366666666666664,0.27225,0.1,accepted,
val,i_863_png.rf.5bfdeda1a9aa5cdfd8b12e8dccf57620.jpg,i_863_png.rf.5bfdeda1a9aa5cdfd8b12e8dccf57620_box00.jpg,120,80,38,26,0,Cataract,0.49474999999999997,0.428125,0.2569166666666666,0.260875,0.1,accepted,
val,i_867_png.rf.12918d61204042235c8b63c9232524e1.jpg,i_867_png.rf.12918d61204042235c8b63c9232524e1_box00.jpg,120,80,33,22,0,Cataract,0.45425,0.5271250000000001,0.2245,0.21925,0.1,accepted,
val,i_872_png.rf.28c56f5fb4d11e6550b3af2a9d43059f.jpg,i_872_png.rf.28c56f5fb4d11e6550b3af2a9d43059f_box00.jpg,120,80,35,26,0,Cataract,0.51275,0.461625,0.23033333333333333,0.26,0.1,accepted,
val,i_877_png.rf.28426abe78ef9ebb5cf91de94c139772.jpg,i_877_png.rf.28426abe78ef9ebb5cf91de94c139772_box00.jpg,120,80,36,27,0,Cataract,0.5353333333333333,0.376125,0.24308333333333335,0.27125,0.1,accepted,
val,i_87_jpg.rf.8c862db3463ed1d445b0e66716cfdf0c.jpg,i_87_jpg.rf.8c862db3463ed1d445b0e66716cfdf0c_box00.jpg,351,226,92,87,0,Cataract,0.6094586894586894,0.5386283185840708,0.21675213675213675,0.3154867256637168,0.1,accepted,
val,i_888_png.rf.d1d0676f0dd9069ee284b893ccc3ba91.jpg,i_888_png.rf.d1d0676f0dd9069ee284b893ccc3ba91_box00.jpg,120,80,38,29,0,Cataract,0.5416666666666666,0.526375,0.2604166666666667,0.2905,0.1,accepted,
val,i_891_png.rf.df3cb85cfdc2d2d5cb2282ed42a7594f.jpg,i_891_png.rf.df3cb85cfdc2d2d5cb2282ed42a7594f_box00.jpg,120,80,38,28,0,Cataract,0.46791666666666665,0.51325,0.2575,0.28525,0.1,accepted,
val,i_907_png.rf.209312b290593bfd625e767dd9301f62.jpg,i_907_png.rf.209312b290593bfd625e767dd9301f62_box00.jpg,120,80,35,30,0,Cataract,0.4701666666666667,0.459375,0.23433333333333334,0.303375,0.1,accepted,
val,i_914_png.rf.bb65cec209abedaf5c361a557d5bd960.jpg,i_914_png.rf.bb65cec209abedaf5c361a557d5bd960_box00.jpg,120,80,38,32,0,Cataract,0.51825,0.4495,0.25866666666666666,0.319125,0.1,accepted,
val,i_915_png.rf.176d77c235f543ea538e00341ce9b7de.jpg,i_915_png.rf.176d77c235f543ea538e00341ce9b7de_box00.jpg,120,80,39,31,0,Cataract,0.5509166666666666,0.5085,0.26275,0.312125,0.1,accepted,
val,i_919_png.rf.91935e189bfa066f9f44b03d23834fb7.jpg,i_919_png.rf.91935e189bfa066f9f44b03d23834fb7_box00.jpg,120,80,28,27,0,Cataract,0.6094166666666666,0.4925,0.1875,0.27137500000000003,0.1,accepted,
val,i_926_png.rf.36ac6b7ce9b87171afe4185ab9dfdcc2.jpg,i_926_png.rf.36ac6b7ce9b87171afe4185ab9dfdcc2_box00.jpg,120,80,40,30,0,Cataract,0.5408333333333334,0.465125,0.27599999999999997,0.29825,0.1,accepted,
val,i_927_png.rf.79f1187f40b7602fb19e518ee1bdd89d.jpg,i_927_png.rf.79f1187f40b7602fb19e518ee1bdd89d_box00.jpg,120,80,36,26,0,Cataract,0.48491666666666666,0.5583750000000001,0.24425,0.261,0.1,accepted,
val,i_92_jpg.rf.e2b8c06b3470644a7d9cb955f10e7b33.jpg,i_92_jpg.rf.e2b8c06b3470644a7d9cb955f10e7b33_box00.jpg,218,201,127,120,0,Cataract,0.46756880733944955,0.4266666666666667,0.4812385321100917,0.4954228855721393,0.1,accepted,
val,i_931_png.rf.44aed2f618649c6c34c664d287224c9b.jpg,i_931_png.rf.44aed2f618649c6c34c664d287224c9b_box00.jpg,120,80,30,30,0,Cataract,0.56825,0.46725000000000005,0.2025833333333333,0.300875,0.1,accepted,
val,i_935_png.rf.2eb429d083b1b60cdb371f9aff7df7e2.jpg,i_935_png.rf.2eb429d083b1b60cdb371f9aff7df7e2_box00.jpg,120,80,37,28,0,Cataract,0.48725,0.48724999999999996,0.24883333333333332,0.27825,0.1,accepted,
val,i_937_png.rf.3a863a3c5ea3f8b10674283da01649df.jpg,i_937_png.rf.3a863a3c5ea3f8b10674283da01649df_box00.jpg,120,80,36,28,0,Cataract,0.5396666666666667,0.476375,0.24591666666666667,0.27912499999999996,0.1,accepted,
val,i_946_png.rf.f7c0b74c066016f0105cacfe46987c60.jpg,i_946_png.rf.f7c0b74c066016f0105cacfe46987c60_box00.jpg,120,80,40,25,0,Cataract,0.4930833333333334,0.528875,0.2673333333333333,0.24362499999999998,0.1,accepted,
val,i_948_png.rf.c00ed7dd377634c2d6e23849832c915f.jpg,i_948_png.rf.c00ed7dd377634c2d6e23849832c915f_box00.jpg,120,80,38,27,0,Cataract,0.5179166666666667,0.45599999999999996,0.25466666666666665,0.27475,0.1,accepted,
val,i_949_png.rf.e7a8dae61dfd3deca4dc7ff0d3a4a549.jpg,i_949_png.rf.e7a8dae61dfd3deca4dc7ff0d3a4a549_box00.jpg,120,80,36,24,0,Cataract,0.5165,0.544125,0.24133333333333334,0.2375,0.1,accepted,
val,i_94_jpg.rf.95f331aef428a27000123b196fddf060.jpg,i_94_jpg.rf.95f331aef428a27000123b196fddf060_box00.jpg,228,197,54,50,0,Cataract,0.549780701754386,0.4993908629441624,0.1931578947368421,0.2080203045685279,0.1,accepted,
val,i_955_png.rf.815021b00d6faf735565c580e641313b.jpg,i_955_png.rf.815021b00d6faf735565c580e641313b_box00.jpg,120,80,33,31,0,Cataract,0.5185,0.532,0.22108333333333335,0.314,0.1,accepted,
val,i_971_jpg.rf.56b156f8bae14c01fc5a217bcda2fdfd.jpg,i_971_jpg.rf.56b156f8bae14c01fc5a217bcda2fdfd_box00.jpg,63,63,22,19,0,Cataract,0.552063492063492,0.5674603174603174,0.2749206349206349,0.22253968253968254,0.1,accepted,
val,i_972_jpg.rf.7d7397e8d48eba5165eed7a3b2a5df84.jpg,i_972_jpg.rf.7d7397e8d48eba5165eed7a3b2a5df84_box00.jpg,58,58,21,18,0,Cataract,0.4606896551724138,0.4974137931034483,0.28379310344827585,0.2303448275862069,0.1,accepted,
val,i_979_jpg.rf.4feed4fe32f92f9b85e4bb94d23620e5.jpg,i_979_jpg.rf.4feed4fe32f92f9b85e4bb94d23620e5_box00.jpg,46,46,20,16,0,Cataract,0.586304347826087,0.5180434782608695,0.31869565217391305,0.2432608695652174,0.1,accepted,
val,i_97_jpg.rf.dff94fd31cad6b3c05b0b6fcbdda7b12.jpg,i_97_jpg.rf.dff94fd31cad6b3c05b0b6fcbdda7b12_box00.jpg,328,262,219,201,0,Cataract,0.5078048780487805,0.4833587786259542,0.5521646341463415,0.6358778625954198,0.1,accepted,
val,i_982_jpg.rf.ec12759ef24adf5b71508d8917af5a88.jpg,i_982_jpg.rf.ec12759ef24adf5b71508d8917af5a88_box00.jpg,54,54,22,17,0,Cataract,0.6120370370370369,0.49277777777777776,0.3007407407407407,0.21703703703703706,0.1,accepted,
val,i_984_jpg.rf.2d09b02c231c7d58a44c94f533fdd778.jpg,i_984_jpg.rf.2d09b02c231c7d58a44c94f533fdd778_box00.jpg,64,64,26,21,0,Cataract,0.6259375,0.49328125,0.32984375,0.25578125,0.1,accepted,
val,i_986_jpg.rf.f5c6adc61d86a2cb038c63b98af5a988.jpg,i_986_jpg.rf.f5c6adc61d86a2cb038c63b98af5a988_box00.jpg,53,53,24,19,0,Cataract,0.6473584905660378,0.49471698113207546,0.3616981132075472,0.2590566037735849,0.1,accepted,
val,i_989_jpg.rf.c25c20ab927651788ced398f29af8606.jpg,i_989_jpg.rf.c25c20ab927651788ced398f29af8606_box00.jpg,63,63,25,20,0,Cataract,0.5061904761904762,0.525079365079365,0.31492063492063493,0.2415873015873016,0.1,accepted,
val,i_999_jpg.rf.56d6f454c265bb8cd6b5a1dff500cd67.jpg,i_999_jpg.rf.56d6f454c265bb8cd6b5a1dff500cd67_box00.jpg,57,57,22,19,0,Cataract,0.5071929824561403,0.5147368421052632,0.30192982456140355,0.25280701754385965,0.1,accepted,
val,i_9_jpg.rf.0a791ce2fd4b9652f50afcaee80e23f3.jpg,i_9_jpg.rf.0a791ce2fd4b9652f50afcaee80e23f3_box00.jpg,251,178,62,39,0,Cataract,0.5535458167330677,0.5642134831460675,0.20525896414342631,0.18185393258426966,0.1,accepted,
val,image_101_png.rf.81a1800a8fb2260429656a9fdc0e479f.jpg,image_101_png.rf.81a1800a8fb2260429656a9fdc0e479f_box00.jpg,640,426,296,280,0,Cataract,0.459375,0.5563380281690141,0.384375,0.5446009389671361,0.1,accepted,
val,image_102_png.rf.2b2587f09eaf681fe559abec04d2e000.jpg,image_102_png.rf.2b2587f09eaf681fe559abec04d2e000_box00.jpg,640,432,168,128,1,Normal,0.4296875,0.5555555555555556,0.21875,0.24537037037037038,0.1,accepted,
val,image_10_png.rf.077bcd5778bc98181cc250777cea8c81.jpg,image_10_png.rf.077bcd5778bc98181cc250777cea8c81_box00.jpg,640,278,172,114,1,Normal,0.534375,0.41007194244604317,0.221875,0.34172661870503596,0.1,accepted,
val,image_110_png.rf.15b3a3bbbf082b2d232d7b649964f4b2.jpg,image_110_png.rf.15b3a3bbbf082b2d232d7b649964f4b2_box00.jpg,640,443,290,318,0,Cataract,0.534375,0.5011286681715575,0.3765625,0.5981941309255079,0.1,accepted,
val,image_115_png.rf.078f1b70c6026ea807a52bc15b447f3d.jpg,image_115_png.rf.078f1b70c6026ea807a52bc15b447f3d_box00.jpg,640,461,538,431,0,Cataract,0.5140625,0.4511930585683297,0.7,0.8047722342733189,0.1,accepted,
val,image_116_png.rf.c060ed3a0dc0f586a5d094c98a394c1e.jpg,image_116_png.rf.c060ed3a0dc0f586a5d094c98a394c1e_box00.jpg,640,485,156,158,1,Normal,0.4375,0.5958762886597938,0.2015625,0.27010309278350514,0.1,accepted,
val,image_117_png.rf.1f3c5e3161ddf1ae38ffc171dd5b5ed8.jpg,image_117_png.rf.1f3c5e3161ddf1ae38ffc171dd5b5ed8_box00.jpg,640,426,204,182,0,Cataract,0.3734375,0.5422535211267606,0.265625,0.3544600938967136,0.1,accepted,
val,image_123_png.rf.c6dd07eb3007307d3e2ef0240665aad7.jpg,image_123_png.rf.c6dd07eb3007307d3e2ef0240665aad7_box00.jpg,640,566,508,472,0,Cataract,0.5453125,0.4293286219081272,0.6609375,0.6925795053003534,0.1,accepted,
val,image_127_png.rf.6e54a5d879a89ea30bfa4d1028d64fdc.jpg,image_127_png.rf.6e54a5d879a89ea30bfa4d1028d64fdc_box00.jpg,640,385,240,202,1,Normal,0.5421875,0.5116883116883116,0.3125,0.43636363636363634,0.1,accepted,
val,image_134_png.rf.97c12cdfcf036d2377643b9a59f7be37.jpg,image_134_png.rf.97c12cdfcf036d2377643b9a59f7be37_box00.jpg,640,449,190,168,1,Normal,0.4125,0.643652561247216,0.246875,0.30957683741648107,0.1,accepted,
val,image_13_png.rf.298b4cb4d7a3388dfc6a35429af2d9b9.jpg,image_13_png.rf.298b4cb4d7a3388dfc6a35429af2d9b9_box00.jpg,640,485,214,178,1,Normal,0.4734375,0.5443298969072164,0.2765625,0.3030927835051546,0.1,accepted,
val,image_145_png.rf.3198e992197f49f195ac6baf0bcb163e.jpg,image_145_png.rf.3198e992197f49f195ac6baf0bcb163e_box00.jpg,640,213,94,70,0,Cataract,0.2078125,0.5164319248826291,0.1203125,0.27230046948356806,0.1,accepted,
val,image_145_png.rf.3198e992197f49f195ac6baf0bcb163e.jpg,image_145_png.rf.3198e992197f49f195ac6baf0bcb163e_box01.jpg,640,213,88,76,0,Cataract,0.8078125,0.5070422535211268,0.1125,0.29577464788732394,0.1,accepted,
val,image_148_png.rf.0aba86a2a7f13a99773127f5caa2c0c9.jpg,image_148_png.rf.0aba86a2a7f13a99773127f5caa2c0c9_box00.jpg,640,319,406,262,0,Cataract,0.475,0.5109717868338558,0.528125,0.6833855799373041,0.1,accepted,
val,image_14_png.rf.7c37102be36f6a5f22d5efefb4b49a4d.jpg,image_14_png.rf.7c37102be36f6a5f22d5efefb4b49a4d_box00.jpg,636,640,214,210,1,Normal,0.550314465408805,0.5359375,0.279874213836478,0.271875,0.1,accepted,
val,image_150_png.rf.f0c99abfb2294fbdacd7c33368381263.jpg,image_150_png.rf.f0c99abfb2294fbdacd7c33368381263_box00.jpg,640,434,340,274,0,Cataract,0.56875,0.49539170506912444,0.440625,0.5230414746543779,0.1,accepted,
val,image_153_png.rf.914398483080d5ab65d45e258cec5e05.jpg,image_153_png.rf.914398483080d5ab65d45e258cec5e05_box00.jpg,640,342,172,156,1,Normal,0.521875,0.6432748538011696,0.221875,0.37719298245614036,0.1,accepted,
val,image_155_png.rf.8aab80515d54e737fba32867048dfe87.jpg,image_155_png.rf.8aab80515d54e737fba32867048dfe87_box00.jpg,640,521,186,158,1,Normal,0.4515625,0.5508637236084453,0.2421875,0.2514395393474088,0.1,accepted,
val,image_157_png.rf.ffe3bfc3df0877214db3aac61d423ac9.jpg,image_157_png.rf.ffe3bfc3df0877214db3aac61d423ac9_box00.jpg,640,506,186,176,1,Normal,0.43125,0.4841897233201581,0.240625,0.2885375494071146,0.1,accepted,
val,image_165_png.rf.ee17f45ad44b97c14c43faf3c805d80a.jpg,image_165_png.rf.ee17f45ad44b97c14c43faf3c805d80a_box00.jpg,640,337,180,144,1,Normal,0.3953125,0.4896142433234421,0.234375,0.3560830860534125,0.1,accepted,
val,image_175_png.rf.73065e8c7403d858e20fee956410ffbc.jpg,image_175_png.rf.73065e8c7403d858e20fee956410ffbc_box00.jpg,640,426,166,132,1,Normal,0.5234375,0.4014084507042254,0.215625,0.25821596244131456,0.1,accepted,
val,image_17_png.rf.82add86eb562328f95d7a0fa7992c862.jpg,image_17_png.rf.82add86eb562328f95d7a0fa7992c862_box00.jpg,640,384,214,190,1,Normal,0.6359375,0.5078125,0.2765625,0.4088541666666667,0.1,accepted,
val,image_186_png.rf.ba7d9be87a5d88ac6ba2b89df832f99f.jpg,image_186_png.rf.ba7d9be87a5d88ac6ba2b89df832f99f_box00.jpg,640,426,210,190,1,Normal,0.5078125,0.4061032863849765,0.2734375,0.3685446009389671,0.1,accepted,
val,image_191_png.rf.50637e4c55b0819828ec832ecccdba4c.jpg,image_191_png.rf.50637e4c55b0819828ec832ecccdba4c_box00.jpg,640,426,280,268,0,Cataract,0.55,0.4788732394366197,0.3625,0.5211267605633803,0.1,accepted,
val,image_197_png.rf.3f12ca5996b4eac3bba33a3b3ba010db.jpg,image_197_png.rf.3f12ca5996b4eac3bba33a3b3ba010db_box00.jpg,640,468,208,198,0,Cataract,0.4359375,0.45726495726495725,0.2703125,0.3525641025641026,0.1,accepted,
val,image_202_png.rf.7f819377a09612cf4669dae25979db90.jpg,image_202_png.rf.7f819377a09612cf4669dae25979db90_box00.jpg,640,439,198,156,0,Cataract,0.3984375,0.47380410022779046,0.25625,0.2938496583143508,0.1,accepted,
val,image_207_png.rf.5b6474925349e2fd57f22356c0e44ea3.jpg,image_207_png.rf.5b6474925349e2fd57f22356c0e44ea3_box00.jpg,640,443,578,443,0,Cataract,0.553125,0.5395033860045146,0.759375,0.9209932279909706,0.1,accepted,
val,image_209_png.rf.e71b2761478e50bceec37172f479682e.jpg,image_209_png.rf.e71b2761478e50bceec37172f479682e_box00.jpg,480,640,214,198,1,Normal,0.5416666666666666,0.4609375,0.37083333333333335,0.25625,0.1,accepted,
val,image_211_png.rf.622ea8317c3e41f1a367cc51e3bb38dc.jpg,image_211_png.rf.622ea8317c3e41f1a367cc51e3bb38dc_box00.jpg,640,425,242,206,0,Cataract,0.49375,0.4988235294117647,0.3140625,0.4023529411764706,0.1,accepted,
val,image_220_png.rf.116e4a33be52c4909f3e3f1d04b17c08.jpg,image_220_png.rf.116e4a33be52c4909f3e3f1d04b17c08_box00.jpg,640,359,202,170,1,Normal,0.465625,0.4178272980501393,0.2625,0.39275766016713093,0.1,accepted,
val,image_221_png.rf.ca2dce2ac4ce5e1e94308bebf8bfe758.jpg,image_221_png.rf.ca2dce2ac4ce5e1e94308bebf8bfe758_box00.jpg,640,426,388,348,0,Cataract,0.428125,0.607981220657277,0.503125,0.7065727699530516,0.1,accepted,
val,image_222_png.rf.a94905ddf64721a177f5eec89d9d79d0.jpg,image_222_png.rf.a94905ddf64721a177f5eec89d9d79d0_box00.jpg,640,626,244,214,1,Normal,0.5640625,0.4776357827476038,0.315625,0.28434504792332266,0.1,accepted,
val,image_226_png.rf.1f2d2358a00b60e5db2b431bde68f8e3.jpg,image_226_png.rf.1f2d2358a00b60e5db2b431bde68f8e3_box00.jpg,640,360,218,186,1,Normal,0.525,0.5472222222222223,0.2828125,0.42777777777777776,0.1,accepted,
val,image_233_png.rf.2b69d74617815d05e871d60f66063c62.jpg,image_233_png.rf.2b69d74617815d05e871d60f66063c62_box00.jpg,640,426,250,229,1,Normal,0.49375,0.5211267605633803,0.3234375,0.4460093896713615,0.1,accepted,
val,image_243_png.rf.95569546b01e784a1c9578a93dc11ad8.jpg,image_243_png.rf.95569546b01e784a1c9578a93dc11ad8_box00.jpg,640,420,234,226,0,Cataract,0.5109375,0.5714285714285714,0.303125,0.44761904761904764,0.1,accepted,
val,image_246_png.rf.03dba1682f3434ab45d2ba4112526646.jpg,image_246_png.rf.03dba1682f3434ab45d2ba4112526646_box00.jpg,640,489,136,130,0,Cataract,0.4953125,0.5705521472392638,0.1765625,0.21881390593047034,0.1,accepted,
val,image_247_png.rf.d29bb7d6ab538aad22712b4eff7baeae.jpg,image_247_png.rf.d29bb7d6ab538aad22712b4eff7baeae_box00.jpg,524,640,202,146,1,Normal,0.5362595419847328,0.4859375,0.32061068702290074,0.1890625,0.1,accepted,
val,image_250_png.rf.cc7d5b464a623e23aa46b531a2fe7fa5.jpg,image_250_png.rf.cc7d5b464a623e23aa46b531a2fe7fa5_box00.jpg,640,426,330,290,0,Cataract,0.45,0.5539906103286385,0.428125,0.5657276995305164,0.1,accepted,
val,image_255_png.rf.4fdcb878b4489b880d71cd9c5d1063e9.jpg,image_255_png.rf.4fdcb878b4489b880d71cd9c5d1063e9_box00.jpg,640,416,410,390,0,Cataract,0.4765625,0.5168269230769231,0.5328125,0.7788461538461539,0.1,accepted,
val,image_255_png.rf.bc470ac5126ea66e738ed07b28f57443.jpg,image_255_png.rf.bc470ac5126ea66e738ed07b28f57443_box00.jpg,640,496,206,160,1,Normal,0.50625,0.6592741935483871,0.2671875,0.2661290322580645,0.1,accepted,
val,image_260_png.rf.59bb5b9f4d330d88b5a1ae997109f60d.jpg,image_260_png.rf.59bb5b9f4d330d88b5a1ae997109f60d_box00.jpg,640,436,420,392,0,Cataract,0.5140625,0.48853211009174313,0.5453125,0.7477064220183486,0.1,accepted,
val,image_261_png.rf.e38aa6c7300cc73e7360f46086f8db25.jpg,image_261_png.rf.e38aa6c7300cc73e7360f46086f8db25_box00.jpg,640,426,562,426,0,Cataract,0.46875,0.4835680751173709,0.73125,0.960093896713615,0.1,accepted,
val,image_262_png.rf.25d097a91dd2d4954cb4f802ededfdd1.jpg,image_262_png.rf.25d097a91dd2d4954cb4f802ededfdd1_box00.jpg,640,551,218,186,1,Normal,0.5296875,0.5644283121597096,0.2828125,0.279491833030853,0.1,accepted,
val,image_277_png.rf.448b40f8e2f396c4033dbca9d5b91af2.jpg,image_277_png.rf.448b40f8e2f396c4033dbca9d5b91af2_box00.jpg,640,562,456,403,0,Cataract,0.5234375,0.43416370106761565,0.5921875,0.5960854092526691,0.1,accepted,
val,image_28_png.rf.b9efb99b7931c3c0534128fe627230a8.jpg,image_28_png.rf.b9efb99b7931c3c0534128fe627230a8_box00.jpg,640,408,462,405,0,Cataract,0.5046875,0.4681372549019608,0.6,0.8725490196078431,0.1,accepted,
val,image_291_png.rf.9839d309c21b2a81275dc2e9a3c34533.jpg,image_291_png.rf.9839d309c21b2a81275dc2e9a3c34533_box00.jpg,640,360,252,241,0,Cataract,0.5109375,0.49166666666666664,0.328125,0.5555555555555556,0.1,accepted,
val,image_292_png.rf.7baa892b68f528d0da0f009abe12653f.jpg,image_292_png.rf.7baa892b68f528d0da0f009abe12653f_box00.jpg,512,640,196,186,1,Normal,0.572265625,0.5296875,0.318359375,0.2421875,0.1,accepted,
val,image_293_png.rf.87be5a381a8aab8e8fd5639fc457c218.jpg,image_293_png.rf.87be5a381a8aab8e8fd5639fc457c218_box00.jpg,640,640,640,640,0,Cataract,0.5015625,0.5203125,0.984375,0.959375,0.1,accepted,
val,image_295_png.rf.925fd64821c2494f3f038cf144310a6b.jpg,image_295_png.rf.925fd64821c2494f3f038cf144310a6b_box00.jpg,640,424,480,413,1,Normal,0.4796875,0.4834905660377358,0.6234375,0.8160377358490566,0.1,accepted,
val,image_300_png.rf.a8a12c71a1d6adc88bb269bda7a9d355.jpg,image_300_png.rf.a8a12c71a1d6adc88bb269bda7a9d355_box00.jpg,640,267,146,142,1,Normal,0.3625,0.5280898876404494,0.1890625,0.4419475655430712,0.1,accepted,
val,image_302_png.rf.74d04eb9fb5730f3f0d82649c88eccbd.jpg,image_302_png.rf.74d04eb9fb5730f3f0d82649c88eccbd_box00.jpg,640,632,206,168,1,Normal,0.6078125,0.620253164556962,0.2671875,0.2199367088607595,0.1,accepted,
val,image_303_png.rf.e72fab382817e247ad289218cc0cf4af.jpg,image_303_png.rf.e72fab382817e247ad289218cc0cf4af_box00.jpg,640,605,166,162,1,Normal,0.40625,0.515702479338843,0.215625,0.22148760330578512,0.1,accepted,
val,image_36_png.rf.9b626c266a9959a9b5c35bcefd8ca017.jpg,image_36_png.rf.9b626c266a9959a9b5c35bcefd8ca017_box00.jpg,640,583,186,136,1,Normal,0.4375,0.58147512864494,0.240625,0.19210977701543738,0.1,accepted,
val,image_39_png.rf.678847af5b56039d9539bd9eb6d998db.jpg,image_39_png.rf.678847af5b56039d9539bd9eb6d998db_box00.jpg,640,427,202,150,0,Cataract,0.509375,0.5175644028103045,0.2609375,0.2903981264637002,0.1,accepted,
val,image_44_png.rf.691dc3d17d732727f488c5c9387deb53.jpg,image_44_png.rf.691dc3d17d732727f488c5c9387deb53_box00.jpg,640,315,166,134,1,Normal,0.475,0.4634920634920635,0.215625,0.3523809523809524,0.1,accepted,
val,image_47_png.rf.cd9a188b92b826dff8bf8a1eaa2dc230.jpg,image_47_png.rf.cd9a188b92b826dff8bf8a1eaa2dc230_box00.jpg,640,493,336,265,0,Cataract,0.5484375,0.4847870182555781,0.4375,0.4462474645030426,0.1,accepted,
val,image_49_png.rf.68adacb68b2c177b522b3a9f68b3b358.jpg,image_49_png.rf.68adacb68b2c177b522b3a9f68b3b358_box00.jpg,640,377,235,172,1,Normal,0.5359375,0.4854111405835544,0.3046875,0.376657824933687,0.1,accepted,
val,image_52_png.rf.927ea4e4d9909cff992a284e46724c02.jpg,image_52_png.rf.927ea4e4d9909cff992a284e46724c02_box00.jpg,640,329,96,88,0,Cataract,0.80625,0.6109422492401215,0.1234375,0.22188449848024316,0.1,accepted,
val,image_52_png.rf.927ea4e4d9909cff992a284e46724c02.jpg,image_52_png.rf.927ea4e4d9909cff992a284e46724c02_box01.jpg,640,329,96,90,0,Cataract,0.20625,0.6170212765957447,0.125,0.22492401215805471,0.1,accepted,
val,image_52_png.rf.f712911199a7eaddd29527b918fbb529.jpg,image_52_png.rf.f712911199a7eaddd29527b918fbb529_box00.jpg,640,355,226,180,1,Normal,0.4765625,0.447887323943662,0.29375,0.4197183098591549,0.1,accepted,
val,image_57_png.rf.f08e3191f20188288469ecdfddc3b7f4.jpg,image_57_png.rf.f08e3191f20188288469ecdfddc3b7f4_box00.jpg,640,438,334,310,0,Cataract,0.471875,0.5,0.434375,0.58675799086758,0.1,accepted,
val,image_58_png.rf.a35806acdddc36c04d4f39e40860b57b.jpg,image_58_png.rf.a35806acdddc36c04d4f39e40860b57b_box00.jpg,640,335,192,142,1,Normal,0.4625,0.5014925373134328,0.2484375,0.3492537313432836,0.1,accepted,
val,image_61_png.rf.7db65c1f6399ac718f4debf40c8bffa6.jpg,image_61_png.rf.7db65c1f6399ac718f4debf40c8bffa6_box00.jpg,640,417,412,394,0,Cataract,0.471875,0.4988009592326139,0.5359375,0.7865707434052758,0.1,accepted,
val,image_65_png.rf.fff6662f1a33366336831cef5538efeb.jpg,image_65_png.rf.fff6662f1a33366336831cef5538efeb_box00.jpg,640,493,290,224,1,Normal,0.596875,0.4645030425963489,0.3765625,0.3772819472616633,0.1,accepted,
val,image_67_png.rf.6791c001f3c38296f55038d7894d9937.jpg,image_67_png.rf.6791c001f3c38296f55038d7894d9937_box00.jpg,640,256,152,90,1,Normal,0.4015625,0.48046875,0.196875,0.29296875,0.1,accepted,
val,image_69_png.rf.dd7eef34b77795ec975d0e0c5c074194.jpg,image_69_png.rf.dd7eef34b77795ec975d0e0c5c074194_box00.jpg,640,426,444,408,0,Cataract,0.4796875,0.5093896713615024,0.5765625,0.7981220657276995,0.1,accepted,
val,image_71_png.rf.bdfa91df2e90721d4f071b425260511e.jpg,image_71_png.rf.bdfa91df2e90721d4f071b425260511e_box00.jpg,640,435,442,340,0,Cataract,0.5,0.5264367816091954,0.575,0.6505747126436782,0.1,accepted,
val,image_71_png.rf.d4815dea0942eb2374e6c2dcadfcb6e9.jpg,image_71_png.rf.d4815dea0942eb2374e6c2dcadfcb6e9_box00.jpg,640,314,184,140,1,Normal,0.4796875,0.4745222929936306,0.2375,0.36942675159235666,0.1,accepted,
val,image_79_png.rf.a86c9359ebee4ab996ef880d4fef9ad0.jpg,image_79_png.rf.a86c9359ebee4ab996ef880d4fef9ad0_box00.jpg,640,373,240,226,1,Normal,0.4703125,0.5764075067024129,0.3125,0.5040214477211796,0.1,accepted,
val,image_7_png.rf.73ecffef68ac6d91828de04a39ca7532.jpg,image_7_png.rf.73ecffef68ac6d91828de04a39ca7532_box00.jpg,640,337,224,164,1,Normal,0.5015625,0.42136498516320475,0.290625,0.4035608308605341,0.1,accepted,
val,image_81_png.rf.21799aa0885646985e5ee5c7ff506ba1.jpg,image_81_png.rf.21799aa0885646985e5ee5c7ff506ba1_box00.jpg,640,306,194,152,1,Normal,0.5265625,0.4673202614379085,0.2515625,0.4117647058823529,0.1,accepted,
val,image_85_png.rf.ee81477ea9e185fc7966f0a020b2b2ea.jpg,image_85_png.rf.ee81477ea9e185fc7966f0a020b2b2ea_box00.jpg,640,422,519,422,0,Cataract,0.6078125,0.5071090047393365,0.696875,0.9715639810426541,0.1,accepted,
test,PHOTO-2023-07-27-12-08-36-1-_jpg.rf.d68c76c789f00adcbf3ce983e4a00cdf.jpg,PHOTO-2023-07-27-12-08-36-1-_jpg.rf.d68c76c789f00adcbf3ce983e4a00cdf_box00.jpg,288,640,118,94,0,Cataract,0.4826388888888889,0.4734375,0.3402777777777778,0.121875,0.1,accepted,
test,PHOTO-2023-07-27-12-41-27-2-_jpg.rf.4533779b9eb7480a5e0ace6681db72f0.jpg,PHOTO-2023-07-27-12-41-27-2-_jpg.rf.4533779b9eb7480a5e0ace6681db72f0_box00.jpg,480,640,220,178,1,Normal,0.3770833333333333,0.746875,0.38125,0.2296875,0.1,accepted,
test,PHOTO-2023-07-27-12-41-28-1-_jpg.rf.9360242d371dfa2fa1d528be481dabb4.jpg,PHOTO-2023-07-27-12-41-28-1-_jpg.rf.9360242d371dfa2fa1d528be481dabb4_box00.jpg,480,640,184,156,1,Normal,0.3729166666666667,0.746875,0.31875,0.2015625,0.1,accepted,
test,PHOTO-2023-07-27-12-41-28_jpg.rf.4ed1f44bf664ecaadcdd9b45d4e36868.jpg,PHOTO-2023-07-27-12-41-28_jpg.rf.4ed1f44bf664ecaadcdd9b45d4e36868_box00.jpg,480,640,124,92,0,Cataract,0.5729166666666666,0.4125,0.2125,0.11875,0.1,accepted,
test,i_1017_jpg.rf.2e27af2fc6fe82cbf69299739170e904.jpg,i_1017_jpg.rf.2e27af2fc6fe82cbf69299739170e904_box00.jpg,63,63,24,19,0,Cataract,0.5295238095238095,0.5128571428571429,0.29920634920634925,0.2242857142857143,0.1,accepted,
test,i_1019_jpg.rf.0fdbde19c25d9c8990f1dbe6c1b60baa.jpg,i_1019_jpg.rf.0fdbde19c25d9c8990f1dbe6c1b60baa_box00.jpg,49,49,24,19,0,Cataract,0.5563265306122449,0.5008163265306123,0.3836734693877551,0.2779591836734694,0.1,accepted,
test,i_101_jpg.rf.5acaaba095b51582aa7e7cdf44e30f01.jpg,i_101_jpg.rf.5acaaba095b51582aa7e7cdf44e30f01_box00.jpg,365,208,163,129,0,Cataract,0.5580821917808219,0.4775,0.3703835616438356,0.5151923076923077,0.1,accepted,
test,i_1024_jpg.rf.93f2013f96f8aee4793208c0412abef9.jpg,i_1024_jpg.rf.93f2013f96f8aee4793208c0412abef9_box00.jpg,48,48,20,17,0,Cataract,0.47833333333333333,0.510625,0.32645833333333335,0.24187499999999998,0.1,accepted,
test,i_1032_jpg.rf.8ab16ca807bc1cb4c0f5918d6b7a96ef.jpg,i_1032_jpg.rf.8ab16ca807bc1cb4c0f5918d6b7a96ef_box00.jpg,57,57,23,21,0,Cataract,0.5712280701754386,0.5170175438596492,0.3203508771929825,0.27280701754385966,0.1,accepted,
test,i_1033_jpg.rf.e8e42b31a9f17976effc7a41fde3dea1.jpg,i_1033_jpg.rf.e8e42b31a9f17976effc7a41fde3dea1_box00.jpg,45,45,19,16,0,Cataract,0.5302222222222223,0.49,0.3128888888888889,0.22533333333333336,0.1,accepted,
test,i_1057_jpg.rf.201596b4c67ea16f6a5d386409630884.jpg,i_1057_jpg.rf.201596b4c67ea16f6a5d386409630884_box00.jpg,61,61,24,19,0,Cataract,0.6536065573770491,0.4963934426229508,0.31836065573770495,0.22950819672131148,0.1,accepted,
test,i_1060_jpg.rf.77f266739ab8b2fd3afe10d654ffbf47.jpg,i_1060_jpg.rf.77f266739ab8b2fd3afe10d654ffbf47_box00.jpg,60,60,26,21,0,Cataract,0.5378333333333334,0.5288333333333334,0.3463333333333333,0.2748333333333333,0.1,accepted,
test,i_1063_jpg.rf.dd5f7d1cc75e22c69123114b10fd35c2.jpg,i_1063_jpg.rf.dd5f7d1cc75e22c69123114b10fd35c2_box00.jpg,49,49,22,18,0,Cataract,0.633265306122449,0.5169387755102041,0.3559183673469388,0.2595918367346939,0.1,accepted,
test,i_1065_jpg.rf.73c38cc41d68fb6d2f64b48cf3f3ca3b.jpg,i_1065_jpg.rf.73c38cc41d68fb6d2f64b48cf3f3ca3b_box00.jpg,60,60,22,16,0,Cataract,0.461,0.5366666666666667,0.2811666666666667,0.18633333333333332,0.1,accepted,
test,i_1076_jpg.rf.d1417d69f9bd40c191c286cec98bcc6b.jpg,i_1076_jpg.rf.d1417d69f9bd40c191c286cec98bcc6b_box00.jpg,54,54,20,16,0,Cataract,0.46,0.5418518518518519,0.2748148148148148,0.20574074074074072,0.1,accepted,
test,i_1095_jpg.rf.eb390730ddd0c1118c4ab796418707c2.jpg,i_1095_jpg.rf.eb390730ddd0c1118c4ab796418707c2_box00.jpg,64,64,24,17,0,Cataract,0.5815625,0.509375,0.2934375,0.18890625,0.1,accepted,
test,i_1117_jpg.rf.d523011ac8f5926e284aed0095dacbb7.jpg,i_1117_jpg.rf.d523011ac8f5926e284aed0095dacbb7_box00.jpg,57,57,23,20,0,Cataract,0.5691228070175438,0.5117543859649123,0.3212280701754386,0.2519298245614035,0.1,accepted,
test,i_1124_jpg.rf.d24ea323d7e8d3497570d0c9af55521a.jpg,i_1124_jpg.rf.d24ea323d7e8d3497570d0c9af55521a_box00.jpg,54,54,22,19,0,Cataract,0.5355555555555556,0.5285185185185185,0.30425925925925923,0.2464814814814815,0.1,accepted,
test,i_1138_jpg.rf.818b866ca44fed60acce1430f3087595.jpg,i_1138_jpg.rf.818b866ca44fed60acce1430f3087595_box00.jpg,59,59,23,18,0,Cataract,0.536271186440678,0.5077966101694915,0.29559322033898305,0.22135593220338984,0.1,accepted,
test,i_114_jpg.rf.0b03b69f2eb570cf5d812a0b247ff2dd.jpg,i_114_jpg.rf.0b03b69f2eb570cf5d812a0b247ff2dd_box00.jpg,154,155,52,47,0,Cataract,0.44805194805194803,0.5981290322580645,0.2727272727272727,0.24490322580645163,0.1,accepted,
test,i_1160_jpg.rf.9754a10482318c3ef203a4d1855c968a.jpg,i_1160_jpg.rf.9754a10482318c3ef203a4d1855c968a_box00.jpg,46,46,16,13,0,Cataract,0.6291304347826088,0.43195652173913046,0.24717391304347824,0.17065217391304346,0.1,rejected,min_resolution:16x13<16|min_area:208<256
test,i_1164_jpg.rf.f443b1ad8a88b7a1f53545ca5f5ec5bc.jpg,i_1164_jpg.rf.f443b1ad8a88b7a1f53545ca5f5ec5bc_box00.jpg,57,57,22,16,0,Cataract,0.5345614035087719,0.5117543859649123,0.29929824561403506,0.1994736842105263,0.1,accepted,
test,i_1165_jpg.rf.2c998793919f409e3138d9dfd252afab.jpg,i_1165_jpg.rf.2c998793919f409e3138d9dfd252afab_box00.jpg,48,48,18,15,0,Cataract,0.56375,0.521875,0.28395833333333337,0.20875,0.1,rejected,min_resolution:18x15<16
test,i_1166_jpg.rf.eb9a7fa723d06503986597d20398244d.jpg,i_1166_jpg.rf.eb9a7fa723d06503986597d20398244d_box00.jpg,52,52,21,17,0,Cataract,0.5634615384615385,0.525576923076923,0.3057692307692308,0.22826923076923075,0.1,accepted,
test,i_116_jpg.rf.74cdbfc152721f1e0088d7e44995e228.jpg,i_116_jpg.rf.74cdbfc152721f1e0088d7e44995e228_box00.jpg,295,325,208,200,0,Cataract,0.4915254237288136,0.37206153846153844,0.5875593220338984,0.5116307692307692,0.1,accepted,
test,i_1176_jpg.rf.324429de1607c7aed7b59b1b080c53c5.jpg,i_1176_jpg.rf.324429de1607c7aed7b59b1b080c53c5_box00.jpg,53,53,21,18,0,Cataract,0.6118867924528302,0.5439622641509434,0.30660377358490565,0.24075471698113207,0.1,accepted,
test,i_1189_jpg.rf.54169d037a0f9f81190387f657245fe5.jpg,i_1189_jpg.rf.54169d037a0f9f81190387f657245fe5_box00.jpg,43,43,24,16,0,Cataract,0.436046511627907,0.48883720930232555,0.4311627906976744,0.2583720930232558,0.1,accepted,
test,i_1194_jpg.rf.eecda5067da444e52726497491e7824c.jpg,i_1194_jpg.rf.eecda5067da444e52726497491e7824c_box00.jpg,51,51,22,18,0,Cataract,0.5315686274509804,0.5317647058823529,0.3347058823529412,0.26372549019607844,0.1,accepted,
test,i_1217_jpg.rf.eac9a83f0c1f881935b837ab2946a80a.jpg,i_1217_jpg.rf.eac9a83f0c1f881935b837ab2946a80a_box00.jpg,54,54,22,18,0,Cataract,0.572037037037037,0.49407407407407405,0.30425925925925923,0.23518518518518516,0.1,accepted,
test,i_1259_jpg.rf.97d128bd1e7748f7aa942d38375729ea.jpg,i_1259_jpg.rf.97d128bd1e7748f7aa942d38375729ea_box00.jpg,53,53,23,18,0,Cataract,0.6281132075471698,0.4911320754716981,0.34415094339622637,0.24150943396226415,0.1,accepted,
test,i_1260_jpg.rf.578076b098c48f7817be08743f504799.jpg,i_1260_jpg.rf.578076b098c48f7817be08743f504799_box00.jpg,57,57,24,16,0,Cataract,0.5747368421052631,0.4929824561403509,0.3273684210526316,0.1985964912280702,0.1,accepted,
test,i_1269_jpg.rf.1beebc5cbe82efbb8a429ad110626b13.jpg,i_1269_jpg.rf.1beebc5cbe82efbb8a429ad110626b13_box00.jpg,46,46,20,17,0,Cataract,0.5660869565217391,0.5389130434782609,0.34130434782608693,0.25369565217391304,0.1,accepted,
test,i_1289_jpg.rf.c219d53aaa099c4fea55e27b0cca1bd9.jpg,i_1289_jpg.rf.c219d53aaa099c4fea55e27b0cca1bd9_box00.jpg,48,48,17,15,0,Cataract,0.5304166666666666,0.486875,0.23270833333333332,0.19583333333333333,0.1,rejected,min_resolution:17x15<16|min_area:255<256
test,i_1301_jpg.rf.7c871d6df3d2225e935a2acadc6cf35d.jpg,i_1301_jpg.rf.7c871d6df3d2225e935a2acadc6cf35d_box00.jpg,55,55,21,17,0,Cataract,0.606909090909091,0.5036363636363637,0.30472727272727274,0.21600000000000003,0.1,accepted,
test,i_1322_jpg.rf.f3132175aa257541f53eaecb70623474.jpg,i_1322_jpg.rf.f3132175aa257541f53eaecb70623474_box00.jpg,61,61,22,18,0,Cataract,0.5729508196721312,0.5272131147540983,0.2819672131147541,0.20950819672131146,0.1,accepted,
test,i_1329_jpg.rf.0d67ef33416d7e601df8da8144a6c769.jpg,i_1329_jpg.rf.0d67ef33416d7e601df8da8144a6c769_box00.jpg,48,48,18,15,0,Cataract,0.4935416666666667,0.5479166666666667,0.27875,0.20895833333333333,0.1,rejected,min_resolution:18x15<16
test,i_132_jpg.rf.061a4f711b6a736562e82633e95fb9c8.jpg,i_132_jpg.rf.061a4f711b6a736562e82633e95fb9c8_box00.jpg,250,199,137,102,0,Cataract,0.5315599999999999,0.4728140703517588,0.45264,0.42547738693467335,0.1,accepted,
test,i_1336_jpg.rf.f1dc1ee6621f0dd6db9d857b51152466.jpg,i_1336_jpg.rf.f1dc1ee6621f0dd6db9d857b51152466_box00.jpg,51,51,21,16,0,Cataract,0.5829411764705883,0.5352941176470588,0.31901960784313727,0.22196078431372548,0.1,accepted,
test,i_1345_jpg.rf.daaa2e04539f1849822438c42432fce2.jpg,i_1345_jpg.rf.daaa2e04539f1849822438c42432fce2_box00.jpg,61,61,23,19,0,Cataract,0.5829508196721311,0.519016393442623,0.2862295081967213,0.21901639344262294,0.1,accepted,
test,i_1347_jpg.rf.ff7d6352f7d22cb5c4433442a56f7c1a.jpg,i_1347_jpg.rf.ff7d6352f7d22cb5c4433442a56f7c1a_box00.jpg,54,54,24,16,0,Cataract,0.592037037037037,0.5357407407407407,0.34074074074074073,0.21444444444444444,0.1,accepted,
test,i_134_jpg.rf.f14290af9280db2838dc525a2cbc3aba.jpg,i_134_jpg.rf.f14290af9280db2838dc525a2cbc3aba_box00.jpg,250,147,77,67,0,Cataract,0.56848,0.5693877551020409,0.25384,0.3747619047619048,0.1,accepted,
test,i_1351_jpg.rf.93f3db291cd7bab53093772c40c34038.jpg,i_1351_jpg.rf.93f3db291cd7bab53093772c40c34038_box00.jpg,66,66,21,16,0,Cataract,0.5224242424242423,0.4865151515151515,0.22984848484848486,0.17196969696969697,0.1,accepted,
test,i_1357_jpg.rf.8dacdc1274e863bab576201ed97809a6.jpg,i_1357_jpg.rf.8dacdc1274e863bab576201ed97809a6_box00.jpg,67,67,21,19,0,Cataract,0.5738805970149254,0.5186567164179104,0.25223880597014925,0.21343283582089553,0.1,accepted,
test,i_1385_jpg.rf.38e53d258f5eb4bb2c7ced72f3985a7f.jpg,i_1385_jpg.rf.38e53d258f5eb4bb2c7ced72f3985a7f_box00.jpg,50,50,20,16,0,Cataract,0.4996,0.525,0.2874,0.2118,0.1,accepted,
test,i_1386_jpg.rf.e6e02e7599bd92a67c5cb76e97a4d407.jpg,i_1386_jpg.rf.e6e02e7599bd92a67c5cb76e97a4d407_box00.jpg,46,46,15,14,0,Cataract,0.6652173913043479,0.5428260869565217,0.21999999999999997,0.2039130434782609,0.1,rejected,min_resolution:15x14<16|min_area:210<256
test,i_1395_jpg.rf.b3af356b9aa88b7f4314e6edbb263512.jpg,i_1395_jpg.rf.b3af356b9aa88b7f4314e6edbb263512_box00.jpg,62,62,21,18,0,Cataract,0.6191935483870968,0.49758064516129036,0.255,0.2129032258064516,0.1,accepted,
test,i_142_jpg.rf.0cb3f820a995718da53dcefae2884659.jpg,i_142_jpg.rf.0cb3f820a995718da53dcefae2884659_box00.jpg,289,169,81,68,0,Cataract,0.4723875432525952,0.516508875739645,0.23169550173010378,0.3298224852071006,0.1,accepted,
test,i_1459_jpg.rf.e17adeab1a58671cf0d18f60f1234e92.jpg,i_1459_jpg.rf.e17adeab1a58671cf0d18f60f1234e92_box00.jpg,57,57,21,18,0,Cataract,0.5180701754385965,0.47456140350877196,0.27666666666666667,0.2143859649122807,0.1,accepted,
test,i_1462_jpg.rf.fed92906ece94f8edb9e29ac9da85c15.jpg,i_1462_jpg.rf.fed92906ece94f8edb9e29ac9da85c15_box00.jpg,64,64,21,20,0,Cataract,0.53515625,0.48328125,0.24734375,0.23046875,0.1,accepted,
test,i_1463_jpg.rf.aa4cba2dec2239434198da7c50ea82ae.jpg,i_1463_jpg.rf.aa4cba2dec2239434198da7c50ea82ae_box00.jpg,61,61,25,17,0,Cataract,0.5516393442622951,0.5032786885245901,0.3175409836065574,0.19819672131147542,0.1,accepted,
test,i_1467_jpg.rf.c8f3e9026d610c4e36b1bc805e845d49.jpg,i_1467_jpg.rf.c8f3e9026d610c4e36b1bc805e845d49_box00.jpg,60,60,22,17,0,Cataract,0.48133333333333334,0.5028333333333334,0.2856666666666667,0.20533333333333334,0.1,accepted,
test,i_1474_jpg.rf.139127ad7364f54eebee6792613325e1.jpg,i_1474_jpg.rf.139127ad7364f54eebee6792613325e1_box00.jpg,58,58,23,17,0,Cataract,0.5103448275862069,0.5070689655172413,0.2994827586206897,0.19724137931034483,0.1,accepted,
test,i_148_jpg.rf.75fc5be846ad17327f73f7ca52868230.jpg,i_148_jpg.rf.75fc5be846ad17327f73f7ca52868230_box00.jpg,232,180,89,90,0,Cataract,0.6075431034482758,0.43455555555555553,0.3160775862068965,0.41233333333333333,0.1,accepted,
test,i_1490_jpg.rf.7287feadd4074fac4198917221fab84d.jpg,i_1490_jpg.rf.7287feadd4074fac4198917221fab84d_box00.jpg,60,60,21,17,0,Cataract,0.5641666666666667,0.5475,0.26916666666666667,0.20283333333333334,0.1,accepted,
test,i_1491_jpg.rf.153397a8fb7ee9c2fb902c5e3f6e9b6e.jpg,i_1491_jpg.rf.153397a8fb7ee9c2fb902c5e3f6e9b6e_box00.jpg,57,57,19,17,0,Cataract,0.537719298245614,0.5401754385964912,0.24789473684210528,0.20912280701754385,0.1,accepted,
test,i_1496_jpg.rf.095605edd1c62276aa7776b0bdd2fce4.jpg,i_1496_jpg.rf.095605edd1c62276aa7776b0bdd2fce4_box00.jpg,54,54,23,18,0,Cataract,0.612962962962963,0.46574074074074073,0.3338888888888889,0.22907407407407407,0.1,accepted,
test,i_1506_jpg.rf.4825a4bacca9bc17c964f25810cd643c.jpg,i_1506_jpg.rf.4825a4bacca9bc17c964f25810cd643c_box00.jpg,70,70,22,15,0,Cataract,0.6411428571428571,0.5911428571428572,0.2432857142857143,0.152,0.1,rejected,min_resolution:22x15<16
test,i_151_jpg.rf.f485c10b7d90a8c32287d04ac6fb8254.jpg,i_151_jpg.rf.f485c10b7d90a8c32287d04ac6fb8254_box00.jpg,295,198,122,108,0,Cataract,0.4335254237288136,0.4557070707070707,0.3425423728813559,0.45070707070707067,0.1,accepted,
test,i_1528_jpg.rf.0d843c47ac739832cbdf03e42fdd0519.jpg,i_1528_jpg.rf.0d843c47ac739832cbdf03e42fdd0519_box00.jpg,55,55,20,19,0,Cataract,0.47018181818181815,0.5318181818181819,0.2770909090909091,0.24636363636363637,0.1,accepted,
test,i_1529_jpg.rf.ea50651daa38689d4d0610c19e433336.jpg,i_1529_jpg.rf.ea50651daa38689d4d0610c19e433336_box00.jpg,59,59,20,18,0,Cataract,0.4606779661016949,0.47779661016949154,0.24864406779661016,0.21864406779661016,0.1,accepted,
test,i_1544_jpg.rf.a8106feeb5a46a320e25fd451a069693.jpg,i_1544_jpg.rf.a8106feeb5a46a320e25fd451a069693_box00.jpg,69,69,25,20,0,Cataract,0.5744927536231884,0.5355072463768117,0.2863768115942029,0.21536231884057971,0.1,accepted,
test,i_1554_jpg.rf.2c426fbe5ae3fdfbc3c5222469eef3de.jpg,i_1554_jpg.rf.2c426fbe5ae3fdfbc3c5222469eef3de_box00.jpg,55,55,21,18,0,Cataract,0.5338181818181819,0.5127272727272727,0.2849090909090909,0.23254545454545453,0.1,accepted,
test,i_1562_jpg.rf.4ddd5ecb3e39edefc7326bb7e4e3f825.jpg,i_1562_jpg.rf.4ddd5ecb3e39edefc7326bb7e4e3f825_box00.jpg,57,57,24,20,0,Cataract,0.5852631578947368,0.5249122807017544,0.33771929824561403,0.2675438596491228,0.1,accepted,
test,i_1564_jpg.rf.d563fb601c5a62f3a52825b09ab90a24.jpg,i_1564_jpg.rf.d563fb601c5a62f3a52825b09ab90a24_box00.jpg,69,69,26,21,0,Cataract,0.6047826086956521,0.518695652173913,0.2985507246376812,0.22826086956521738,0.1,accepted,
test,i_1567_jpg.rf.4d3a5adfc258144029c91ed82bec31b7.jpg,i_1567_jpg.rf.4d3a5adfc258144029c91ed82bec31b7_box00.jpg,51,51,25,18,0,Cataract,0.5974509803921568,0.523921568627451,0.37392156862745096,0.2619607843137255,0.1,accepted,
test,i_156_jpg.rf.e7e8ff67cf345c06c9c5dfde5d49ea50.jpg,i_156_jpg.rf.e7e8ff67cf345c06c9c5dfde5d49ea50_box00.jpg,166,177,46,33,0,Cataract,0.5106626506024096,0.5669491525423729,0.227289156626506,0.1511864406779661,0.1,accepted,
test,i_1579_jpg.rf.2049eb8acb50d7e09d09e78c52368e01.jpg,i_1579_jpg.rf.2049eb8acb50d7e09d09e78c52368e01_box00.jpg,67,67,23,22,0,Cataract,0.5276119402985074,0.4973134328358209,0.2749253731343284,0.24925373134328357,0.1,accepted,
test,i_1581_jpg.rf.f314acf8c554076d23faf8f26be9b160.jpg,i_1581_jpg.rf.f314acf8c554076d23faf8f26be9b160_box00.jpg,53,53,21,20,0,Cataract,0.570377358490566,0.5283018867924528,0.3022641509433962,0.2686792452830189,0.1,accepted,
test,i_1583_jpg.rf.b6fe9dbaffdb4c0d47a03a017469ed42.jpg,i_1583_jpg.rf.b6fe9dbaffdb4c0d47a03a017469ed42_box00.jpg,73,73,27,22,0,Cataract,0.5664383561643835,0.5219178082191781,0.2950684931506849,0.23767123287671235,0.1,accepted,
test,i_1585_jpg.rf.3f3e57682cb1e107cde3377d5d2b9025.jpg,i_1585_jpg.rf.3f3e57682cb1e107cde3377d5d2b9025_box00.jpg,41,41,16,12,0,Cataract,0.5373170731707317,0.5275609756097561,0.26658536585365855,0.16634146341463416,0.1,rejected,min_resolution:16x12<16|min_area:192<256
test,i_1596_jpg.rf.29bea7fd391686240e7959f7afa5ebe7.jpg,i_1596_jpg.rf.29bea7fd391686240e7959f7afa5ebe7_box00.jpg,58,58,23,19,0,Cataract,0.6343103448275862,0.4779310344827586,0.3125862068965517,0.24862068965517242,0.1,accepted,
test,i_178_jpg.rf.f8a52f16319a12affbfea190c5e8392c.jpg,i_178_jpg.rf.f8a52f16319a12affbfea190c5e8392c_box00.jpg,146,126,55,48,0,Cataract,0.4908904109589041,0.45087301587301587,0.30595890410958904,0.3126984126984127,0.1,accepted,
test,i_185_jpg.rf.3e5aa2c4dce162c27e388c835e366baa.jpg,i_185_jpg.rf.3e5aa2c4dce162c27e388c835e366baa_box00.jpg,268,183,138,128,0,Cataract,0.516455223880597,0.48863387978142075,0.42645522388059703,0.5782513661202185,0.1,accepted,
test,i_190_jpg.rf.6f853ec4c6075b9861f942f7006a1cdb.jpg,i_190_jpg.rf.6f853ec4c6075b9861f942f7006a1cdb_box00.jpg,207,171,66,61,0,Cataract,0.5197101449275362,0.5527485380116959,0.2620289855072464,0.2956140350877193,0.1,accepted,
test,i_201_jpg.rf.0692b955c11505e4a7fbac9bf4136914.jpg,i_201_jpg.rf.0692b955c11505e4a7fbac9bf4136914_box00.jpg,229,171,41,26,0,Cataract,0.5987772925764192,0.542514619883041,0.14554585152838428,0.12099415204678364,0.1,accepted,
test,i_214_jpg.rf.c18532575284f155142cd3a5c83a3e37.jpg,i_214_jpg.rf.c18532575284f155142cd3a5c83a3e37_box00.jpg,258,148,115,92,0,Cataract,0.3975193798449613,0.5473648648648649,0.36573643410852713,0.5073648648648649,0.1,accepted,
test,i_249_jpg.rf.fe8cbe1f1fa728a48ba6705f2052baac.jpg,i_249_jpg.rf.fe8cbe1f1fa728a48ba6705f2052baac_box00.jpg,205,152,104,85,0,Cataract,0.6061951219512195,0.48888157894736844,0.4201463414634146,0.46019736842105263,0.1,accepted,
test,i_257_jpg.rf.cede42e27b94110e75e59291bbfa426a.jpg,i_257_jpg.rf.cede42e27b94110e75e59291bbfa426a_box00.jpg,196,177,101,82,0,Cataract,0.4058673469387755,0.49079096045197745,0.42673469387755103,0.37892655367231637,0.1,accepted,
test,i_259_jpg.rf.2677d64fc5d3bc9d3a531872889dae29.jpg,i_259_jpg.rf.2677d64fc5d3bc9d3a531872889dae29_box00.jpg,358,217,118,105,0,Cataract,0.5048603351955308,0.5097695852534563,0.2720949720670391,0.3999539170506913,0.1,accepted,
test,i_264_jpg.rf.c51e4c555c4e4edcb97482f2a0cd3480.jpg,i_264_jpg.rf.c51e4c555c4e4edcb97482f2a0cd3480_box00.jpg,232,146,113,94,0,Cataract,0.5401724137931034,0.4634931506849315,0.4039655172413793,0.5300684931506849,0.1,accepted,
test,i_278_jpg.rf.35a8011b2535eb31ba8deec14df92d6a.jpg,i_278_jpg.rf.35a8011b2535eb31ba8deec14df92d6a_box00.jpg,247,189,96,87,0,Cataract,0.5273279352226721,0.5576190476190476,0.32186234817813764,0.37804232804232807,0.1,accepted,
test,i_29_jpg.rf.3861995d251ad471be7dd6bd6e95c982.jpg,i_29_jpg.rf.3861995d251ad471be7dd6bd6e95c982_box00.jpg,311,181,114,87,0,Cataract,0.5660128617363344,0.6514917127071823,0.3052090032154341,0.39618784530386736,0.1,accepted,
test,i_313_jpg.rf.6d349cf24e528e6aae97dceb6bdc357d.jpg,i_313_jpg.rf.6d349cf24e528e6aae97dceb6bdc357d_box00.jpg,301,238,140,123,0,Cataract,0.5288039867109634,0.5180672268907562,0.3848172757475083,0.4251260504201681,0.1,accepted,
test,i_332_jpg.rf.96b9af83a0ed1033cf1e98bb387d80ee.jpg,i_332_jpg.rf.96b9af83a0ed1033cf1e98bb387d80ee_box00.jpg,88,76,81,62,0,Cataract,0.4696590909090909,0.5261842105263158,0.7621590909090908,0.6769736842105264,0.1,accepted,
test,i_334_jpg.rf.675a62f645ddb1a94a04c727bf237fab.jpg,i_334_jpg.rf.675a62f645ddb1a94a04c727bf237fab_box00.jpg,301,238,148,105,0,Cataract,0.4793023255813954,0.5114705882352941,0.4062790697674419,0.36470588235294116,0.1,accepted,
test,i_355_jpg.rf.534110e308e5bde0a80a001279b454f6.jpg,i_355_jpg.rf.534110e308e5bde0a80a001279b454f6_box00.jpg,328,262,231,221,0,Cataract,0.4972865853658537,0.4905725190839695,0.5840243902439024,0.6995419847328245,0.1,accepted,
test,i_377_jpg.rf.55f4bb37c19a9357cd8cade0763da564.jpg,i_377_jpg.rf.55f4bb37c19a9357cd8cade0763da564_box00.jpg,426,411,391,352,0,Cataract,0.46079812206572773,0.48832116788321167,0.7633568075117371,0.7116301703163017,0.1,accepted,
test,i_38_jpg.rf.4beaf2ceed17ef90f52563ad94c0fa2b.jpg,i_38_jpg.rf.4beaf2ceed17ef90f52563ad94c0fa2b_box00.jpg,516,368,276,260,0,Cataract,0.5171124031007751,0.46543478260869564,0.44509689922480616,0.5866576086956521,0.1,accepted,
test,i_395_png.rf.23dde87f26c1b64946099638b61835da.jpg,i_395_png.rf.23dde87f26c1b64946099638b61835da_box00.jpg,120,80,41,31,0,Cataract,0.5387500000000001,0.44037499999999996,0.2755,0.3165,0.1,accepted,
test,i_399_png.rf.c2d33f0692018fb6d58a432dab5076ca.jpg,i_399_png.rf.c2d33f0692018fb6d58a432dab5076ca_box00.jpg,120,80,41,38,0,Cataract,0.44358333333333333,0.512875,0.27599999999999997,0.39375,0.1,accepted,
test,i_406_png.rf.9d21875edf805cbc7db769952b9a5d06.jpg,i_406_png.rf.9d21875edf805cbc7db769952b9a5d06_box00.jpg,120,80,33,33,0,Cataract,0.5725833333333333,0.41637500000000005,0.21933333333333332,0.32975,0.1,accepted,
test,i_413_png.rf.9f815be07b701ff0d5079813510de3aa.jpg,i_413_png.rf.9f815be07b701ff0d5079813510de3aa_box00.jpg,120,80,38,33,0,Cataract,0.48683333333333334,0.5041249999999999,0.258,0.33137500000000003,0.1,accepted,
test,i_439_png.rf.b0b6124329b10a56cc2e0d4093e8d82f.jpg,i_439_png.rf.b0b6124329b10a56cc2e0d4093e8d82f_box00.jpg,120,80,43,33,0,Cataract,0.5105833333333334,0.43187499999999995,0.2891666666666667,0.3295,0.1,accepted,
test,i_446_png.rf.408f471a0bbb2cfe724ab62065e62dc2.jpg,i_446_png.rf.408f471a0bbb2cfe724ab62065e62dc2_box00.jpg,120,80,43,33,0,Cataract,0.53425,0.43187499999999995,0.2903333333333334,0.33987500000000004,0.1,accepted,
test,i_44_jpg.rf.3ab8b4ff83596b25a395095e8031e419.jpg,i_44_jpg.rf.3ab8b4ff83596b25a395095e8031e419_box00.jpg,304,272,125,82,0,Cataract,0.5458881578947368,0.4523529411764706,0.3399013157894737,0.24819852941176473,0.1,accepted,
test,i_454_png.rf.762d6263905aea5cff8c3822c5f701d3.jpg,i_454_png.rf.762d6263905aea5cff8c3822c5f701d3_box00.jpg,120,80,38,34,0,Cataract,0.5711666666666667,0.54025,0.2569166666666666,0.339125,0.1,accepted,
test,i_458_png.rf.d24aaa31078c298f1212ae2d482a3677.jpg,i_458_png.rf.d24aaa31078c298f1212ae2d482a3677_box00.jpg,120,80,38,35,0,Cataract,0.5668333333333333,0.376125,0.25866666666666666,0.354625,0.1,accepted,
test,i_45_jpg.rf.5621c1d59f2363c1d5a53083a77b5fcf.jpg,i_45_jpg.rf.5621c1d59f2363c1d5a53083a77b5fcf_box00.jpg,188,156,108,81,0,Cataract,0.5652659574468085,0.40025641025641023,0.4751595744680851,0.4244230769230769,0.1,accepted,
test,i_460_png.rf.7506b40c5ca53083fd6c42f1ee638bf1.jpg,i_460_png.rf.7506b40c5ca53083fd6c42f1ee638bf1_box00.jpg,120,80,39,39,0,Cataract,0.57175,0.43862500000000004,0.2604166666666667,0.39637500000000003,0.1,accepted,
test,i_471_png.rf.3131f130ed1a32b41d0936f779bf99ad.jpg,i_471_png.rf.3131f130ed1a32b41d0936f779bf99ad_box00.jpg,120,80,40,32,0,Cataract,0.5379166666666666,0.572375,0.27025,0.32,0.1,accepted,
test,i_501_png.rf.f9bfe5d452024dc436a68568bb6ae035.jpg,i_501_png.rf.f9bfe5d452024dc436a68568bb6ae035_box00.jpg,120,80,36,39,0,Cataract,0.5393333333333333,0.472875,0.24191666666666667,0.39375,0.1,accepted,
test,i_509_png.rf.493e8893be77d5d4b633987a5da92b7b.jpg,i_509_png.rf.493e8893be77d5d4b633987a5da92b7b_box00.jpg,120,80,32,35,0,Cataract,0.43925000000000003,0.495875,0.21525,0.35475,0.1,accepted,
test,i_519_png.rf.a8acd5f5289d0cb0b9e6bb4d1055e7d9.jpg,i_519_png.rf.a8acd5f5289d0cb0b9e6bb4d1055e7d9_box00.jpg,120,80,41,34,0,Cataract,0.47975,0.514125,0.28008333333333335,0.34950000000000003,0.1,accepted,
test,i_535_png.rf.cd9f4b32c8a3d2c3dae41e056d6e972b.jpg,i_535_png.rf.cd9f4b32c8a3d2c3dae41e056d6e972b_box00.jpg,120,80,34,29,0,Cataract,0.47625,0.43562500000000004,0.2338333333333333,0.29125,0.1,accepted,
test,i_558_png.rf.0d5f10c47904f0992702adbfbd099164.jpg,i_558_png.rf.0d5f10c47904f0992702adbfbd099164_box00.jpg,120,80,39,28,0,Cataract,0.4858333333333333,0.623625,0.26333333333333336,0.28700000000000003,0.1,accepted,
test,i_592_png.rf.76d0d339fae5251350040a4029014eba.jpg,i_592_png.rf.76d0d339fae5251350040a4029014eba_box00.jpg,120,80,42,27,0,Cataract,0.51125,0.626125,0.28650000000000003,0.27137500000000003,0.1,accepted,
test,i_593_png.rf.f8747b2947c67e5742c41ac2e965e3b1.jpg,i_593_png.rf.f8747b2947c67e5742c41ac2e965e3b1_box00.jpg,120,80,37,28,0,Cataract,0.5150833333333333,0.565375,0.24883333333333332,0.28525,0.1,accepted,
test,i_597_png.rf.a5cd1da72bcecd03fedd891eb6cccce7.jpg,i_597_png.rf.a5cd1da72bcecd03fedd891eb6cccce7_box00.jpg,120,80,35,24,0,Cataract,0.5155833333333333,0.6535,0.2360833333333333,0.23762500000000003,0.1,accepted,
test,i_59_jpg.rf.8958eecf834beaf79e43d134e44b14d0.jpg,i_59_jpg.rf.8958eecf834beaf79e43d134e44b14d0_box00.jpg,179,133,50,42,0,Cataract,0.4899441340782123,0.5235338345864662,0.22860335195530726,0.25721804511278196,0.1,accepted,
test,i_601_png.rf.9c53ffc96d700a82425aa564c50409f4.jpg,i_601_png.rf.9c53ffc96d700a82425aa564c50409f4_box00.jpg,120,80,38,29,0,Cataract,0.5165,0.614875,0.25525,0.2905,0.1,accepted,
test,i_603_png.rf.2e2c937df86cc6ae8a05e7c1cc218a27.jpg,i_603_png.rf.2e2c937df86cc6ae8a05e7c1cc218a27_box00.jpg,120,80,38,25,0,Cataract,0.54975,0.634375,0.26275,0.2515,0.1,accepted,
test,i_637_png.rf.4bb3542d3bfb42253092233f52cd85d8.jpg,i_637_png.rf.4bb3542d3bfb42253092233f52cd85d8_box00.jpg,120,80,41,30,0,Cataract,0.42133333333333334,0.47775,0.2765833333333333,0.30775,0.1,accepted,
test,i_638_png.rf.8e504683f9d703b24005614ec3a815a6.jpg,i_638_png.rf.8e504683f9d703b24005614ec3a815a6_box00.jpg,120,80,44,31,0,Cataract,0.4756666666666666,0.534125,0.29741666666666666,0.3165,0.1,accepted,
test,i_668_png.rf.197537b7b6815ae54f85004458a879ad.jpg,i_668_png.rf.197537b7b6815ae54f85004458a879ad_box00.jpg,120,80,42,32,0,Cataract,0.5011666666666666,0.4525,0.28358333333333335,0.32,0.1,accepted,
test,i_670_png.rf.abcd9ec1d203bb65f549e3e5785b8837.jpg,i_670_png.rf.abcd9ec1d203bb65f549e3e5785b8837_box00.jpg,120,80,47,31,0,Cataract,0.4791666666666667,0.4925,0.316,0.306125,0.1,accepted,
test,i_684_png.rf.79900bf58f4248832278682ef8444a17.jpg,i_684_png.rf.79900bf58f4248832278682ef8444a17_box00.jpg,120,80,45,28,0,Cataract,0.5011666666666666,0.552375,0.30441666666666667,0.276625,0.1,accepted,
test,i_689_png.rf.4b8859488db115cfb8cf624d7bd7c3f0.jpg,i_689_png.rf.4b8859488db115cfb8cf624d7bd7c3f0_box00.jpg,120,80,40,33,0,Cataract,0.4756666666666666,0.456375,0.2743333333333334,0.333,0.1,accepted,
test,i_693_png.rf.7ebde620228b9bce0bd425f8b683b98f.jpg,i_693_png.rf.7ebde620228b9bce0bd425f8b683b98f_box00.jpg,120,80,43,31,0,Cataract,0.44708333333333333,0.5193749999999999,0.28991666666666666,0.307875,0.1,accepted,
test,i_6_jpg.rf.656e7db6074c5e9a96d62604fdc7e0cf.jpg,i_6_jpg.rf.656e7db6074c5e9a96d62604fdc7e0cf_box00.jpg,254,183,121,97,0,Cataract,0.48933070866141737,0.5159562841530054,0.3937007874015748,0.440327868852459,0.1,accepted,
test,i_712_png.rf.be485985a1c374efde8f050b1a6211c8.jpg,i_712_png.rf.be485985a1c374efde8f050b1a6211c8_box00.jpg,120,80,40,33,0,Cataract,0.4765833333333333,0.459875,0.27025,0.3295,0.1,accepted,
test,i_722_png.rf.08e2698a95b5eeeceb6c799f2aa227c4.jpg,i_722_png.rf.08e2698a95b5eeeceb6c799f2aa227c4_box00.jpg,120,80,36,32,0,Cataract,0.4421666666666667,0.46125,0.24883333333333332,0.32687499999999997,0.1,accepted,
test,i_738_png.rf.9018a25e02325075ac196fcf00e7b682.jpg,i_738_png.rf.9018a25e02325075ac196fcf00e7b682_box00.jpg,120,80,39,35,0,Cataract,0.5069166666666667,0.45512499999999995,0.26508333333333334,0.346,0.1,accepted,
test,i_759_png.rf.e80459e7817111b45e438e9134b0e333.jpg,i_759_png.rf.e80459e7817111b45e438e9134b0e333_box00.jpg,120,80,37,32,0,Cataract,0.46991666666666665,0.50075,0.24883333333333332,0.317375,0.1,accepted,
test,i_773_png.rf.42c324c1dc2203b2f475d1f4b9daddd8.jpg,i_773_png.rf.42c324c1dc2203b2f475d1f4b9daddd8_box00.jpg,120,80,39,28,0,Cataract,0.5625,0.53325,0.2673333333333333,0.2835,0.1,accepted,
test,i_783_png.rf.2fa31eec08f6aeb64c35c1fc9db2c2ed.jpg,i_783_png.rf.2fa31eec08f6aeb64c35c1fc9db2c2ed_box00.jpg,120,80,36,27,0,Cataract,0.4589166666666667,0.5353749999999999,0.24766666666666665,0.26875,0.1,accepted,
test,i_784_png.rf.6ab0dd652d8ad4038020c7ca1f3e5765.jpg,i_784_png.rf.6ab0dd652d8ad4038020c7ca1f3e5765_box00.jpg,120,80,35,32,0,Cataract,0.46875,0.488125,0.23958333333333334,0.328625,0.1,accepted,
test,i_790_png.rf.de611ac9afac12af5d79b65d822e417d.jpg,i_790_png.rf.de611ac9afac12af5d79b65d822e417d_box00.jpg,120,80,41,32,0,Cataract,0.4901666666666667,0.48637499999999995,0.2755,0.31475,0.1,accepted,
test,i_795_png.rf.81a18b362be79c15ad064f738550c38c.jpg,i_795_png.rf.81a18b362be79c15ad064f738550c38c_box00.jpg,120,80,38,30,0,Cataract,0.5584166666666667,0.48637499999999995,0.25233333333333335,0.293875,0.1,accepted,
test,i_817_png.rf.e83d66278a335088237317666feaef8e.jpg,i_817_png.rf.e83d66278a335088237317666feaef8e_box00.jpg,120,80,35,29,0,Cataract,0.5451666666666667,0.506375,0.23958333333333334,0.29225,0.1,accepted,
test,i_836_png.rf.12f8e4b7960d8cc5953a9ff25fce823f.jpg,i_836_png.rf.12f8e4b7960d8cc5953a9ff25fce823f_box00.jpg,120,80,37,26,0,Cataract,0.5208333333333334,0.44775,0.24883333333333332,0.26349999999999996,0.1,accepted,
test,i_842_png.rf.85edf9816b76d4dc9dc725a660215f0d.jpg,i_842_png.rf.85edf9816b76d4dc9dc725a660215f0d_box00.jpg,120,80,38,28,0,Cataract,0.5491666666666667,0.4525,0.25466666666666665,0.27825,0.1,accepted,
test,i_845_png.rf.35a42629abb52217e9d7b743a21e71f8.jpg,i_845_png.rf.35a42629abb52217e9d7b743a21e71f8_box00.jpg,120,80,33,25,0,Cataract,0.45425,0.45462499999999995,0.21758333333333332,0.246125,0.1,accepted,
test,i_848_png.rf.81d3f7076b04141cd7a03e2fdde38d29.jpg,i_848_png.rf.81d3f7076b04141cd7a03e2fdde38d29_box00.jpg,120,80,35,28,0,Cataract,0.4965,0.413375,0.2326666666666667,0.273,0.1,accepted,
test,i_868_png.rf.7c9a9bf9223398f076f56803f2055808.jpg,i_868_png.rf.7c9a9bf9223398f076f56803f2055808_box00.jpg,120,80,39,23,0,Cataract,0.50575,0.50975,0.26508333333333334,0.22625,0.1,accepted,
test,i_871_png.rf.071bb7f1810db66b34088564455b8003.jpg,i_871_png.rf.071bb7f1810db66b34088564455b8003_box00.jpg,120,80,36,24,0,Cataract,0.5347500000000001,0.48674999999999996,0.2465,0.227,0.1,accepted,
test,i_875_png.rf.12488932257db864d2e265f67a5eb870.jpg,i_875_png.rf.12488932257db864d2e265f67a5eb870_box00.jpg,120,80,37,24,0,Cataract,0.52025,0.515,0.25233333333333335,0.24362499999999998,0.1,accepted,
test,i_879_png.rf.6c107de27c207faec4ed54b4cbc77f7f.jpg,i_879_png.rf.6c107de27c207faec4ed54b4cbc77f7f_box00.jpg,120,80,38,19,0,Cataract,0.5275,0.507625,0.25633333333333336,0.182,0.1,accepted,
test,i_883_png.rf.fb647f091381efbbeff4e695e6f0c876.jpg,i_883_png.rf.fb647f091381efbbeff4e695e6f0c876_box00.jpg,120,80,35,23,0,Cataract,0.535,0.39437500000000003,0.23666666666666666,0.234875,0.1,accepted,
test,i_887_png.rf.97d4f0b1122c406f4f13e8a72e66b40d.jpg,i_887_png.rf.97d4f0b1122c406f4f13e8a72e66b40d_box00.jpg,120,80,35,29,0,Cataract,0.48816666666666664,0.518875,0.24016666666666667,0.30175,0.1,accepted,
test,i_892_png.rf.e21be302cc910183d93cb525b7d8b018.jpg,i_892_png.rf.e21be302cc910183d93cb525b7d8b018_box00.jpg,120,80,36,30,0,Cataract,0.5084166666666666,0.492,0.239,0.3,0.1,accepted,
test,i_902_png.rf.f01302e1e5e605a876692b3574816797.jpg,i_902_png.rf.f01302e1e5e605a876692b3574816797_box00.jpg,120,80,40,31,0,Cataract,0.5179166666666667,0.494625,0.2685,0.30525,0.1,accepted,
test,i_90_jpg.rf.9486a8180c8ea043aab729f26f9573e2.jpg,i_90_jpg.rf.9486a8180c8ea043aab729f26f9573e2_box00.jpg,312,239,201,180,0,Cataract,0.5625641025641026,0.49020920502092047,0.5321794871794872,0.6230125523012553,0.1,accepted,
test,i_921_png.rf.0642eacdba39690def8a5f338e24e1ba.jpg,i_921_png.rf.0642eacdba39690def8a5f338e24e1ba_box00.jpg,120,80,37,28,0,Cataract,0.42908333333333337,0.48512500000000003,0.2540833333333333,0.286125,0.1,accepted,
test,i_929_png.rf.a51df2c0651f970806bf33a7f73e8abf.jpg,i_929_png.rf.a51df2c0651f970806bf33a7f73e8abf_box00.jpg,120,80,35,28,0,Cataract,0.5700000000000001,0.48375,0.23841666666666667,0.27825,0.1,accepted,
test,i_933_png.rf.7a390e2c3b06fdf8867f2aa17e5a4031.jpg,i_933_png.rf.7a390e2c3b06fdf8867f2aa17e5a4031_box00.jpg,120,80,34,28,0,Cataract,0.5491666666666667,0.49762500000000004,0.22683333333333333,0.28525,0.1,accepted,
test,i_936_png.rf.3281956e1f9b4bdb0f9341e0323d8fd8.jpg,i_936_png.rf.3281956e1f9b4bdb0f9341e0323d8fd8_box00.jpg,120,80,36,28,0,Cataract,0.4860833333333333,0.464625,0.24425,0.28175,0.1,accepted,
test,i_941_png.rf.bb9a77e91848a1007777e00909f40c31.jpg,i_941_png.rf.bb9a77e91848a1007777e00909f40c31_box00.jpg,120,80,38,27,0,Cataract,0.45691666666666664,0.481125,0.261,0.262625,0.1,accepted,
test,i_951_png.rf.b0d7b67ec10916ce3828745c84ddf56b.jpg,i_951_png.rf.b0d7b67ec10916ce3828745c84ddf56b_box00.jpg,120,80,39,27,0,Cataract,0.4875833333333333,0.5549999999999999,0.26675,0.274875,0.1,accepted,
test,i_961_png.rf.84c2dc3aacbff328a0208494d7d01bdf.jpg,i_961_png.rf.84c2dc3aacbff328a0208494d7d01bdf_box00.jpg,120,80,38,27,0,Cataract,0.5419166666666667,0.517625,0.26216666666666666,0.273125,0.1,accepted,
test,i_962_png.rf.0af52ec1000d32d5da2b101a607c8c83.jpg,i_962_png.rf.0af52ec1000d32d5da2b101a607c8c83_box00.jpg,120,80,39,30,0,Cataract,0.45541666666666664,0.47725,0.26158333333333333,0.30175,0.1,accepted,
test,i_964_png.rf.53c832c85d8b9c7d9083f27c2fe8081e.jpg,i_964_png.rf.53c832c85d8b9c7d9083f27c2fe8081e_box00.jpg,120,80,35,32,0,Cataract,0.4548333333333333,0.5197499999999999,0.23958333333333334,0.32437499999999997,0.1,accepted,
test,i_967_jpg.rf.5a8e1752a4063c1d348f188946b4e97c.jpg,i_967_jpg.rf.5a8e1752a4063c1d348f188946b4e97c_box00.jpg,60,60,22,19,0,Cataract,0.5833333333333334,0.5185,0.28650000000000003,0.23316666666666666,0.1,accepted,
test,i_973_jpg.rf.e890f38a0b9e89d9c6a9c44a056867a7.jpg,i_973_jpg.rf.e890f38a0b9e89d9c6a9c44a056867a7_box00.jpg,52,52,19,18,0,Cataract,0.5053846153846154,0.49653846153846154,0.2728846153846154,0.2517307692307692,0.1,accepted,
test,i_976_jpg.rf.9212a18be8a559ecf436ef4f4d4dc7d5.jpg,i_976_jpg.rf.9212a18be8a559ecf436ef4f4d4dc7d5_box00.jpg,46,46,18,16,0,Cataract,0.5876086956521739,0.5167391304347826,0.2741304347826087,0.2458695652173913,0.1,accepted,
test,i_993_jpg.rf.e0af3ab3e4f4ab0a51f0a611291d5537.jpg,i_993_jpg.rf.e0af3ab3e4f4ab0a51f0a611291d5537_box00.jpg,44,44,16,14,0,Cataract,0.6186363636363637,0.520909090909091,0.2604545454545455,0.21477272727272725,0.1,rejected,min_resolution:16x14<16|min_area:224<256
test,i_997_jpg.rf.55c7b971c12554b917f45456175427a0.jpg,i_997_jpg.rf.55c7b971c12554b917f45456175427a0_box00.jpg,42,42,20,17,0,Cataract,0.5469047619047619,0.5304761904761905,0.3507142857142857,0.2742857142857143,0.1,accepted,
test,image_100_png.rf.99674397331552211665347c473975c4.jpg,image_100_png.rf.99674397331552211665347c473975c4_box00.jpg,640,407,210,208,1,Normal,0.3875,0.49385749385749383,0.2734375,0.4250614250614251,0.1,accepted,
test,image_109_png.rf.e83f373323cbc72b9a855b91f9d823cc.jpg,image_109_png.rf.e83f373323cbc72b9a855b91f9d823cc_box00.jpg,640,460,192,180,1,Normal,0.45625,0.5108695652173914,0.25,0.3239130434782609,0.1,accepted,
test,image_112_png.rf.5389779471f1c01595fa11232a297683.jpg,image_112_png.rf.5389779471f1c01595fa11232a297683_box00.jpg,418,640,156,174,1,Normal,0.45215311004784686,0.471875,0.30861244019138756,0.2265625,0.1,accepted,
test,image_115_png.rf.b1d5edb1f3018cdd7ed5a295cbec97d0.jpg,image_115_png.rf.b1d5edb1f3018cdd7ed5a295cbec97d0_box00.jpg,640,452,146,106,1,Normal,0.540625,0.5929203539823009,0.1890625,0.19469026548672566,0.1,accepted,
test,image_118_png.rf.6329041d2d58f9a6df90656dfacdb047.jpg,image_118_png.rf.6329041d2d58f9a6df90656dfacdb047_box00.jpg,640,473,162,160,1,Normal,0.465625,0.492600422832981,0.209375,0.28118393234672306,0.1,accepted,
test,image_133_png.rf.8aefb5dbecf5f5bc0075c56f302a95a2.jpg,image_133_png.rf.8aefb5dbecf5f5bc0075c56f302a95a2_box00.jpg,640,425,384,369,0,Cataract,0.515625,0.571764705882353,0.5,0.731764705882353,0.1,accepted,
test,image_141_png.rf.07509ac502a60aa52eaf9fdde978404b.jpg,image_141_png.rf.07509ac502a60aa52eaf9fdde978404b_box00.jpg,640,426,206,194,0,Cataract,0.471875,0.45774647887323944,0.2671875,0.3779342723004695,0.1,accepted,
test,image_145_png.rf.4f0c7911536da2fb0558866d41bef491.jpg,image_145_png.rf.4f0c7911536da2fb0558866d41bef491_box00.jpg,640,380,244,200,1,Normal,0.484375,0.4789473684210526,0.3171875,0.4368421052631579,0.1,accepted,
test,image_151_png.rf.39dff4cac3f8d44e4432fa692458d570.jpg,image_151_png.rf.39dff4cac3f8d44e4432fa692458d570_box00.jpg,640,465,472,409,0,Cataract,0.4171875,0.42795698924731185,0.6140625,0.7505376344086021,0.1,accepted,
test,image_161_png.rf.fc52818f14791fd3c980d7f0feea1080.jpg,image_161_png.rf.fc52818f14791fd3c980d7f0feea1080_box00.jpg,640,400,198,142,0,Cataract,0.4015625,0.48,0.2578125,0.295,0.1,accepted,
test,image_164_png.rf.ed23f21d2f95a36121d208a844f4a0ba.jpg,image_164_png.rf.ed23f21d2f95a36121d208a844f4a0ba_box00.jpg,640,449,229,178,0,Cataract,0.5046875,0.5657015590200446,0.296875,0.32962138084632514,0.1,accepted,
test,image_170_png.rf.1e3e8dc3ae05b637e5d0103ab018bb92.jpg,image_170_png.rf.1e3e8dc3ae05b637e5d0103ab018bb92_box00.jpg,640,416,432,374,0,Cataract,0.4640625,0.43990384615384615,0.5609375,0.7620192307692307,0.1,accepted,
test,image_181_png.rf.fd2c69e43c535920b4992b5722f28e46.jpg,image_181_png.rf.fd2c69e43c535920b4992b5722f28e46_box00.jpg,640,458,415,424,0,Cataract,0.528125,0.5240174672489083,0.5390625,0.7685589519650655,0.1,accepted,
test,image_182_png.rf.72878ad4e1a09f71eff688c13086037b.jpg,image_182_png.rf.72878ad4e1a09f71eff688c13086037b_box00.jpg,640,416,408,400,0,Cataract,0.4765625,0.4879807692307692,0.53125,0.7980769230769231,0.1,accepted,
test,image_188_png.rf.cf9cc43c00721fbb86fc8ed073824bde.jpg,image_188_png.rf.cf9cc43c00721fbb86fc8ed073824bde_box00.jpg,640,424,426,394,1,Normal,0.509375,0.4363207547169811,0.553125,0.8183962264150944,0.1,accepted,
test,image_205_png.rf.b6a73addc912d36ba0606769c4a4847c.jpg,image_205_png.rf.b6a73addc912d36ba0606769c4a4847c_box00.jpg,524,640,174,156,1,Normal,0.4389312977099237,0.6234375,0.2748091603053435,0.203125,0.1,accepted,
test,image_206_png.rf.b29430585c8159582492a29332ba9dba.jpg,image_206_png.rf.b29430585c8159582492a29332ba9dba_box00.jpg,640,426,256,252,1,Normal,0.4,0.5,0.3328125,0.49295774647887325,0.1,accepted,
test,image_209_png.rf.5a1bc5e126f106e8cf5a7aa82e2208d5.jpg,image_209_png.rf.5a1bc5e126f106e8cf5a7aa82e2208d5_box00.jpg,640,303,258,200,0,Cataract,0.5296875,0.4389438943894389,0.334375,0.5478547854785478,0.1,accepted,
test,image_20_png.rf.e41e360967a19cca8e5862af421b3622.jpg,image_20_png.rf.e41e360967a19cca8e5862af421b3622_box00.jpg,640,438,180,126,1,Normal,0.528125,0.6095890410958904,0.234375,0.23972602739726026,0.1,accepted,
test,image_214_png.rf.6e4a526b47c985490a3359d210db6737.jpg,image_214_png.rf.6e4a526b47c985490a3359d210db6737_box00.jpg,640,479,482,423,0,Cataract,0.5046875,0.5615866388308977,0.6265625,0.7390396659707724,0.1,accepted,
test,image_241_png.rf.392ba6d7e8360065f420f145c3acf913.jpg,image_241_png.rf.392ba6d7e8360065f420f145c3acf913_box00.jpg,640,445,270,256,1,Normal,0.5015625,0.3752808988764045,0.35,0.4786516853932584,0.1,accepted,
test,image_250_png.rf.08f3b1e53fcef68af497e9708dc044f8.jpg,image_250_png.rf.08f3b1e53fcef68af497e9708dc044f8_box00.jpg,640,512,204,170,1,Normal,0.50625,0.640625,0.2640625,0.275390625,0.1,accepted,
test,image_258_png.rf.7f7ad559c52c86667195fdebf8e6f36f.jpg,image_258_png.rf.7f7ad559c52c86667195fdebf8e6f36f_box00.jpg,640,387,220,192,1,Normal,0.475,0.4883720930232558,0.2859375,0.4134366925064599,0.1,accepted,
test,image_259_png.rf.322847f5991f124c8ef066c7c6f1de8f.jpg,image_259_png.rf.322847f5991f124c8ef066c7c6f1de8f_box00.jpg,640,496,208,172,1,Normal,0.5140625,0.4536290322580645,0.26875,0.2862903225806452,0.1,accepted,
test,image_260_png.rf.fbe9a61b73516a4455116001c5af6503.jpg,image_260_png.rf.fbe9a61b73516a4455116001c5af6503_box00.jpg,608,640,188,156,1,Normal,0.4769736842105263,0.603125,0.2565789473684211,0.203125,0.1,accepted,
test,image_261_png.rf.ba3de21d923ff81d2e40ad4fa29a9dc6.jpg,image_261_png.rf.ba3de21d923ff81d2e40ad4fa29a9dc6_box00.jpg,640,640,202,160,1,Normal,0.484375,0.603125,0.2625,0.2078125,0.1,accepted,
test,image_271_png.rf.8ac0ed0601e6c010487beabef1f0b8e2.jpg,image_271_png.rf.8ac0ed0601e6c010487beabef1f0b8e2_box00.jpg,640,465,222,184,0,Cataract,0.5421875,0.5483870967741935,0.2875,0.32688172043010755,0.1,accepted,
test,image_284_png.rf.b0c13c5aedd315f4f11356116dc61c83.jpg,image_284_png.rf.b0c13c5aedd315f4f11356116dc61c83_box00.jpg,640,640,228,216,1,Normal,0.4953125,0.4828125,0.2953125,0.28125,0.1,accepted,
test,image_285_png.rf.88e74b3ef56a890c7e62c89fdff0ff7c.jpg,image_285_png.rf.88e74b3ef56a890c7e62c89fdff0ff7c_box00.jpg,640,343,160,160,1,Normal,0.5796875,0.5714285714285714,0.2078125,0.3848396501457726,0.1,accepted,
test,image_285_png.rf.f3c8df4c2743321d9e73bad831dbc27b.jpg,image_285_png.rf.f3c8df4c2743321d9e73bad831dbc27b_box00.jpg,640,392,64,52,0,Cataract,0.215625,0.4005102040816326,0.08125,0.1096938775510204,0.1,accepted,
test,image_286_png.rf.caf8e01024e7ec0d05eaa15b198e7246.jpg,image_286_png.rf.caf8e01024e7ec0d05eaa15b198e7246_box00.jpg,640,439,198,160,0,Cataract,0.396875,0.46924829157175396,0.25625,0.30068337129840544,0.1,accepted,
test,image_290_png.rf.923277753cee78e39a3add1e0a1f3030.jpg,image_290_png.rf.923277753cee78e39a3add1e0a1f3030_box00.jpg,640,436,170,148,1,Normal,0.5109375,0.6169724770642202,0.2203125,0.28211009174311924,0.1,accepted,
test,image_2_png.rf.d538ac50ef7b9351846999c3e07d1ff2.jpg,image_2_png.rf.d538ac50ef7b9351846999c3e07d1ff2_box00.jpg,640,266,112,76,0,Cataract,0.55625,0.46616541353383456,0.14375,0.23308270676691728,0.1,accepted,
test,image_41_png.rf.15f4b242a45065d81a48cc668a75aae3.jpg,image_41_png.rf.15f4b242a45065d81a48cc668a75aae3_box00.jpg,640,360,198,162,1,Normal,0.5578125,0.46111111111111114,0.25625,0.37222222222222223,0.1,accepted,
test,image_59_png.rf.3c290697fc333c6f8bac21babf12db2e.jpg,image_59_png.rf.3c290697fc333c6f8bac21babf12db2e_box00.jpg,640,318,192,136,1,Normal,0.465625,0.4937106918238994,0.2484375,0.3553459119496855,0.1,accepted,
test,image_5_png.rf.0fe80d7fa842d27d1da883f7f34309f1.jpg,image_5_png.rf.0fe80d7fa842d27d1da883f7f34309f1_box00.jpg,640,380,208,174,1,Normal,0.5171875,0.5736842105263158,0.26875,0.3815789473684211,0.1,accepted,
test,image_60_png.rf.69a03e4ef0df22feb12c210e96349093.jpg,image_60_png.rf.69a03e4ef0df22feb12c210e96349093_box00.jpg,640,405,250,188,1,Normal,0.4171875,0.43950617283950616,0.3234375,0.3851851851851852,0.1,accepted,
test,image_68_png.rf.5b4d3dc0fabaf44669e62d5e2bc23e44.jpg,image_68_png.rf.5b4d3dc0fabaf44669e62d5e2bc23e44_box00.jpg,640,640,262,182,0,Cataract,0.5078125,0.465625,0.340625,0.2359375,0.1,accepted,
test,image_68_png.rf.76c15b89ecb473af5896933a62223ce2.jpg,image_68_png.rf.76c15b89ecb473af5896933a62223ce2_box00.jpg,640,466,162,133,1,Normal,0.4546875,0.5064377682403434,0.209375,0.23605150214592274,0.1,accepted,
test,image_82_png.rf.9e52e2b4dfab4cc666f26d462000ccd7.jpg,image_82_png.rf.9e52e2b4dfab4cc666f26d462000ccd7_box00.jpg,640,368,206,160,1,Normal,0.4578125,0.46195652173913043,0.2671875,0.36141304347826086,0.1,accepted,
test,image_97_png.rf.bdfc8e9d76d7e835fd0e181c8ab78f8f.jpg,image_97_png.rf.bdfc8e9d76d7e835fd0e181c8ab78f8f_box00.jpg,640,386,210,148,1,Normal,0.4515625,0.4585492227979275,0.2734375,0.31865284974093266,0.1,accepted,
test,image_9_png.rf.ee1f95ca52c616a54407ae57acf9fae0.jpg,image_9_png.rf.ee1f95ca52c616a54407ae57acf9fae0_box00.jpg,640,247,162,86,1,Normal,0.5265625,0.3319838056680162,0.2109375,0.2874493927125506,0.1,accepted,
